url,url_length,hostname_length,path_length,num_dots,num_hyphens,num_underscores,num_slashes,num_question_marks,num_equal_signs,num_at_symbols,num_ampersands,num_digits,num_percent,digit_ratio,num_subdomains,has_ip_address,has_https,has_port,is_shortened,has_suspicious_words,num_suspicious_words,brand_name_in_subdomain,shannon_entropy,longest_word_length,tld_suspicious,label
https://docker.com/account/account?q=mih6m,42,10,16,1,0,0,4,1,1,0,0,1,0,0.023809523809523808,0,0,1,0,0,1,1,0,4.1479,7,0,0
http://office365.com@office365.com-0hxef.zip/unlock,51,23,7,2,1,0,3,0,0,1,0,7,0,0.13725490196078433,1,0,0,0,0,1,1,1,4.3421,13,1,1
https://www.amd.com,19,11,0,2,0,0,2,0,0,0,0,0,0,0.0,1,0,1,0,0,0,0,0,3.5766,5,0,0
https://slack.com/help/checkout/signup,38,9,21,1,0,0,5,0,0,0,0,0,0,0.0,0,0,1,0,0,0,0,0,3.9682,8,0,0
https://www.figma.com/profile/support/orders,44,13,23,2,0,0,5,0,0,0,0,0,0,0.0,1,0,1,0,0,0,0,0,4.0987,7,0,0
https://epicgames.com/about?ref=0mp2ix&utm_source=4x,52,13,6,1,0,1,3,1,2,0,1,3,0,0.057692307692307696,0,0,1,0,0,0,0,0,4.498,9,0,0
http://office365-suspend.7nrsko.ml/wallet,41,27,7,2,1,0,3,0,0,0,0,4,0,0.0975609756097561,1,0,0,0,0,1,2,1,4.5338,9,1,1
https://www.npmjs.com/contact/support?sort=tj9,46,13,16,2,0,0,4,1,1,0,0,1,0,0.021739130434782608,1,0,1,0,0,0,0,0,3.9766,7,0,0
https://www.linkedin.com/profile/login/support?q=gpbkt,54,16,22,2,0,0,5,1,1,0,0,0,0,0.0,1,0,1,0,0,1,1,0,4.3941,8,0,0
https://www.ea.com/settings/account/help?id=r0zj7u&id=rnu8c0,60,10,22,2,0,0,5,1,2,0,1,4,0,0.06666666666666667,1,0,1,0,0,1,1,0,4.6111,8,0,0
https://www.pinterest.com/?id=7ln&utm_source=8yx7w,50,17,1,2,0,1,3,1,2,0,1,3,0,0.06,1,0,1,0,0,0,0,0,4.5264,9,0,0
http://bankofamerica-password.0ugpka.xyz/suspend,48,33,8,2,1,0,3,0,0,0,0,1,0,0.020833333333333332,1,0,0,0,0,1,3,1,4.5357,13,1,1
https://sony.com/about/settings/news,36,8,20,1,0,0,5,0,0,0,0,0,0,0.0,0,0,1,0,0,0,0,0,3.8827,8,0,0
http://chase.com@chase.com-7j3h2.loan/urgent,44,20,7,2,1,0,3,0,0,1,0,3,0,0.06818181818181818,1,0,0,0,0,1,1,1,4.311,9,1,1
https://ibm.com/account/settings/login?utm_source=r81&lang=qf7z,63,7,23,1,0,1,5,1,2,0,1,3,0,0.047619047619047616,0,0,1,0,0,1,2,0,4.5782,8,0,0
https://127.71.44.147/secure/oxm9f4,35,13,14,3,0,0,4,0,0,0,0,12,0,0.34285714285714286,2,1,1,0,0,1,1,0,4.0931,6,0,1
https://20.118.90.158/secure/xbd07q,35,13,14,3,0,0,4,0,0,0,0,12,0,0.34285714285714286,2,1,1,0,0,1,1,0,4.2646,6,0,1
http://account-s9vio.ml/m2xqq0vb,32,16,9,1,1,0,3,0,0,0,0,3,0,0.09375,0,0,0,0,0,1,1,0,4.3903,8,1,1
https://www.lyft.com/profile/news/support?page=yl6ss1a,54,12,21,2,0,0,5,1,1,0,0,2,0,0.037037037037037035,1,0,1,0,0,0,0,0,4.3643,7,0,0
http://office365-urgent.4na46n.loan/validate,44,28,9,2,1,0,3,0,0,0,0,6,0,0.13636363636363635,1,0,0,0,0,1,2,1,4.3797,9,1,1
https://cisco.com/about/account,31,9,14,1,0,0,4,0,0,0,0,0,0,0.0,0,0,1,0,0,1,1,0,3.6119,7,0,0
http://urgent-alert-update-uxfz.cf/search?redirect=ycrho7azp8&token=ox5df8k4hbab,80,27,7,1,3,0,3,1,2,0,1,5,0,0.0625,0,0,0,0,0,1,3,0,4.7006,12,1,1
https://canva.com/products/news/login,37,9,20,1,0,0,5,0,0,0,0,0,0,0.0,0,0,1,0,0,1,1,0,4.145,8,0,0
http://cutt.ly/ruhmezv,22,7,8,1,0,0,3,0,0,0,0,0,0,0.0,0,0,0,0,1,0,0,0,3.6978,7,0,1
http://linkedin-billing.s1f3kw.click/account,44,29,8,2,1,0,3,0,0,0,0,2,0,0.045454545454545456,1,0,0,0,0,1,3,1,4.2805,8,1,1
http://chase-suspend-msj9.loan/account,38,23,8,1,2,0,3,0,0,0,0,1,0,0.02631578947368421,0,0,0,0,0,1,2,1,4.096,7,1,1
https://www.irs.gov/api/news/blog,33,11,14,2,0,0,5,0,0,0,0,0,0,0.0,1,0,1,0,0,0,0,0,3.9424,5,0,0
https://www.instagram.com/checkout/account/support?category=69,62,17,25,2,0,0,5,1,1,0,0,2,0,0.03225806451612903,1,0,1,0,0,1,1,0,4.3065,9,0,0
https://www.ebay.com/settings/support/news?lang=gses6m03,56,12,22,2,0,0,5,1,1,0,0,3,0,0.05357142857142857,1,0,1,0,0,0,0,0,4.3585,8,0,0
https://target.com/products/news/search,39,10,21,1,0,0,5,0,0,0,0,0,0,0.0,0,0,1,0,0,0,0,0,3.914,8,0,0
http://186.20.245.22/authenticate/r89d84,40,13,20,3,0,0,4,0,0,0,0,14,0,0.35,2,1,0,0,0,1,1,0,4.1939,12,0,1
http://paypal.com@paypal.com-floig.zip/account,46,20,8,2,1,0,3,0,0,1,0,0,0,0.0,1,0,0,0,0,1,1,1,4.0423,10,1,1
http://authenticate-validate-signin-1cxd.top/settings?redirect=vzd3nkkf2b&token=3ew15qa0tkc3,92,37,9,1,3,0,3,1,2,0,1,8,0,0.08695652173913043,0,0,0,0,0,1,3,0,4.6902,12,1,1
http://bankofamerica.com@bankofamerica.com-l1utz.xyz/account,60,27,8,2,1,0,3,0,0,1,0,1,0,0.016666666666666666,1,0,0,0,0,1,2,1,4.3563,17,1,1
https://www.amazon.com/home/checkout,36,14,14,2,0,0,4,0,0,0,0,0,0,0.0,1,0,1,0,0,0,0,0,3.8984,8,0,0
https://npmjs.com/api/profile?utm_source=se45bg3,48,9,12,1,0,1,4,1,1,0,0,3,0,0.0625,0,0,1,0,0,0,0,0,4.5221,7,0,0
http://update-urgent-confirm-dgh6.tk/orders?redirect=bptpdwr1xf&token=hsj0bi6atqgk,82,29,7,1,3,0,3,1,2,0,1,4,0,0.04878048780487805,0,0,0,0,0,1,3,0,4.6827,12,1,1
https://mozilla.org/login?q=ivtq3,33,11,6,1,0,0,3,1,1,0,0,1,0,0.030303030303030304,0,0,1,0,0,1,1,0,4.2027,7,0,0
http://linkedin-authenticate-jmc9.click/news,44,32,5,1,2,0,3,0,0,0,0,1,0,0.022727272727272728,0,0,0,0,0,1,2,1,4.133,12,1,1
https://www.apple.com/orders/contact?utm_source=oxhjmi&utm_source=1ccm,70,13,15,2,0,2,4,1,2,0,1,1,0,0.014285714285714285,1,0,1,0,0,0,0,0,4.3894,7,0,0
https://www.expedia.com/checkout?q=put7ss,41,15,9,2,0,0,3,1,1,0,0,1,0,0.024390243902439025,1,0,1,0,0,0,0,0,4.2715,8,0,0
http://urgent-ms73d.kim/23ietyr9,32,16,9,1,1,0,3,0,0,0,0,5,0,0.15625,0,0,0,0,0,1,1,0,4.2889,8,1,1
https://microsoft.com/account/orders,36,13,15,1,0,0,4,0,0,0,0,0,0,0.0,0,0,1,0,0,1,1,0,3.8611,9,0,0
http://security-validate-confirm-s95a.top/about?redirect=jhl5nzrv4a&token=3m1xgb1botm1,86,34,6,1,3,0,3,1,2,0,1,8,0,0.09302325581395349,0,0,0,0,0,1,3,0,4.8652,12,1,1
https://logitech.com,20,12,0,1,0,0,2,0,0,0,0,0,0,0.0,0,0,1,0,0,0,0,0,3.6842,8,0,0
https://adobe.com/settings/profile/cart?q=c1l,45,9,22,1,0,0,5,1,1,0,0,1,0,0.022222222222222223,0,0,1,0,0,0,0,0,4.331,8,0,0
https://www.citibank.com/services,33,16,9,2,0,0,3,0,0,0,0,0,0,0.0,1,0,1,0,0,1,1,0,4.0587,8,0,0
http://w0k41iu8tjhulursfh.icloud.ak7tj2.gq/alert,48,35,6,3,0,0,3,0,0,0,0,6,0,0.125,2,0,0,0,0,1,1,1,4.5719,18,1,1
http://wellsfargo.com@wellsfargo.com-abrl4.cricket/authenticate,63,28,13,2,1,0,3,0,0,1,0,1,0,0.015873015873015872,1,0,0,0,0,1,1,1,4.3668,14,1,1
https://www.ieee.org/services,29,12,9,2,0,0,3,0,0,0,0,0,0,0.0,1,0,1,0,0,0,0,0,3.6899,8,0,0
https://www.reddit.com/services/news?page=hfd7l,47,14,14,2,0,0,4,1,1,0,0,1,0,0.02127659574468085,1,0,1,0,0,0,0,0,4.3393,8,0,0
https://harvard.edu/help/account?utm_source=vylien&sort=vuprt,61,11,13,1,0,1,4,1,2,0,1,0,0,0.0,0,0,1,0,0,1,1,0,4.3567,7,0,0
http://wallet-update-billing-lk04.click/dashboard?redirect=a0w8myzdcq&token=r8zmmxx1caut,88,32,10,1,3,0,3,1,2,0,1,6,0,0.06818181818181818,0,0,0,0,0,1,4,0,4.8172,12,1,1
http://t.co/giunwel,19,4,8,1,0,0,3,0,0,0,0,0,0,0.0,0,0,0,0,1,0,0,0,3.7474,7,0,1
http://44.153.81.129/recover/qoi2jv,35,13,15,3,0,0,4,0,0,0,0,11,0,0.3142857142857143,2,1,0,0,0,1,1,0,4.229,7,0,1
https://www.ieee.org/?sort=fdtrc,32,12,1,2,0,0,3,1,1,0,0,0,0,0.0,1,0,1,0,0,0,0,0,3.9681,5,0,0
https://www.usa.gov/dashboard/support?q=ild,43,11,18,2,0,0,4,1,1,0,0,0,0,0.0,1,0,1,0,0,0,0,0,4.2047,9,0,0
http://bit.ly/x14t8ts,21,6,8,1,0,0,3,0,0,0,0,3,0,0.14285714285714285,0,0,0,0,1,0,0,0,3.6131,7,0,1
https://www.w3.org/?utm_source=q9k6re4,38,10,1,2,0,1,3,1,1,0,0,4,0,0.10526315789473684,1,0,1,0,0,0,0,0,4.3989,7,0,0
https://pinterest.com/api/docs,30,13,9,1,0,0,4,0,0,0,0,0,0,0.0,0,0,1,0,0,0,0,0,3.7899,9,0,0
https://www.reddit.com/?sort=5ck3tb9,36,14,1,2,0,0,3,1,1,0,0,3,0,0.08333333333333333,1,0,1,0,0,0,0,0,4.2499,7,0,0
http://outlook.com@outlook.com-jfczw.cf/signin,46,20,7,2,1,0,3,0,0,1,0,0,0,0.0,1,0,0,0,0,1,1,1,4.1429,11,1,1
http://office365-recover.dil01a.xyz/urgent,42,28,7,2,1,0,3,0,0,0,0,5,0,0.11904761904761904,1,0,0,0,0,1,2,1,4.6241,9,1,1
http://linkedin-wallet-bygr.loan/profile,40,25,8,1,2,0,3,0,0,0,0,0,0,0.0,0,0,0,0,0,1,1,1,4.1873,8,1,1
https://ieee.org/login/services/services,40,8,24,1,0,0,5,0,0,0,0,0,0,0.0,0,0,1,0,0,1,1,0,3.6813,8,0,0
https://www.bestbuy.com,23,15,0,2,0,0,2,0,0,0,0,0,0,0.0,1,0,1,0,0,0,0,0,3.7623,7,0,0
https://www.twitter.com/blog/signup/checkout?id=7l8,51,15,21,2,0,0,5,1,1,0,0,2,0,0.0392156862745098,1,0,1,0,0,0,0,0,4.3904,8,0,0
https://www.ieee.org/blog/signup/support,40,12,20,2,0,0,5,0,0,0,0,0,0,0.0,1,0,1,0,0,0,0,0,3.9185,7,0,0
https://41.64.109.35/validate/cevs40,36,12,16,3,0,0,4,0,0,0,0,11,0,0.3055555555555556,2,1,1,0,0,1,1,0,4.2181,8,0,1
https://www.expedia.com/contact/support,39,15,16,2,0,0,4,0,0,0,0,0,0,0.0,1,0,1,0,0,0,0,0,4.0066,7,0,0
http://bit.ly/du7jpmm,21,6,8,1,0,0,3,0,0,0,0,1,0,0.047619047619047616,0,0,0,0,1,0,0,0,3.749,7,0,1
http://login-validate-confirm-y5v9.cf/news?redirect=r1tr4b5ud6&token=gka0t2q8bgj5,81,30,5,1,3,0,3,1,2,0,1,10,0,0.12345679012345678,0,0,0,0,0,1,3,0,4.9953,12,1,1
http://amazon-login.zhwtc9.review/wallet,40,26,7,2,1,0,3,0,0,0,0,1,0,0.025,1,0,0,0,0,1,2,1,4.2276,6,1,1
http://m3ppsohxf823qxawtci9su6.wellsfargo.d143mo.cricket/recover,64,49,8,3,0,0,3,0,0,0,0,9,0,0.140625,2,0,0,0,0,1,1,1,4.7535,23,1,1
https://wordpress.com/api?utm_source=8xnlo5,43,13,4,1,0,1,3,1,1,0,0,2,0,0.046511627906976744,0,0,1,0,0,0,0,0,4.4258,9,0,0
https://www.lyft.com,20,12,0,2,0,0,2,0,0,0,0,0,0,0.0,1,0,1,0,0,0,0,0,3.6464,5,0,0
http://secure-i47jw.loan/w8qvivzo,33,17,9,1,1,0,3,0,0,0,0,3,0,0.09090909090909091,0,0,0,0,0,1,1,0,4.5367,8,1,1
http://urgent-ilhbi.zip/1qoxm8bv,32,16,9,1,1,0,3,0,0,0,0,2,0,0.0625,0,0,0,0,0,1,1,0,4.3667,8,1,1
https://www.ieee.org/blog,25,12,5,2,0,0,3,0,0,0,0,0,0,0.0,1,0,1,0,0,0,0,0,3.7533,5,0,0
https://facebook.com/support/account?sort=c0k7z,47,12,16,1,0,0,4,1,1,0,0,2,0,0.0425531914893617,0,0,1,0,0,1,1,0,4.1878,8,0,0
https://www.asus.com/news/blog/dashboard,40,12,20,2,0,0,5,0,0,0,0,0,0,0.0,1,0,1,0,0,0,0,0,4.0537,9,0,0
http://google-signin-knc7.gq/help,33,21,5,1,2,0,3,0,0,0,0,1,0,0.030303030303030304,0,0,0,0,0,1,1,1,4.0289,6,1,1
https://212.68.27.237/authenticate/4f55ac,41,13,20,3,0,0,4,0,0,0,0,13,0,0.3170731707317073,2,1,1,0,0,1,1,0,4.2083,12,0,1
http://apple.com@apple.com-hk89j.link/alert,43,20,6,2,1,0,3,0,0,1,0,2,0,0.046511627906976744,1,0,0,0,0,1,1,1,4.1848,9,1,1
http://lpg7gvlhwxpbrrnty.linkedin.lvvld3.ml/validate,52,36,9,3,0,0,3,0,0,0,0,2,0,0.038461538461538464,2,0,0,0,0,1,1,1,4.2739,17,1,1
https://www.harvard.edu/cart/help?ref=sk7n8,43,15,10,2,0,0,4,1,1,0,0,2,0,0.046511627906976744,1,0,1,0,0,0,0,0,4.3152,7,0,0
https://www.wikipedia.org/signup/settings,41,17,16,2,0,0,4,0,0,0,0,0,0,0.0,1,0,1,0,0,0,0,0,3.9156,9,0,0
http://goo.gl/qsqbbx5,21,6,8,1,0,0,3,0,0,0,0,1,0,0.047619047619047616,0,0,0,0,1,0,0,0,3.6897,7,0,1
http://paypal-unlock-rhqs.gq/services,37,21,9,1,2,0,3,0,0,0,0,0,0,0.0,0,0,0,0,0,1,1,1,4.3374,8,1,1
http://goo.gl/ydkg2d7,21,6,8,1,0,0,3,0,0,0,0,2,0,0.09523809523809523,0,0,0,0,1,0,0,0,3.6538,7,0,1
http://di1eodl6urbjsad0j2n.linkedin.gelhnc.work/validate,56,40,9,3,0,0,3,0,0,0,0,4,0,0.07142857142857142,2,0,0,0,0,1,1,1,4.5104,19,1,1
https://www.stackoverflow.com/about/orders,42,21,13,2,0,0,4,0,0,0,0,0,0,0.0,1,0,1,0,0,0,0,0,4.1276,13,0,0
http://security-update-urgent-lmy2.xyz/profile?redirect=16zgrrvgmd&token=fzjoigo58oaf,85,31,8,1,3,0,3,1,2,0,1,5,0,0.058823529411764705,0,0,0,0,0,1,3,0,4.8023,12,1,1
http://account-verify-signin-mzwt.review/about?redirect=4ih630dx4n&token=tqvnmd8iyubz,85,33,6,1,3,0,3,1,2,0,1,6,0,0.07058823529411765,0,0,0,0,0,1,3,0,4.8334,12,1,1
https://figma.com/services/docs/profile?page=sp,47,9,22,1,0,0,5,1,1,0,0,0,0,0.0,0,0,1,0,0,0,0,0,4.1613,8,0,0
https://github.com/support/cart?utm_source=azoch&q=rmc5s3,57,10,13,1,0,1,4,1,2,0,1,2,0,0.03508771929824561,0,0,1,0,0,0,0,0,4.3349,7,0,0
https://un.org/contact,22,6,8,1,0,0,3,0,0,0,0,0,0,0.0,0,0,1,0,0,0,0,0,3.6069,7,0,0
https://www.atlassian.com/services/about/api,44,17,19,2,0,0,5,0,0,0,0,0,0,0.0,1,0,1,0,0,0,0,0,4.0426,9,0,0
https://www.nvidia.com/account,30,14,8,2,0,0,3,0,0,0,0,0,0,0.0,1,0,1,0,0,1,1,0,3.9396,7,0,0
http://bankofamerica.com@bankofamerica.com-6iwkv.review/signin,62,30,7,2,1,0,3,0,0,1,0,1,0,0.016129032258064516,1,0,0,0,0,1,2,1,4.3407,17,1,1
https://quora.com/cart/contact,30,9,13,1,0,0,4,0,0,0,0,0,0,0.0,0,0,1,0,0,0,0,0,3.6029,7,0,0
http://bankofamerica-alert.8lt25c.click/update,46,32,7,2,1,0,3,0,0,0,0,3,0,0.06521739130434782,1,0,0,0,0,1,4,1,4.3174,13,1,1
http://confirm-o5okh.gq/0u2vjf17,32,16,9,1,1,0,3,0,0,0,0,5,0,0.15625,0,0,0,0,0,1,1,0,4.5153,8,1,1
http://tinyurl.com/37c7nxx,26,11,8,1,0,0,3,0,0,0,0,3,0,0.11538461538461539,0,0,0,0,1,0,0,0,4.027,7,0,1
http://google-confirm-e0x6.tk/blog,34,22,5,1,2,0,3,0,0,0,0,2,0,0.058823529411764705,0,0,0,0,0,1,1,1,4.2561,7,1,1
http://urgent-signin-confirm-hsf2.xyz/profile?redirect=eeo9h5ihjq&token=cyypq7a4frv1,84,30,8,1,3,0,3,1,2,0,1,6,0,0.07142857142857142,0,0,0,0,0,1,3,0,4.8487,12,1,1
http://office365.com@office365.com-8rtms.review/alert,53,26,6,2,1,0,3,0,0,1,0,7,0,0.1320754716981132,1,0,0,0,0,1,1,1,4.3433,13,1,1
http://facebook-billing.ymzlo9.gq/urgent,40,26,7,2,1,0,3,0,0,0,0,1,0,0.025,1,0,0,0,0,1,2,1,4.4776,8,1,1
https://who.int/cart/products?id=9eit,37,7,14,1,0,0,4,1,1,0,0,1,0,0.02702702702702703,0,0,1,0,0,0,0,0,4.0672,8,0,0
http://26.61.138.169/validate/g2g10y,36,13,16,3,0,0,4,0,0,0,0,13,0,0.3611111111111111,2,1,0,0,0,1,1,0,4.1626,8,0,1
http://facebook-urgent-wqva.cf/checkout,39,23,9,1,2,0,3,0,0,0,0,0,0,0.0,0,0,0,0,0,1,1,1,4.2017,8,1,1
http://icloud-wallet.ggcbi6.xyz/wallet,38,24,7,2,1,0,3,0,0,0,0,1,0,0.02631578947368421,1,0,0,0,0,1,1,1,4.2383,6,1,1
http://facebook-wallet.0qoexo.review/secure,43,29,7,2,1,0,3,0,0,0,0,1,0,0.023255813953488372,1,0,0,0,0,1,2,1,4.283,8,1,1
http://password-urgent-unlock-g8e2.party/contact?redirect=qx1clmmvh7&token=1hw3gm7q6lfj,87,33,8,1,3,0,3,1,2,0,1,8,0,0.09195402298850575,0,0,0,0,0,1,3,0,4.9387,12,1,1
http://paypal.com@paypal.com-5zwuo.link/account,47,21,8,2,1,0,3,0,0,1,0,1,0,0.02127659574468085,1,0,0,0,0,1,1,1,4.1453,10,1,1
http://bankofamerica-security.gbfv9x.click/unlock,49,35,7,2,1,0,3,0,0,0,0,1,0,0.02040816326530612,1,0,0,0,0,1,4,1,4.5252,13,1,1
https://w3.org,14,6,0,1,0,0,2,0,0,0,0,1,0,0.07142857142857142,0,0,1,0,0,0,0,0,3.5216,5,0,0
https://www.samsung.com/api/search?id=txcx&sort=d8w3z,53,15,11,2,0,0,4,1,2,0,1,2,0,0.03773584905660377,1,0,1,0,0,0,0,0,4.4993,7,0,0
http://goo.gl/egqe8dk,21,6,8,1,0,0,3,0,0,0,0,1,0,0.047619047619047616,0,0,0,0,1,0,0,0,3.6538,7,0,1
https://www.lenovo.com,22,14,0,2,0,0,2,0,0,0,0,0,0,0.0,1,0,1,0,0,0,0,0,3.7544,6,0,0
http://netflix.com@netflix.com-wv1mm.click/validate,51,23,9,2,1,0,3,0,0,1,0,1,0,0.0196078431372549,1,0,0,0,0,1,2,1,4.3023,11,1,1
http://apple-alert.kiv90h.gq/unlock,35,21,7,2,1,0,3,0,0,0,0,2,0,0.05714285714285714,1,0,0,0,0,1,2,1,4.3002,6,1,1
https://www.bing.com/products/help,34,12,14,2,0,0,4,0,0,0,0,0,0,0.0,1,0,1,0,0,0,0,0,4.1385,8,0,0
https://forbes.com/checkout/orders,34,10,16,1,0,0,4,0,0,0,0,0,0,0.0,0,0,1,0,0,0,0,0,3.8588,8,0,0
https://adobe.com/home,22,9,5,1,0,0,3,0,0,0,0,0,0,0.0,0,0,1,0,0,0,0,0,3.6635,5,0,0
http://google-account-q3vy.xyz/orders,37,23,7,1,2,0,3,0,0,0,0,1,0,0.02702702702702703,0,0,0,0,0,1,1,1,4.4119,7,1,1
http://icloud.com@icloud.com-z8xeb.tk/account,45,19,8,2,1,0,3,0,0,1,0,1,0,0.022222222222222223,1,0,0,0,0,1,1,1,4.2167,10,1,1
https://harvard.edu/profile/orders,34,11,15,1,0,0,4,0,0,0,0,0,0,0.0,0,0,1,0,0,0,0,0,3.8781,7,0,0
https://www.figma.com/?q=kcidkwnn&utm_source=vg,47,13,1,2,0,1,3,1,2,0,1,0,0,0.0,1,0,1,0,0,0,0,0,4.5967,8,0,0
https://www.bbc.com/search,26,11,7,2,0,0,3,0,0,0,0,0,0,0.0,1,0,1,0,0,0,0,0,3.7672,6,0,0
https://dropbox.com/help/settings,33,11,14,1,0,0,4,0,0,0,0,0,0,0.0,0,0,1,0,0,0,0,0,4.0061,8,0,0
https://www.canva.com/support/home,34,13,13,2,0,0,4,0,0,0,0,0,0,0.0,1,0,1,0,0,0,0,0,3.9398,7,0,0
https://shopify.com/dashboard,29,11,10,1,0,0,3,0,0,0,0,0,0,0.0,0,0,1,0,0,0,0,0,3.9263,9,0,0
http://7tpwa05b64zvz0sfhz.microsoft.92n7vg.cricket/secure,57,43,7,3,0,0,3,0,0,0,0,9,0,0.15789473684210525,2,0,0,0,0,1,1,1,4.7076,18,1,1
http://suspend-7quf7.work/d4vjoj7l,34,18,9,1,1,0,3,0,0,0,0,4,0,0.11764705882352941,0,0,0,0,0,1,1,0,4.396,8,1,1
http://dod4p4e6fe81dulj7xa4ek4u.wellsfargo.ky0j4q.party/unlock,62,48,7,3,0,0,3,0,0,0,0,10,0,0.16129032258064516,2,0,0,0,0,1,1,1,4.6896,24,1,1
https://discord.com,19,11,0,1,0,0,2,0,0,0,0,0,0,0.0,0,0,1,0,0,0,0,0,3.6163,7,0,0
http://bankofamerica.com@bankofamerica.com-u97z7.gq/update,58,26,7,2,1,0,3,0,0,1,0,3,0,0.05172413793103448,1,0,0,0,0,1,2,1,4.4671,17,1,1
https://www.trello.com,22,14,0,2,0,0,2,0,0,0,0,0,0,0.0,1,0,1,0,0,0,0,0,3.6635,6,0,0
http://verify-validate-authenticate-d86s.cricket/home?redirect=yctopst9li&token=fi3osh3qzxy4,92,41,5,1,3,0,3,1,2,0,1,6,0,0.06521739130434782,0,0,0,0,0,1,3,0,4.6799,12,1,1
http://cutt.ly/e3vmk0p,22,7,8,1,0,0,3,0,0,0,0,2,0,0.09090909090909091,0,0,0,0,1,0,0,0,3.7888,7,0,1
https://microsoft.com/dashboard?q=swlwt6u7,42,13,10,1,0,0,3,1,1,0,0,2,0,0.047619047619047616,0,0,1,0,0,0,0,0,4.3743,9,0,0
https://www.npmjs.com/signup/news/support,41,13,20,2,0,0,5,0,0,0,0,0,0,0.0,1,0,1,0,0,0,0,0,3.8859,7,0,0
http://amazon.com@amazon.com-zvutb.link/secure,46,21,7,2,1,0,3,0,0,1,0,0,0,0.0,1,0,0,0,0,1,1,1,4.2947,10,1,1
http://urgent-6eja1.loan/7zfctyvo,33,17,9,1,1,0,3,0,0,0,0,3,0,0.09090909090909091,0,0,0,0,0,1,1,0,4.4155,8,1,1
http://apple.com@apple.com-d6xhm.cf/secure,42,18,7,2,1,0,3,0,0,1,0,1,0,0.023809523809523808,1,0,0,0,0,1,1,1,4.1572,9,1,1
http://otb85vif81j67kjf.office365.clccr9.top/security,53,37,9,3,0,0,3,0,0,0,0,10,0,0.18867924528301888,2,0,0,0,0,1,1,1,4.5159,16,1,1
https://158.113.150.200/confirm/j55cuk,38,15,15,3,0,0,4,0,0,0,0,14,0,0.3684210526315789,2,1,1,0,0,1,1,0,4.2608,7,0,1
http://tinyurl.com/sxjxrqm,26,11,8,1,0,0,3,0,0,0,0,0,0,0.0,0,0,0,0,1,0,0,0,4.1039,7,0,1
https://notion.so/login/cart?ref=pkjcs,38,9,11,1,0,0,4,1,1,0,0,0,0,0.0,0,0,1,0,0,1,1,0,4.1556,6,0,0
http://update-secure-validate-00g9.gq/contact?redirect=u9wcdb68za&token=0pl8109jnb5x,84,30,8,1,3,0,3,1,2,0,1,12,0,0.14285714285714285,0,0,0,0,0,1,3,0,4.8429,12,1,1
https://uber.com/contact/products?q=oh6cvbp&category=nez,56,8,17,1,0,0,4,1,2,0,1,1,0,0.017857142857142856,0,0,1,0,0,0,0,0,4.3985,8,0,0
https://www.office.com/news/profile,35,14,13,2,0,0,4,0,0,0,0,0,0,0.0,1,0,1,0,0,0,0,0,3.9217,7,0,0
http://confirm-billing-update-h11b.tk/cart?redirect=bmuvhgqk82&token=0ps5i5ftojtb,81,30,5,1,3,0,3,1,2,0,1,7,0,0.08641975308641975,0,0,0,0,0,1,3,0,4.8315,12,1,1
https://cnn.com/blog,20,7,5,1,0,0,3,0,0,0,0,0,0,0.0,0,0,1,0,0,0,0,0,3.6842,5,0,0
https://target.com/?q=np127exv&id=4l3khy,40,10,1,1,0,0,3,1,2,0,1,5,0,0.125,0,0,1,0,0,0,0,0,4.8031,8,0,0
http://iodewyb40t3d7xtx4.microsoft.2d13a3.xyz/recover,53,38,8,3,0,0,3,0,0,0,0,9,0,0.16981132075471697,2,0,0,0,0,1,1,1,4.579,17,1,1
https://chase.com/api/help/api?page=iy5pu5,42,9,13,1,0,0,5,1,1,0,0,2,0,0.047619047619047616,0,0,1,0,0,0,0,0,4.026,6,0,0
https://cisco.com/checkout/login?sort=yx4l4oe,45,9,15,1,0,0,4,1,1,0,0,2,0,0.044444444444444446,0,0,1,0,0,1,1,0,4.2058,8,0,0
https://amd.com/cart/home/cart,30,7,15,1,0,0,5,0,0,0,0,0,0,0.0,0,0,1,0,0,0,0,0,3.5777,5,0,0
https://www.sap.com/?sort=3cyazbc&utm_source=c36oqo,51,11,1,2,0,1,3,1,2,0,1,3,0,0.058823529411764705,1,0,1,0,0,0,0,0,4.4032,7,0,0
http://chase-account.f7ptih.cricket/authenticate,48,28,13,2,1,0,3,0,0,0,0,1,0,0.020833333333333332,1,0,0,0,0,1,2,1,3.8971,12,1,1
https://www.python.org,22,14,0,2,0,0,2,0,0,0,0,0,0,0.0,1,0,1,0,0,0,0,0,3.5726,6,0,0
http://icloud.com@icloud.com-tf253.party/urgent,47,22,7,2,1,0,3,0,0,1,0,3,0,0.06382978723404255,1,0,0,0,0,1,1,1,4.4083,10,1,1
http://50bg5m61isvuccpugcgizz.paypal.m399ar.xyz/validate,56,40,9,3,0,0,3,0,0,0,0,8,0,0.14285714285714285,2,0,0,0,0,1,1,1,4.6128,22,1,1
http://office365.com@office365.com-hyd07.top/secure,51,23,7,2,1,0,3,0,0,1,0,8,0,0.1568627450980392,1,0,0,0,0,1,1,1,4.3492,13,1,1
https://spotify.com/login,25,11,6,1,0,0,3,0,0,0,0,0,0,0.0,0,0,1,0,0,1,1,0,3.8333,7,0,0
http://is.gd/w7zrtqj,20,5,8,1,0,0,3,0,0,0,0,1,0,0.05,0,0,0,0,1,0,0,0,3.8464,7,0,1
https://www.reddit.com,22,14,0,2,0,0,2,0,0,0,0,0,0,0.0,1,0,1,0,0,0,0,0,3.7544,6,0,0
http://zogq2h5cfgk7h3i8n.whatsapp.o7nqot.link/billing,53,38,8,3,0,0,3,0,0,0,0,6,0,0.11320754716981132,2,0,0,0,0,1,1,1,4.4349,17,1,1
https://www.wikipedia.org/cart/docs,35,17,10,2,0,0,4,0,0,0,0,0,0,0.0,1,0,1,0,0,0,0,0,3.9433,9,0,0
https://www.adobe.com/support,29,13,8,2,0,0,3,0,0,0,0,0,0,0.0,1,0,1,0,0,0,0,0,3.9002,7,0,0
https://www.ibm.com,19,11,0,2,0,0,2,0,0,0,0,0,0,0.0,1,0,1,0,0,0,0,0,3.5766,5,0,0
https://www.youtube.com/help/cart/products,42,15,19,2,0,0,5,0,0,0,0,0,0,0.0,1,0,1,0,0,0,0,0,4.0353,8,0,0
https://reddit.com/contact/search/news?id=jhjx,46,10,20,1,0,0,5,1,1,0,0,0,0,0.0,0,0,1,0,0,0,0,0,4.1705,7,0,0
http://159.34.90.19/login/b4f0mi,32,12,13,3,0,0,4,0,0,0,0,11,0,0.34375,2,1,0,0,0,1,1,0,4.1403,6,0,1
http://unlock-secure-security-kylj.cricket/contact?redirect=6agyggfmnu&token=f8z3hjeym4um,89,35,8,1,3,0,3,1,2,0,1,4,0,0.0449438202247191,0,0,0,0,0,1,3,0,4.6583,12,1,1
https://www.stanford.edu/contact/products?category=685o&lang=6x7p7a,67,16,17,2,0,0,4,1,2,0,1,6,0,0.08955223880597014,1,0,1,0,0,0,0,0,4.5527,8,0,0
http://alert-suspend-secure-f4vh.tk/products?redirect=t13g4wani2&token=4rmju1ze50k6,83,28,9,1,3,0,3,1,2,0,1,10,0,0.12048192771084337,0,0,0,0,0,1,3,0,4.8142,12,1,1
https://cloudflare.com/?ref=1leu,32,14,1,1,0,0,3,1,1,0,0,1,0,0.03125,0,0,1,0,0,0,0,0,4.1792,10,0,0
http://update-y6c5t.ml/1mrn10h5,31,15,9,1,1,0,3,0,0,0,0,6,0,0.1935483870967742,0,0,0,0,0,1,1,0,4.2202,8,1,1
http://goo.gl/5o9cooz,21,6,8,1,0,0,3,0,0,0,0,2,0,0.09523809523809523,0,0,0,0,1,0,0,0,3.4226,7,0,1
https://nvidia.com/api/support?utm_source=ohtugur,49,10,12,1,0,1,4,1,1,0,0,0,0,0.0,0,0,1,0,0,0,0,0,4.1967,7,0,0
http://amazon.com@amazon.com-gchf4.xyz/billing,46,20,8,2,1,0,3,0,0,1,0,1,0,0.021739130434782608,1,0,0,0,0,1,1,1,4.2676,10,1,1
http://74.66.164.18/account/kjco6m,34,12,15,3,0,0,4,0,0,0,0,10,0,0.29411764705882354,2,1,0,0,0,1,1,0,4.0209,7,0,1
https://www.salesforce.com/signup/login/contact,47,18,21,2,0,0,5,0,0,0,0,0,0,0.0,1,0,1,0,0,1,1,0,4.1265,10,0,0
https://www.sciencedirect.com,29,21,0,2,0,0,2,0,0,0,0,0,0,0.0,1,0,1,0,0,0,0,0,3.8144,13,0,0
https://uber.com/api,20,8,4,1,0,0,3,0,0,0,0,0,0,0.0,0,0,1,0,0,0,0,0,3.8842,5,0,0
https://www.airbnb.com,22,14,0,2,0,0,2,0,0,0,0,0,0,0.0,1,0,1,0,0,0,0,0,3.8797,6,0,0
http://secure-suspend-confirm-1vsv.top/checkout?redirect=m8wnlephvp&token=kfa2m7k4986k,86,31,9,1,3,0,3,1,2,0,1,8,0,0.09302325581395349,0,0,0,0,0,1,3,0,4.7418,12,1,1
https://www.shopify.com/?utm_source=2h1tlom3,44,15,1,2,0,1,3,1,1,0,0,3,0,0.06818181818181818,1,0,1,0,0,0,0,0,4.3736,8,0,0
http://unlock-jg7dp.party/j2abl3dy,34,18,9,1,1,0,3,0,0,0,0,3,0,0.08823529411764706,0,0,0,0,0,1,1,0,4.3738,8,1,1
https://wordpress.com/home/contact/login?utm_source=wimrsxk&utm_source=zi6g,75,13,19,1,0,2,5,1,2,0,1,1,0,0.013333333333333334,0,0,1,0,0,1,1,0,4.4706,9,0,0
https://www.pinterest.com/settings/profile/settings?ref=zs13hd,62,17,26,2,0,0,5,1,1,0,0,2,0,0.03225806451612903,1,0,1,0,0,0,0,0,4.2156,9,0,0
https://www.twitch.tv/products/services?q=qfd,45,13,18,2,0,0,4,1,1,0,0,0,0,0.0,1,0,1,0,0,0,0,0,4.1082,8,0,0
http://tinyurl.com/fiyz3kq,26,11,8,1,0,0,3,0,0,0,0,1,0,0.038461538461538464,0,0,0,0,1,0,0,0,4.1808,7,0,1
https://www.instacart.com/?sort=q37k,36,17,1,2,0,0,3,1,1,0,0,2,0,0.05555555555555555,1,0,1,0,0,0,0,0,4.1734,9,0,0
http://goo.gl/bi18a2v,21,6,8,1,0,0,3,0,0,0,0,3,0,0.14285714285714285,0,0,0,0,1,0,0,0,3.8802,7,0,1
https://www.oracle.com/settings?utm_source=zgnx3vp&sort=avced,61,14,9,2,0,1,3,1,2,0,1,1,0,0.01639344262295082,1,0,1,0,0,0,0,0,4.5638,8,0,0
https://ebay.com/home/orders,28,8,12,1,0,0,4,0,0,0,0,0,0,0.0,0,0,1,0,0,0,0,0,3.8249,6,0,0
http://bit.ly/f0llya8,21,6,8,1,0,0,3,0,0,0,0,2,0,0.09523809523809523,0,0,0,0,1,0,0,0,3.6178,7,0,1
http://06v5f4c6vzbmp4jdud.office365.6le9cb.zip/suspend,54,39,8,3,0,0,3,0,0,0,0,11,0,0.2037037037037037,2,0,0,0,0,1,1,1,4.5969,18,1,1
http://microsoft.com@microsoft.com-d4gfk.xyz/confirm,52,23,8,2,1,0,3,0,0,1,0,1,0,0.019230769230769232,1,0,0,0,0,1,1,1,4.1641,13,1,1
https://khanacademy.org/news/login,34,15,11,1,0,0,4,0,0,0,0,0,0,0.0,0,0,1,0,0,1,1,0,4.2195,11,0,0
https://ibm.com/about/settings,30,7,15,1,0,0,4,0,0,0,0,0,0,0.0,0,0,1,0,0,0,0,0,3.8281,8,0,0
https://samsung.com,19,11,0,1,0,0,2,0,0,0,0,0,0,0.0,0,0,1,0,0,0,0,0,3.6819,7,0,0
http://confirm-authenticate-secure-d5bg.cf/help?redirect=34dt6un63v&token=v1e6w0bmed33,86,35,5,1,3,0,3,1,2,0,1,11,0,0.12790697674418605,0,0,0,0,0,1,3,0,4.7361,12,1,1
http://facebook-security-vpiv.review/profile,44,29,8,1,2,0,3,0,0,0,0,0,0,0.0,0,0,0,0,0,1,1,1,4.229,8,1,1
http://is.gd/cgauai0,20,5,8,1,0,0,3,0,0,0,0,1,0,0.05,0,0,0,0,1,0,0,0,3.6842,7,0,1
https://www.walmart.com/login,29,15,6,2,0,0,3,0,0,0,0,0,0,0.0,1,0,1,0,0,1,1,0,3.9094,7,0,0
http://goo.gl/0aj6x27,21,6,8,1,0,0,3,0,0,0,0,4,0,0.19047619047619047,0,0,0,0,1,0,0,0,3.8802,7,0,1
http://l916yusl42n3vq0bc.office365.uc6bhs.tk/suspend,52,37,8,3,0,0,3,0,0,0,0,11,0,0.21153846153846154,2,0,0,0,0,1,1,1,4.6903,17,1,1
https://www.stackoverflow.com/about/profile/services,52,21,23,2,0,0,5,0,0,0,0,0,0,0.0,1,0,1,0,0,0,0,0,4.1864,13,0,0
https://www.reddit.com/settings?q=wg0odw,40,14,9,2,0,0,3,1,1,0,0,1,0,0.025,1,0,1,0,0,0,0,0,4.1348,8,0,0
https://www.steam.com,21,13,0,2,0,0,2,0,0,0,0,0,0,0.0,1,0,1,0,0,0,0,0,3.5585,5,0,0
http://tlq74fcm56j61um04acc7y1.linkedin.wngxam.zip/secure,57,43,7,3,0,0,3,0,0,0,0,10,0,0.17543859649122806,2,0,0,0,0,1,1,1,4.8279,23,1,1
https://epicgames.com/account,29,13,8,1,0,0,3,0,0,0,0,0,0,0.0,0,0,1,0,0,1,1,0,3.8404,9,0,0
http://amazon.com@amazon.com-ktx6q.top/wallet,45,20,7,2,1,0,3,0,0,1,0,1,0,0.022222222222222223,1,0,0,0,0,1,1,1,4.1065,10,1,1
http://icloud-account-a36e.cricket/support,42,27,8,1,2,0,3,0,0,0,0,2,0,0.047619047619047616,0,0,0,0,0,1,1,1,4.1485,7,1,1
https://www.lyft.com/cart/login/settings?sort=p5zp7r,52,12,20,2,0,0,5,1,1,0,0,2,0,0.038461538461538464,1,0,1,0,0,1,1,0,4.3489,8,0,0
http://apple.com@apple.com-xt4u2.ml/login,41,18,6,2,1,0,3,0,0,1,0,2,0,0.04878048780487805,1,0,0,0,0,1,1,1,4.1531,9,1,1
https://atlassian.com/checkout/docs/cart?category=xahkudiz,58,13,19,1,0,0,5,1,1,0,0,0,0,0.0,0,0,1,0,0,0,0,0,4.2908,9,0,0
https://www.netflix.com/?sort=nz3jbck8,38,15,1,2,0,0,3,1,1,0,0,2,0,0.05263157894736842,1,0,1,0,0,0,0,0,4.524,8,0,0
http://password-verify-update-qrjz.xyz/support?redirect=hjoysj8oyr&token=hkknnaeo0142,85,31,8,1,3,0,3,1,2,0,1,5,0,0.058823529411764705,0,0,0,0,0,1,3,0,4.7643,12,1,1
https://nvidia.com,18,10,0,1,0,0,2,0,0,0,0,0,0,0.0,0,0,1,0,0,0,0,0,3.8366,6,0,0
https://www.booking.com/login/account/products,46,15,23,2,0,0,5,0,0,0,0,0,0,0.0,1,0,1,0,0,1,2,0,4.1186,8,0,0
http://goo.gl/ia619q1,21,6,8,1,0,0,3,0,0,0,0,4,0,0.19047619047619047,0,0,0,0,1,0,0,0,3.7849,7,0,1
https://www.dropbox.com/orders?utm_source=r64dpj&page=fpzu,58,15,7,2,0,1,3,1,2,0,1,2,0,0.034482758620689655,1,0,1,0,0,0,0,0,4.5457,7,0,0
http://update-4zgu5.review/098jrpg7,35,19,9,1,1,0,3,0,0,0,0,6,0,0.17142857142857143,0,0,0,0,0,1,1,0,4.4144,8,1,1
https://www.target.com/search,29,14,7,2,0,0,3,0,0,0,0,0,0,0.0,1,0,1,0,0,0,0,0,3.7714,6,0,0
https://harvard.edu/api/services?ref=aa,39,11,13,1,0,0,4,1,1,0,0,0,0,0.0,0,0,1,0,0,0,0,0,3.9427,8,0,0
http://linkedin.com@linkedin.com-v9nxb.loan/suspend,51,23,8,2,1,0,3,0,0,1,0,1,0,0.0196078431372549,1,0,0,0,0,1,1,1,4.3355,12,1,1
http://microsoft.com@microsoft.com-y6962.kim/login,50,23,6,2,1,0,3,0,0,1,0,4,0,0.08,1,0,0,0,0,1,1,1,4.1884,13,1,1
http://amazon-signin.iclrea.ml/confirm,38,23,8,2,1,0,3,0,0,0,0,0,0,0.0,1,0,0,0,0,1,2,1,4.1357,7,1,1
http://whatsapp.com@whatsapp.com-wrukf.loan/account,51,23,8,2,1,0,3,0,0,1,0,0,0,0.0,1,0,0,0,0,1,1,1,4.0695,12,1,1
https://nature.com/docs/dashboard/orders,40,10,22,1,0,0,5,0,0,0,0,0,0,0.0,0,0,1,0,0,0,0,0,3.8439,9,0,0
https://ea.com/products/services/settings,41,6,27,1,0,0,5,0,0,0,0,0,0,0.0,0,0,1,0,0,0,0,0,3.9067,8,0,0
http://161.48.170.243/login/hhlda2,34,14,13,3,0,0,4,0,0,0,0,12,0,0.35294117647058826,2,1,0,0,0,1,1,0,4.1973,6,0,1
https://epicgames.com/signup/orders/about?category=i01,54,13,20,1,0,0,5,1,1,0,0,2,0,0.037037037037037035,0,0,1,0,0,0,0,0,4.3449,9,0,0
http://facebook-login-4u1i.loan/home,36,24,5,1,2,0,3,0,0,0,0,2,0,0.05555555555555555,0,0,0,0,0,1,1,1,4.2709,8,1,1
http://validate-update-verify-6w5o.loan/signup?redirect=txlq0zi2l5&token=eu9vdow6jfpy,85,32,7,1,3,0,3,1,2,0,1,7,0,0.08235294117647059,0,0,0,0,0,1,3,0,4.863,12,1,1
https://discord.com/about/account?id=93wkcs4&page=k4aegv,56,11,14,1,0,0,4,1,2,0,1,4,0,0.07142857142857142,0,0,1,0,0,1,1,0,4.5731,7,0,0
https://shopify.com/orders,26,11,7,1,0,0,3,0,0,0,0,0,0,0.0,0,0,1,0,0,0,0,0,3.8441,7,0,0
http://confirm-billing-login-bd0x.click/services?redirect=kpnn8xc609&token=yzhs1ev2sos7,87,32,9,1,3,0,3,1,2,0,1,8,0,0.09195402298850575,0,0,0,0,0,1,4,0,4.8101,12,1,1
http://linkedin-urgent-o9tn.link/account,40,25,8,1,2,0,3,0,0,0,0,1,0,0.025,0,0,0,0,0,1,2,1,4.0562,8,1,1
http://password-q8sjq.work/0c148mo6,35,19,9,1,1,0,3,0,0,0,0,6,0,0.17142857142857143,0,0,0,0,0,1,1,0,4.3789,8,1,1
https://w3.org/api,18,6,4,1,0,0,3,0,0,0,0,1,0,0.05555555555555555,0,0,1,0,0,0,0,0,3.6835,5,0,0
https://stanford.edu/cart,25,12,5,1,0,0,3,0,0,0,0,0,0,0.0,0,0,1,0,0,0,0,0,3.8137,8,0,0
https://google.com/checkout,27,10,9,1,0,0,3,0,0,0,0,0,0,0.0,0,0,1,0,0,0,0,0,3.708,8,0,0
http://188.129.126.59/login/fviucl,34,14,13,3,0,0,4,0,0,0,0,11,0,0.3235294117647059,2,1,0,0,0,1,1,0,4.2195,6,0,1
https://www.apple.com/signup/cart/blog,38,13,17,2,0,0,5,0,0,0,0,0,0,0.0,1,0,1,0,0,0,0,0,4.1132,6,0,0
https://bankofamerica.com/dashboard/news/cart,45,17,20,1,0,0,5,0,0,0,0,0,0,0.0,0,0,1,0,0,1,1,0,4.0942,13,0,0
http://paypal-recover.myj06m.gq/urgent,38,24,7,2,1,0,3,0,0,0,0,2,0,0.05263157894736842,1,0,0,0,0,1,2,1,4.3591,7,1,1
http://bankofamerica.com@bankofamerica.com-on9sz.cf/secure,58,26,7,2,1,0,3,0,0,1,0,1,0,0.017241379310344827,1,0,0,0,0,1,2,1,4.2648,17,1,1
http://t0leupk9iphptmqk0ymxneew.paypal.t8j2vo.zip/unlock,56,42,7,3,0,0,3,0,0,0,0,5,0,0.08928571428571429,2,0,0,0,0,1,1,1,4.5031,24,1,1
https://www.spotify.com/docs/services/api,41,15,18,2,0,0,5,0,0,0,0,0,0,0.0,1,0,1,0,0,0,0,0,3.9978,8,0,0
http://unlock-yqmwt.kim/f2tdcite,32,16,9,1,1,0,3,0,0,0,0,1,0,0.03125,0,0,0,0,0,1,1,0,4.2386,8,1,1
https://www.wordpress.com/news/cart/checkout?lang=lpaih0p4&lang=qmktg,69,17,19,2,0,0,5,1,2,0,1,2,0,0.028985507246376812,1,0,1,0,0,0,0,0,4.5417,9,0,0
http://google.com@google.com-0i32b.loan/login,45,21,6,2,1,0,3,0,0,1,0,3,0,0.06666666666666667,1,0,0,0,0,1,1,1,4.0448,10,1,1
http://microsoft-verify-fye7.tk/signup,38,24,7,1,2,0,3,0,0,0,0,1,0,0.02631578947368421,0,0,0,0,0,1,1,1,4.2936,9,1,1
http://validate-signin-secure-09uy.ml/home?redirect=gf00hheqxi&token=ee6hw5kyfc6r,81,30,5,1,3,0,3,1,2,0,1,7,0,0.08641975308641975,0,0,0,0,0,1,3,0,4.7865,12,1,1
http://security-unlock-login-oh6v.zip/search?redirect=3k875yuztw&token=32atxab0g3yv,83,30,7,1,3,0,3,1,2,0,1,9,0,0.10843373493975904,0,0,0,0,0,1,3,0,4.9286,12,1,1
http://t.co/7i9ry30,19,4,8,1,0,0,3,0,0,0,0,4,0,0.21052631578947367,0,0,0,0,1,0,0,0,3.7474,7,0,1
http://whatsapp.com@whatsapp.com-o2ee7.party/account,52,24,8,2,1,0,3,0,0,1,0,2,0,0.038461538461538464,1,0,0,0,0,1,1,1,4.0698,12,1,1
https://wellsfargo.com/account/dashboard?q=bps3,47,14,18,1,0,0,4,1,1,0,0,1,0,0.02127659574468085,0,0,1,0,0,1,1,0,4.4161,10,0,0
https://www.kubernetes.io/profile/orders/signup?ref=oldc,56,17,22,2,0,0,5,1,1,0,0,0,0,0.0,1,0,1,0,0,0,0,0,4.2761,10,0,0
http://netflix-wallet-akc3.zip/dashboard,40,23,10,1,2,0,3,0,0,0,0,1,0,0.025,0,0,0,0,0,1,1,1,4.3842,9,1,1
http://update-mry09.link/jzxcv21r,33,17,9,1,1,0,3,0,0,0,0,4,0,0.12121212121212122,0,0,0,0,0,1,1,0,4.635,8,1,1
http://iw8uoja5enp2wa6m96m5.google.u2tlug.gq/unlock,51,37,7,3,0,0,3,0,0,0,0,8,0,0.1568627450980392,2,0,0,0,0,1,1,1,4.476,20,1,1
http://icloud-login-iobc.gq/cart,32,20,5,1,2,0,3,0,0,0,0,0,0,0.0,0,0,0,0,0,1,1,1,4.0695,6,1,1
https://instacart.com/account/api,33,13,12,1,0,0,4,0,0,0,0,0,0,0.0,0,0,1,0,0,1,1,0,3.6623,9,0,0
http://recover-wallet-security-cez5.review/support?redirect=uv15cf89lp&token=bs1gyapnrrvx,89,35,8,1,3,0,3,1,2,0,1,6,0,0.06741573033707865,0,0,0,0,0,1,3,0,4.6791,12,1,1
https://salesforce.com/about/contact?id=7h,42,14,14,1,0,0,4,1,1,0,0,1,0,0.023809523809523808,0,0,1,0,0,0,0,0,4.2228,10,0,0
https://199.25.59.249/wallet/ejpmln,35,13,14,3,0,0,4,0,0,0,0,10,0,0.2857142857142857,2,1,1,0,0,1,1,0,4.036,6,0,1
http://password-verify-signin-8h23.link/blog?redirect=7tbs4dkffv&token=ikbyt2iiennn,83,32,5,1,3,0,3,1,2,0,1,6,0,0.07228915662650602,0,0,0,0,0,1,3,0,4.6967,12,1,1
https://www.nature.com/contact/cart,35,14,13,2,0,0,4,0,0,0,0,0,0,0.0,1,0,1,0,0,0,0,0,3.7287,7,0,0
https://trello.com/about?page=a3,32,10,6,1,0,0,3,1,1,0,0,1,0,0.03125,0,0,1,0,0,0,0,0,4.1167,6,0,0
http://netflix.com@netflix.com-sodbz.tk/update,46,20,7,2,1,0,3,0,0,1,0,0,0,0.0,1,0,0,0,0,1,1,1,4.3816,11,1,1
https://coursera.org/signup,27,12,7,1,0,0,3,0,0,0,0,0,0,0.0,0,0,1,0,0,0,0,0,3.8562,8,0,0
http://is.gd/3j2x9a6,20,5,8,1,0,0,3,0,0,0,0,4,0,0.2,0,0,0,0,1,0,0,0,3.9842,7,0,1
http://paypal-login-326x.work/contact,37,22,8,1,2,0,3,0,0,0,0,3,0,0.08108108108108109,0,0,0,0,0,1,1,1,4.263,7,1,1
https://paypal.com/help/checkout/support?q=0u&lang=fq,53,10,22,1,0,0,5,1,2,0,1,1,0,0.018867924528301886,0,0,1,0,0,0,0,0,4.3761,8,0,0
http://t.co/yxyemu9,19,4,8,1,0,0,3,0,0,0,0,1,0,0.05263157894736842,0,0,0,0,1,0,0,0,3.6421,7,0,1
http://instagram-signin-i9y8.link/orders,40,26,7,1,2,0,3,0,0,0,0,2,0,0.05,0,0,0,0,0,1,1,1,4.2062,9,1,1
http://outlook-urgent.cq4s4f.cricket/update,43,29,7,2,1,0,3,0,0,0,0,2,0,0.046511627906976744,1,0,0,0,0,1,2,1,4.2801,7,1,1
https://www.hp.com/api/profile,30,10,12,2,0,0,4,0,0,0,0,0,0,0.0,1,0,1,0,0,0,0,0,3.8817,7,0,0
http://4se4kbl5vggnfa8014.bankofamerica.ehthug.review/signin,60,46,7,3,0,0,3,0,0,0,0,7,0,0.11666666666666667,2,0,0,0,0,1,2,1,4.5838,18,1,1
https://udemy.com/blog/contact?page=layzhuli&utm_source=hhuz83,62,9,13,1,0,1,4,1,2,0,1,2,0,0.03225806451612903,0,0,1,0,0,0,0,0,4.5632,8,0,0
https://ea.com/services/blog/services?ref=qdd&category=jrt,58,6,23,1,0,0,5,1,2,0,1,0,0,0.0,0,0,1,0,0,0,0,0,4.3539,8,0,0
http://apple-login-bec4.cricket/settings,40,24,9,1,2,0,3,0,0,0,0,1,0,0.025,0,0,0,0,0,1,1,1,4.1062,8,1,1
http://verify-t657j.review/ebcxiijc,35,19,9,1,1,0,3,0,0,0,0,3,0,0.08571428571428572,0,0,0,0,0,1,1,0,4.1719,8,1,1
http://nvlipmz6387ixhhkffn16db0i.google.c1kxgj.review/unlock,60,46,7,3,0,0,3,0,0,0,0,8,0,0.13333333333333333,2,0,0,0,0,1,1,1,4.7937,25,1,1
https://nytimes.com/search?sort=tj,34,11,7,1,0,0,3,1,1,0,0,0,0,0.0,0,0,1,0,0,0,0,0,4.0179,7,0,0
https://www.un.org/api?category=ipzim6c&sort=zco,48,10,4,2,0,0,3,1,2,0,1,1,0,0.020833333333333332,1,0,1,0,0,0,0,0,4.4073,8,0,0
http://validate-xdo7l.zip/pxjbc8vd,34,18,9,1,1,0,3,0,0,0,0,2,0,0.058823529411764705,0,0,0,0,0,1,1,0,4.2339,8,1,1
http://4pmy6o6lcgcsefe.office365.lx6s5e.cf/alert,48,35,6,3,0,0,3,0,0,0,0,8,0,0.16666666666666666,2,0,0,0,0,1,1,1,4.2802,15,1,1
https://www.chase.com/about/signup/account,42,13,21,2,0,0,5,0,0,0,0,0,0,0.0,1,0,1,0,0,1,1,0,3.9784,7,0,0
http://netflix.com@netflix.com-i7915.cricket/unlock,51,25,7,2,1,0,3,0,0,1,0,4,0,0.0784313725490196,1,0,0,0,0,1,1,1,4.344,11,1,1
https://www.bbc.com/login?sort=tcg06x,37,11,6,2,0,0,3,1,1,0,0,2,0,0.05405405405405406,1,0,1,0,0,1,1,0,4.263,6,0,0
http://apple.com@apple.com-ylh82.cf/recover,43,18,8,2,1,0,3,0,0,1,0,2,0,0.046511627906976744,1,0,0,0,0,1,1,1,4.1093,9,1,1
http://update-78tnm.link/49dq1gt7,33,17,9,1,1,0,3,0,0,0,0,6,0,0.18181818181818182,0,0,0,0,0,1,1,0,4.3061,8,1,1
https://asus.com/services,25,8,9,1,0,0,3,0,0,0,0,0,0,0.0,0,0,1,0,0,0,0,0,3.7493,8,0,0
https://www.asus.com/services/support,37,12,17,2,0,0,4,0,0,0,0,0,0,0.0,1,0,1,0,0,0,0,0,3.8642,8,0,0
http://login-signin-secure-uwdf.cricket/blog?redirect=ev1kgvxlob&token=iclw2wz8em2b,83,32,5,1,3,0,3,1,2,0,1,4,0,0.04819277108433735,0,0,0,0,0,1,3,0,4.7063,12,1,1
http://5u50fh61n7fdrfqx780tij7kt.amazon.spya2o.link/login,57,44,6,3,0,0,3,0,0,0,0,11,0,0.19298245614035087,2,0,0,0,0,1,1,1,4.7577,25,1,1
http://google-recover-v8sv.review/login,39,26,6,1,2,0,3,0,0,0,0,1,0,0.02564102564102564,0,0,0,0,0,1,2,1,4.0066,7,1,1
https://www.python.org/products,31,14,9,2,0,0,3,0,0,0,0,0,0,0.0,1,0,1,0,0,0,0,0,3.8245,8,0,0
https://vmware.com/api/dashboard/products?ref=i3&lang=id033,59,10,23,1,0,0,5,1,2,0,1,4,0,0.06779661016949153,0,0,1,0,0,0,0,0,4.5649,9,0,0
https://discord.com/services/news,33,11,14,1,0,0,4,0,0,0,0,0,0,0.0,0,0,1,0,0,0,0,0,3.859,8,0,0
https://www.ea.com/login?id=60x5zu2,35,10,6,2,0,0,3,1,1,0,0,4,0,0.11428571428571428,1,0,1,0,0,1,1,0,4.629,7,0,0
https://www.zoom.us/login,25,11,6,2,0,0,3,0,0,0,0,0,0,0.0,1,0,1,0,0,1,1,0,3.8333,5,0,0
http://apple.com@apple.com-0p477.party/account,46,21,8,2,1,0,3,0,0,1,0,4,0,0.08695652173913043,1,0,0,0,0,1,1,1,4.0906,9,1,1
http://ygtmov6ki4epxr9ogjegxeye.netflix.b900ye.ml/suspend,57,42,8,3,0,0,3,0,0,0,0,6,0,0.10526315789473684,2,0,0,0,0,1,1,1,4.5666,24,1,1
http://paypal.com@paypal.com-lifnc.click/alert,46,22,6,2,1,0,3,0,0,1,0,0,0,0.0,1,0,0,0,0,1,2,1,4.03,10,1,1
https://www.lenovo.com/about/blog/settings,42,14,20,2,0,0,5,0,0,0,0,0,0,0.0,1,0,1,0,0,0,0,0,4.0509,8,0,0
http://urgent-4o99p.cricket/livbcnkf,36,20,9,1,1,0,3,0,0,0,0,3,0,0.08333333333333333,0,0,0,0,0,1,1,0,4.2947,8,1,1
http://bankofamerica-signin-73kl.cf/news,40,28,5,1,2,0,3,0,0,0,0,2,0,0.05,0,0,0,0,0,1,2,1,4.4153,13,1,1
https://www.facebook.com/profile/login,38,16,14,2,0,0,4,0,0,0,0,0,0,0.0,1,0,1,0,0,1,1,0,4.1857,8,0,0
http://microsoft-login.sspn32.ml/update,39,25,7,2,1,0,3,0,0,0,0,2,0,0.05128205128205128,1,0,0,0,0,1,2,1,4.3362,9,1,1
https://udemy.com/checkout/account/login?page=ew,48,9,23,1,0,0,5,1,1,0,0,0,0,0.0,0,0,1,0,0,1,2,0,4.2522,8,0,0
http://cutt.ly/hli32bs,22,7,8,1,0,0,3,0,0,0,0,2,0,0.09090909090909091,0,0,0,0,1,0,0,0,3.6978,7,0,1
https://www.yahoo.com/signup,28,13,7,2,0,0,3,0,0,0,0,0,0,0.0,1,0,1,0,0,0,0,0,3.9408,6,0,0
http://microsoft-authenticate-fi4p.cf/help,42,30,5,1,2,0,3,0,0,0,0,1,0,0.023809523809523808,0,0,0,0,0,1,1,1,4.0877,12,1,1
http://cutt.ly/vk5sgcs,22,7,8,1,0,0,3,0,0,0,0,1,0,0.045454545454545456,0,0,0,0,1,0,0,0,3.6978,7,0,1
https://www.ea.com/account/support/cart?id=svdaz,48,10,21,2,0,0,5,1,1,0,0,0,0,0.0,1,0,1,0,0,1,1,0,4.205,7,0,0
https://w3.org/contact?sort=5elb45l,35,6,8,1,0,0,3,1,1,0,0,4,0,0.11428571428571428,0,0,1,0,0,0,0,0,4.2402,7,0,0
http://confirm-recover-password-tx57.tk/support?redirect=4wa2gbzuo7&token=mtcoyj61ajsj,86,32,8,1,3,0,3,1,2,0,1,7,0,0.08139534883720931,0,0,0,0,0,1,3,0,4.8457,12,1,1
http://password-update-signin-exyb.tk/blog?redirect=z8trtm477y&token=6zled1lg8y2w,81,30,5,1,3,0,3,1,2,0,1,8,0,0.09876543209876543,0,0,0,0,0,1,3,0,4.87,12,1,1
https://cisco.com/docs/blog,27,9,10,1,0,0,4,0,0,0,0,0,0,0.0,0,0,1,0,0,0,0,0,3.6158,5,0,0
https://www.expedia.com/signup/profile,38,15,15,2,0,0,4,0,0,0,0,0,0,0.0,1,0,1,0,0,0,0,0,4.241,7,0,0
https://www.canva.com,21,13,0,2,0,0,2,0,0,0,0,0,0,0.0,1,0,1,0,0,0,0,0,3.6897,5,0,0
http://update-7u1p8.work/quqb8rcp,33,17,9,1,1,0,3,0,0,0,0,4,0,0.12121212121212122,0,0,0,0,0,1,1,0,4.1879,8,1,1
https://salesforce.com/login,28,14,6,1,0,0,3,0,0,0,0,0,0,0.0,0,0,1,0,0,1,1,0,4.0122,10,0,0
http://paypal-recover-q26t.gq/blog,34,22,5,1,2,0,3,0,0,0,0,2,0,0.058823529411764705,0,0,0,0,0,1,1,1,4.1973,7,1,1
https://www.nasa.gov/help/news,30,12,10,2,0,0,4,0,0,0,0,0,0,0.0,1,0,1,0,0,0,0,0,3.7484,5,0,0
https://www.grubhub.com/?page=e8ud,34,15,1,2,0,0,3,1,1,0,0,1,0,0.029411764705882353,1,0,1,0,0,0,0,0,4.2561,7,0,0
http://netflix.com@netflix.com-be5nw.kim/security,49,21,9,2,1,0,3,0,0,1,0,1,0,0.02040816326530612,1,0,0,0,0,1,1,1,4.4028,11,1,1
https://medium.com/cart/support?lang=ctt058&q=j0y,49,10,13,1,0,0,4,1,2,0,1,4,0,0.08163265306122448,0,0,1,0,0,0,0,0,4.5581,7,0,0
https://www.nature.com/about?category=fqe6,42,14,6,2,0,0,3,1,1,0,0,1,0,0.023809523809523808,1,0,1,0,0,0,0,0,4.3594,8,0,0
https://intel.com/contact/checkout,34,9,17,1,0,0,4,0,0,0,0,0,0,0.0,0,0,1,0,0,0,0,0,3.7382,8,0,0
http://goo.gl/1trpuyd,21,6,8,1,0,0,3,0,0,0,0,1,0,0.047619047619047616,0,0,0,0,1,0,0,0,3.6538,7,0,1
http://125.106.7.163/validate/vhd7b4,36,13,16,3,0,0,4,0,0,0,0,12,0,0.3333333333333333,2,1,0,0,0,1,1,0,4.2181,8,0,1
https://who.int/account/signup/signup?q=4z8d2vf&category=5p03w,62,7,22,1,0,0,5,1,2,0,1,6,0,0.0967741935483871,0,0,1,0,0,1,1,0,4.7324,8,0,0
http://suspend-urgent-validate-v724.ml/docs?redirect=ont75ez6iz&token=8er6u0estie6,82,31,5,1,3,0,3,1,2,0,1,10,0,0.12195121951219512,0,0,0,0,0,1,3,0,4.6869,12,1,1
https://citibank.com/dashboard/orders/signup?page=35a0l725,58,12,24,1,0,0,5,1,1,0,0,6,0,0.10344827586206896,0,0,1,0,0,1,1,0,4.5865,9,0,0
https://www.paypal.com/profile,30,14,8,2,0,0,3,0,0,0,0,0,0,0.0,1,0,1,0,0,0,0,0,3.9899,7,0,0
http://outlook-wallet.qg87ci.xyz/recover,40,25,8,2,1,0,3,0,0,0,0,2,0,0.05,1,0,0,0,0,1,2,1,4.4153,7,1,1
https://w3.org/about/support/blog,33,6,19,1,0,0,5,0,0,0,0,1,0,0.030303030303030304,0,0,1,0,0,0,0,0,3.7606,7,0,0
http://confirm-w1i5k.ml/ofpatm0t,32,16,9,1,1,0,3,0,0,0,0,3,0,0.09375,0,0,0,0,0,1,1,0,4.2028,8,1,1
http://bankofamerica.com@bankofamerica.com-bl116.top/validate,61,27,9,2,1,0,3,0,0,1,0,3,0,0.04918032786885246,1,0,0,0,0,1,2,1,4.3343,17,1,1
https://github.com/services/checkout,36,10,18,1,0,0,4,0,0,0,0,0,0,0.0,0,0,1,0,0,0,0,0,3.9404,8,0,0
http://oybz8gicr6d86u8781xtqsr.icloud.7sh2c2.cricket/billing,60,45,8,3,0,0,3,0,0,0,0,11,0,0.18333333333333332,2,0,0,0,0,1,1,1,4.6029,23,1,1
https://www.stanford.edu/login/dashboard?lang=e9wt00&page=b70,61,16,16,2,0,0,4,1,2,0,1,5,0,0.08196721311475409,1,0,1,0,0,1,1,0,4.5186,9,0,0
http://23.233.15.15/account/vsvits,34,12,15,3,0,0,4,0,0,0,0,9,0,0.2647058823529412,2,1,0,0,0,1,1,0,3.9842,7,0,1
https://www.facebook.com/?page=padahp2,38,16,1,2,0,0,3,1,1,0,0,1,0,0.02631578947368421,1,0,1,0,0,0,0,0,4.1883,8,0,0
https://spotify.com/signup/search?sort=eas6y,44,11,14,1,0,0,4,1,1,0,0,1,0,0.022727272727272728,0,0,1,0,0,0,0,0,4.209,7,0,0
http://48.38.202.51/billing/6q9y4y,34,12,15,3,0,0,4,0,0,0,0,12,0,0.35294117647058826,2,1,0,0,0,1,1,0,4.3006,7,0,1
https://un.org/profile/api,26,6,12,1,0,0,4,0,0,0,0,0,0,0.0,0,0,1,0,0,0,0,0,3.9022,7,0,0
https://www.adobe.com/contact/about/checkout,44,13,23,2,0,0,5,0,0,0,0,0,0,0.0,1,0,1,0,0,0,0,0,3.872,8,0,0
https://160.123.222.233/unlock/fcmvq9,37,15,14,3,0,0,4,0,0,0,0,13,0,0.35135135135135137,2,1,1,0,0,1,1,0,4.2603,6,0,1
https://trello.com,18,10,0,1,0,0,2,0,0,0,0,0,0,0.0,0,0,1,0,0,0,0,0,3.5724,6,0,0
http://instagram-signin.2feu7a.work/authenticate,48,28,13,2,1,0,3,0,0,0,0,2,0,0.041666666666666664,1,0,0,0,0,1,2,1,4.2385,12,1,1
https://amd.com/docs/contact/cart,33,7,18,1,0,0,5,0,0,0,0,0,0,0.0,0,0,1,0,0,0,0,0,3.519,7,0,0
https://booking.com/checkout/home?page=zzdvg7oq,47,11,14,1,0,0,4,1,1,0,0,1,0,0.02127659574468085,0,0,1,0,0,0,0,0,4.3783,8,0,0
https://ieee.org/docs/products?page=77g,39,8,14,1,0,0,4,1,1,0,0,2,0,0.05128205128205128,0,0,1,0,0,0,0,0,4.0604,8,0,0
http://apple-recover-6elc.xyz/cart,34,22,5,1,2,0,3,0,0,0,0,1,0,0.029411764705882353,0,0,0,0,0,1,1,1,3.9764,7,1,1
https://www.paypal.com/checkout/home/cart,41,14,19,2,0,0,5,0,0,0,0,0,0,0.0,1,0,1,0,0,0,0,0,3.9579,8,0,0
https://spotify.com/products,28,11,9,1,0,0,3,0,0,0,0,0,0,0.0,0,0,1,0,0,0,0,0,3.7709,8,0,0
https://chase.com/about/services,32,9,15,1,0,0,4,0,0,0,0,0,0,0.0,0,0,1,0,0,0,0,0,3.8667,8,0,0
http://office365-password-5t54.gq/api,37,26,4,1,2,0,3,0,0,0,0,6,0,0.16216216216216217,0,0,0,0,0,1,1,1,4.3711,9,1,1
http://verify-uzu9s.ml/rkzoeavn,31,15,9,1,1,0,3,0,0,0,0,1,0,0.03225806451612903,0,0,0,0,0,1,1,0,4.4137,8,1,1
https://instacart.com/news?ref=80e&utm_source=jf4aq7,52,13,5,1,0,1,3,1,2,0,1,4,0,0.07692307692307693,0,0,1,0,0,0,0,0,4.573,9,0,0
http://u26sphncasljsi3uduurwu.wellsfargo.dkbu0t.party/confirm,61,46,8,3,0,0,3,0,0,0,0,4,0,0.06557377049180328,2,0,0,0,0,1,1,1,4.631,22,1,1
http://signin-authenticate-billing-9qpe.click/support?redirect=xnhrc4hm08&token=opevhtz4voyb,92,38,8,1,3,0,3,1,2,0,1,5,0,0.05434782608695652,0,0,0,0,0,1,4,0,4.7145,12,1,1
http://bit.ly/xmkto6j,21,6,8,1,0,0,3,0,0,0,0,1,0,0.047619047619047616,0,0,0,0,1,0,0,0,3.7849,7,0,1
https://www.hp.com/products/profile,35,10,17,2,0,0,4,0,0,0,0,0,0,0.0,1,0,1,0,0,0,0,0,3.9789,8,0,0
https://nature.com/products/news,32,10,14,1,0,0,4,0,0,0,0,0,0,0.0,0,0,1,0,0,0,0,0,3.9139,8,0,0
http://urgent-login-recover-jd6z.zip/dashboard?redirect=we3iavx56l&token=ecfdmiladh1d,85,29,10,1,3,0,3,1,2,0,1,5,0,0.058823529411764705,0,0,0,0,0,1,3,0,4.7752,12,1,1
https://www.sap.com,19,11,0,2,0,0,2,0,0,0,0,0,0,0.0,1,0,1,0,0,0,0,0,3.4714,5,0,0
http://account-fm03t.top/zhvez9rt,33,17,9,1,1,0,3,0,0,0,0,3,0,0.09090909090909091,0,0,0,0,0,1,1,0,4.1273,8,1,1
http://is.gd/hbflfb4,20,5,8,1,0,0,3,0,0,0,0,1,0,0.05,0,0,0,0,1,0,0,0,3.6842,7,0,1
https://heroku.com/?category=jawo,33,10,1,1,0,0,3,1,1,0,0,0,0,0.0,0,0,1,0,0,0,0,0,4.2108,8,0,0
https://office.com/products/help/news,37,10,19,1,0,0,5,0,0,0,0,0,0,0.0,0,0,1,0,0,0,0,0,4.0165,8,0,0
http://office365.com@office365.com-bjn7c.party/suspend,54,25,8,2,1,0,3,0,0,1,0,7,0,0.12962962962962962,1,0,0,0,0,1,1,1,4.5441,13,1,1
https://intel.com/settings,26,9,9,1,0,0,3,0,0,0,0,0,0,0.0,0,0,1,0,0,0,0,0,3.6574,8,0,0
http://is.gd/gkqgz3c,20,5,8,1,0,0,3,0,0,0,0,1,0,0.05,0,0,0,0,1,0,0,0,3.7464,7,0,1
http://office365-security.poklf4.ml/wallet,42,28,7,2,1,0,3,0,0,0,0,4,0,0.09523809523809523,1,0,0,0,0,1,2,1,4.4336,9,1,1
http://162.15.119.162/login/f6pzif,34,14,13,3,0,0,4,0,0,0,0,12,0,0.35294117647058826,2,1,0,0,0,1,1,0,3.9369,6,0,1
https://www.linkedin.com/signup/docs,36,16,12,2,0,0,4,0,0,0,0,0,0,0.0,1,0,1,0,0,0,0,0,4.086,8,0,0
https://www.canva.com/docs/api,30,13,9,2,0,0,4,0,0,0,0,0,0,0.0,1,0,1,0,0,0,0,0,3.8314,5,0,0
https://asus.com,16,8,0,1,0,0,2,0,0,0,0,0,0,0.0,0,0,1,0,0,0,0,0,3.4528,5,0,0
https://citibank.com,20,12,0,1,0,0,2,0,0,0,0,0,0,0.0,0,0,1,0,0,1,1,0,3.7842,8,0,0
https://slack.com/docs/cart/docs?id=fov2ygnm&page=7eobj,55,9,15,1,0,0,5,1,2,0,1,2,0,0.03636363636363636,0,0,1,0,0,0,0,0,4.5615,8,0,0
http://uzhhorblb8tnjxcmlzti.icloud.89uv1f.gq/recover,52,37,8,3,0,0,3,0,0,0,0,4,0,0.07692307692307693,2,0,0,0,0,1,1,1,4.5843,20,1,1
http://goo.gl/t4u6o3l,21,6,8,1,0,0,3,0,0,0,0,3,0,0.14285714285714285,0,0,0,0,1,0,0,0,3.5226,7,0,1
https://www.trello.com/contact,30,14,8,2,0,0,3,0,0,0,0,0,0,0.0,1,0,1,0,0,0,0,0,3.7526,7,0,0
https://www.figma.com/?category=zzkw,36,13,1,2,0,0,3,1,1,0,0,0,0,0.0,1,0,1,0,0,0,0,0,4.2947,8,0,0
https://www.discord.com,23,15,0,2,0,0,2,0,0,0,0,0,0,0.0,1,0,1,0,0,0,0,0,3.7081,7,0,0
https://www.irs.gov/?page=jo,28,11,1,2,0,0,3,1,1,0,0,0,0,0.0,1,0,1,0,0,0,0,0,4.0391,5,0,0
http://goo.gl/x8uy5vw,21,6,8,1,0,0,3,0,0,0,0,2,0,0.09523809523809523,0,0,0,0,1,0,0,0,3.8802,7,0,1
http://apple-wallet.oa8fvf.party/account,40,25,8,2,1,0,3,0,0,0,0,1,0,0.025,1,0,0,0,0,1,2,1,4.0537,7,1,1
http://wallet-do9ay.link/ilvb8dm1,33,17,9,1,1,0,3,0,0,0,0,3,0,0.09090909090909091,0,0,0,0,0,1,1,0,4.332,8,1,1
http://q1rucl37pr5a5hfs.amazon.h6qrnv.cricket/password,54,38,9,3,0,0,3,0,0,0,0,6,0,0.1111111111111111,2,0,0,0,0,1,1,1,4.6272,16,1,1
http://wallet-update-suspend-3h5y.review/dashboard?redirect=ykmuy2biad&token=vo9f188nv6yy,89,33,10,1,3,0,3,1,2,0,1,8,0,0.0898876404494382,0,0,0,0,0,1,3,0,4.8377,12,1,1
https://amd.com/help/account,28,7,13,1,0,0,4,0,0,0,0,0,0,0.0,0,0,1,0,0,1,1,0,3.8249,7,0,0
https://www.github.com/support/docs/docs,40,14,18,2,0,0,5,0,0,0,0,0,0,0.0,1,0,1,0,0,0,0,0,3.8751,7,0,0
http://recover-secure-signin-7yvr.kim/news?redirect=wzn4xj765v&token=a97kzb5fw1du,81,30,5,1,3,0,3,1,2,0,1,9,0,0.1111111111111111,0,0,0,0,0,1,3,0,4.8934,12,1,1
https://www.shopify.com/search/news/cart,40,15,17,2,0,0,5,0,0,0,0,0,0,0.0,1,0,1,0,0,0,0,0,3.9751,7,0,0
http://paypal-wallet.qfglyg.gq/confirm,38,23,8,2,1,0,3,0,0,0,0,0,0,0.0,1,0,0,0,0,1,2,1,4.2012,7,1,1
https://sciencedirect.com/cart/settings/products?lang=9gm5,58,17,23,1,0,0,5,1,1,0,0,2,0,0.034482758620689655,0,0,1,0,0,0,0,0,4.2132,13,0,0
https://www.wikipedia.org/profile/contact/dashboard?id=74x2&utm_source=zezqa,76,17,26,2,0,1,5,1,2,0,1,3,0,0.039473684210526314,1,0,1,0,0,0,0,0,4.7438,9,0,0
http://ziy75itdl35jrj9r3vp8l.chase.im06et.top/wallet,52,38,7,3,0,0,3,0,0,0,0,9,0,0.17307692307692307,2,0,0,0,0,1,1,1,4.5604,21,1,1
https://www.bestbuy.com/api/blog,32,15,9,2,0,0,4,0,0,0,0,0,0,0.0,1,0,1,0,0,0,0,0,4.0542,7,0,0
https://apple.com/login/signup?utm_source=wp&category=id9v,58,9,13,1,0,1,4,1,2,0,1,1,0,0.017241379310344827,0,0,1,0,0,1,1,0,4.5452,8,0,0
http://icloud-urgent.a6m04y.top/unlock,38,24,7,2,1,0,3,0,0,0,0,3,0,0.07894736842105263,1,0,0,0,0,1,2,1,4.3989,6,1,1
http://0h4fl7q15whqmn7.outlook.d922wa.ml/security,49,33,9,3,0,0,3,0,0,0,0,9,0,0.1836734693877551,2,0,0,0,0,1,1,1,4.7214,15,1,1
https://paypal.com/login/docs,29,10,11,1,0,0,4,0,0,0,0,0,0,0.0,0,0,1,0,0,1,1,0,3.9094,6,0,0
https://www.python.org/about/news,33,14,11,2,0,0,4,0,0,0,0,0,0,0.0,1,0,1,0,0,0,0,0,3.87,6,0,0
https://salesforce.com/home,27,14,5,1,0,0,3,0,0,0,0,0,0,0.0,0,0,1,0,0,0,0,0,3.7542,10,0,0
http://bankofamerica.com@bankofamerica.com-2qlaw.party/login,60,29,6,2,1,0,3,0,0,1,0,1,0,0.016666666666666666,1,0,0,0,0,1,2,1,4.3712,17,1,1
https://www.ibm.com/search/profile,34,11,15,2,0,0,4,0,0,0,0,0,0,0.0,1,0,1,0,0,0,0,0,4.0653,7,0,0
http://125.172.81.59/validate/81xlax,36,13,16,3,0,0,4,0,0,0,0,12,0,0.3333333333333333,2,1,0,0,0,1,1,0,4.0515,8,0,1
https://amd.com/news/api/search,31,7,16,1,0,0,5,0,0,0,0,0,0,0.0,0,0,1,0,0,0,0,0,3.8858,6,0,0
https://www.stanford.edu/checkout/api/support,45,16,21,2,0,0,5,0,0,0,0,0,0,0.0,1,0,1,0,0,0,0,0,4.0643,8,0,0
https://www.notion.so/?utm_source=piwu&lang=ftl,47,13,1,2,0,1,3,1,2,0,1,0,0,0.0,1,0,1,0,0,0,0,0,4.3497,6,0,0
http://icloud.com@icloud.com-mg2k8.zip/secure,45,20,7,2,1,0,3,0,0,1,0,2,0,0.044444444444444446,1,0,0,0,0,1,1,1,4.3055,10,1,1
http://4.224.190.128/wallet/8wbgpf,34,13,14,3,0,0,4,0,0,0,0,11,0,0.3235294117647059,2,1,0,0,0,1,1,0,4.0797,6,0,1
http://account-secure-password-j6qh.party/home?redirect=f53qb38yhe&token=dxfe3jwe46xa,85,34,5,1,3,0,3,1,2,0,1,8,0,0.09411764705882353,0,0,0,0,0,1,3,0,4.8073,12,1,1
https://bestbuy.com/dashboard/settings/blog,43,11,24,1,0,0,5,0,0,0,0,0,0,0.0,0,0,1,0,0,0,0,0,4.0871,9,0,0
http://office365-security-m5f5.kim/search,41,27,7,1,2,0,3,0,0,0,0,5,0,0.12195121951219512,0,0,0,0,0,1,1,1,4.3018,9,1,1
https://twitter.com,19,11,0,1,0,0,2,0,0,0,0,0,0,0.0,0,0,1,0,0,0,0,0,3.5316,7,0,0
http://paypal-suspend-c7m8.xyz/about,36,23,6,1,2,0,3,0,0,0,0,2,0,0.05555555555555555,0,0,0,0,0,1,1,1,4.3292,7,1,1
http://ttmppjbeahy5ho37pjpo.facebook.3cvs3z.click/secure,56,42,7,3,0,0,3,0,0,0,0,5,0,0.08928571428571429,2,0,0,0,0,1,2,1,4.4459,20,1,1
http://alls51piagwkr37h4kymhvkc.amazon.xallss.gq/validate,57,41,9,3,0,0,3,0,0,0,0,5,0,0.08771929824561403,2,0,0,0,0,1,1,1,4.6085,24,1,1
https://www.usa.gov/orders/about/blog?q=3wdnmvq,47,11,18,2,0,0,5,1,1,0,0,1,0,0.02127659574468085,1,0,1,0,0,0,0,0,4.3818,7,0,0
https://uber.com/settings/profile?q=vmljekbv,44,8,17,1,0,0,4,1,1,0,0,0,0,0.0,0,0,1,0,0,0,0,0,4.4423,8,0,0
https://109.147.60.22/unlock/i2iwmc,35,13,14,3,0,0,4,0,0,0,0,11,0,0.3142857142857143,2,1,1,0,0,1,1,0,4.3433,6,0,1
https://114.200.86.193/recover/l5vecf,37,14,15,3,0,0,4,0,0,0,0,12,0,0.32432432432432434,2,1,1,0,0,1,1,0,4.3374,7,0,1
http://qii1ej4puzq67n3ytc84ve4.instagram.1w4s6f.loan/update,59,45,7,3,0,0,3,0,0,0,0,11,0,0.1864406779661017,2,0,0,0,0,1,1,1,4.7616,23,1,1
http://billing-9lxg3.review/tzgwkidn,36,20,9,1,1,0,3,0,0,0,0,2,0,0.05555555555555555,0,0,0,0,0,1,1,0,4.2527,8,1,1
https://www.instacart.com/docs/dashboard?q=a1pjgfjc,51,17,15,2,0,0,4,1,1,0,0,1,0,0.0196078431372549,1,0,1,0,0,0,0,0,4.3416,9,0,0
https://90.184.191.58/billing/wj1czq,36,13,15,3,0,0,4,0,0,0,0,11,0,0.3055555555555556,2,1,1,0,0,1,1,0,4.3156,7,0,1
http://t.co/xb7gior,19,4,8,1,0,0,3,0,0,0,0,1,0,0.05263157894736842,0,0,0,0,1,0,0,0,3.6421,7,0,1
http://4f4n3za0co76o8q.amazon.he4qgf.link/urgent,48,34,7,3,0,0,3,0,0,0,0,8,0,0.16666666666666666,2,0,0,0,0,1,1,1,4.5739,15,1,1
http://validate-secure-login-ofzd.zip/about?redirect=nyzhhizebg&token=9k4ssb1pbzvr,82,30,6,1,3,0,3,1,2,0,1,3,0,0.036585365853658534,0,0,0,0,0,1,3,0,4.7183,12,1,1
https://www.instagram.com/home/signup/services,46,17,21,2,0,0,5,0,0,0,0,0,0,0.0,1,0,1,0,0,0,0,0,4.1107,9,0,0
http://chase.com@chase.com-gzw6i.kim/alert,42,19,6,2,1,0,3,0,0,1,0,1,0,0.023809523809523808,1,0,0,0,0,1,1,1,4.2665,9,1,1
http://wallet-q4jqh.work/o91oa8nz,33,17,9,1,1,0,3,0,0,0,0,4,0,0.12121212121212122,0,0,0,0,0,1,1,0,4.3091,8,1,1
https://www.github.com/settings/checkout/profile,48,14,26,2,0,0,5,0,0,0,0,0,0,0.0,1,0,1,0,0,0,0,0,4.1599,8,0,0
http://password-alert-update-t0z4.work/blog?redirect=l5rkh87cya&token=mnj8pl3m871n,82,31,5,1,3,0,3,1,2,0,1,10,0,0.12195121951219512,0,0,0,0,0,1,3,0,4.8783,12,1,1
http://tinyurl.com/9gx06aw,26,11,8,1,0,0,3,0,0,0,0,3,0,0.11538461538461539,0,0,0,0,1,0,0,0,4.3347,7,0,1
http://office365.com@office365.com-wi2sk.ml/billing,51,22,8,2,1,0,3,0,0,1,0,7,0,0.13725490196078433,1,0,0,0,0,1,1,1,4.4052,13,1,1
https://linkedin.com/home/account?lang=tkmccdue&ref=7v911p,58,12,13,1,0,0,4,1,2,0,1,4,0,0.06896551724137931,0,0,1,0,0,1,1,0,4.5973,8,0,0
http://bit.ly/tw963zs,21,6,8,1,0,0,3,0,0,0,0,3,0,0.14285714285714285,0,0,0,0,1,0,0,0,3.7849,7,0,1
https://shopify.com/home/api?id=sfq&q=nofg,42,11,9,1,0,0,4,1,2,0,1,0,0,0.0,0,0,1,0,0,0,0,0,4.2548,7,0,0
https://sap.com/profile/settings?sort=1k7f5,43,7,17,1,0,0,4,1,1,0,0,3,0,0.06976744186046512,0,0,1,0,0,0,0,0,4.293,8,0,0
https://28.116.78.228/account/fwsklw,36,13,15,3,0,0,4,0,0,0,0,10,0,0.2777777777777778,2,1,1,0,0,1,1,0,4.1972,7,0,1
https://www.slack.com/profile/orders,36,13,15,2,0,0,4,0,0,0,0,0,0,0.0,1,0,1,0,0,0,0,0,4.086,7,0,0
https://www.cnn.com/products,28,11,9,2,0,0,3,0,0,0,0,0,0,0.0,1,0,1,0,0,0,0,0,3.7709,8,0,0
https://www.twitch.tv/docs/news?utm_source=esvr022w&sort=nsgzsr,63,13,10,2,0,1,4,1,2,0,1,3,0,0.047619047619047616,1,0,1,0,0,0,0,0,4.3356,8,0,0
http://recover-3hio0.xyz/v0m96xr8,33,17,9,1,1,0,3,0,0,0,0,6,0,0.18181818181818182,0,0,0,0,0,1,1,0,4.332,8,1,1
http://whatsapp-update-lp0r.xyz/dashboard,41,24,10,1,2,0,3,0,0,0,0,1,0,0.024390243902439025,0,0,0,0,0,1,1,1,4.1018,9,1,1
http://bankofamerica-security.3cz29l.review/suspend,51,36,8,2,1,0,3,0,0,0,0,3,0,0.058823529411764705,1,0,0,0,0,1,3,1,4.6353,13,1,1
https://twitch.tv/checkout/docs/account?page=jqigyvz,52,9,22,1,0,0,5,1,1,0,0,0,0,0.0,0,0,1,0,0,1,1,0,4.3104,8,0,0
https://www.zoom.us/help/cart/api,33,11,14,2,0,0,5,0,0,0,0,0,0,0.0,1,0,1,0,0,0,0,0,3.9573,5,0,0
https://www.bing.com/settings,29,12,9,2,0,0,3,0,0,0,0,0,0,0.0,1,0,1,0,0,0,0,0,3.8144,8,0,0
https://www.reddit.com/api?ref=r2&q=m40oe,41,14,4,2,0,0,3,1,2,0,1,3,0,0.07317073170731707,1,0,1,0,0,0,0,0,4.4362,6,0,0
http://netflix.com@netflix.com-o8pe7.party/secure,49,23,7,2,1,0,3,0,0,1,0,2,0,0.04081632653061224,1,0,0,0,0,1,1,1,4.3699,11,1,1
http://verify-secure-authenticate-aj7s.click/dashboard?redirect=6jxryx5zvo&token=mxw3hb9eeq0c,93,37,10,1,3,0,3,1,2,0,1,6,0,0.06451612903225806,0,0,0,0,0,1,4,0,4.8614,12,1,1
http://fg3mlof683mjozgxua4dqxin6.chase.7273jy.kim/account,57,42,8,3,0,0,3,0,0,0,0,10,0,0.17543859649122806,2,0,0,0,0,1,1,1,4.8147,25,1,1
https://intel.com/checkout/support?page=tii4fqco,48,9,17,1,0,0,4,1,1,0,0,1,0,0.020833333333333332,0,0,1,0,0,0,0,0,4.2721,8,0,0
https://www.reddit.com/signup/help?ref=at5l0n2,46,14,12,2,0,0,4,1,1,0,0,3,0,0.06521739130434782,1,0,1,0,0,0,0,0,4.5178,7,0,0
http://amazon.com@amazon.com-nwzxn.ml/security,46,19,9,2,1,0,3,0,0,1,0,0,0,0.0,1,0,0,0,0,1,1,1,4.2326,10,1,1
http://goo.gl/toczcec,21,6,8,1,0,0,3,0,0,0,0,0,0,0.0,0,0,0,0,1,0,0,0,3.3914,7,0,1
http://o5a439gf5lxk2g5eol0ta.paypal.8rd05n.xyz/confirm,54,39,8,3,0,0,3,0,0,0,0,11,0,0.2037037037037037,2,0,0,0,0,1,1,1,4.671,21,1,1
http://microsoft-verify.7spbzg.zip/password,43,27,9,2,1,0,3,0,0,0,0,1,0,0.023255813953488372,1,0,0,0,0,1,2,1,4.3617,9,1,1
https://nature.com,18,10,0,1,0,0,2,0,0,0,0,0,0,0.0,0,0,1,0,0,0,0,0,3.7947,6,0,0
http://apple-update.zqq5eb.top/confirm,38,23,8,2,1,0,3,0,0,0,0,1,0,0.02631578947368421,1,0,0,0,0,1,2,1,4.2711,7,1,1
http://apple-login.12wuw6.top/recover,37,22,8,2,1,0,3,0,0,0,0,3,0,0.08108108108108109,1,0,0,0,0,1,2,1,4.263,7,1,1
http://apple.com@apple.com-6vfh3.tk/password,44,18,9,2,1,0,3,0,0,1,0,2,0,0.045454545454545456,1,0,0,0,0,1,1,1,4.2939,9,1,1
https://harvard.edu/checkout/orders/blog?id=li,46,11,21,1,0,0,5,1,1,0,0,0,0,0.0,0,0,1,0,0,0,0,0,4.249,8,0,0
https://lyft.com/about,22,8,6,1,0,0,3,0,0,0,0,0,0,0.0,0,0,1,0,0,0,0,0,3.7888,5,0,0
http://confirm-password-suspend-67st.gq/signup?redirect=li72w4oebm&token=qpjbmwmnohg3,85,32,7,1,3,0,3,1,2,0,1,6,0,0.07058823529411765,0,0,0,0,0,1,3,0,4.8172,12,1,1
http://google-alert-oqc2.gq/search,34,20,7,1,2,0,3,0,0,0,0,1,0,0.029411764705882353,0,0,0,0,0,1,1,1,3.9764,6,1,1
https://www.instacart.com/dashboard/products/about?lang=bx&utm_source=0q929u,76,17,25,2,0,1,5,1,2,0,1,4,0,0.05263157894736842,1,0,1,0,0,0,0,0,4.5918,9,0,0
https://asus.com/docs/login/contact?q=eq,40,8,19,1,0,0,5,1,1,0,0,0,0,0.0,0,0,1,0,0,1,1,0,4.0817,7,0,0
https://docker.com/support,26,10,8,1,0,0,3,0,0,0,0,0,0,0.0,0,0,1,0,0,0,0,0,3.7381,7,0,0
http://xvxc6seuranddept.facebook.lt05uq.click/signin,52,38,7,3,0,0,3,0,0,0,0,3,0,0.057692307692307696,2,0,0,0,0,1,2,1,4.5894,16,1,1
http://signin-secure-verify-jw38.zip/search?redirect=zuf0ue99oh&token=12pgx409wnzm,82,29,7,1,3,0,3,1,2,0,1,10,0,0.12195121951219512,0,0,0,0,0,1,3,0,4.9184,12,1,1
http://paypal-suspend.op6ztt.click/security,43,27,9,2,1,0,3,0,0,0,0,1,0,0.023255813953488372,1,0,0,0,0,1,3,1,4.229,8,1,1
http://google-alert.vytsu2.review/alert,39,26,6,2,1,0,3,0,0,0,0,1,0,0.02564102564102564,1,0,0,0,0,1,1,1,4.0679,6,1,1
https://doordash.com/news/home,30,12,10,1,0,0,4,0,0,0,0,0,0,0.0,0,0,1,0,0,0,0,0,3.7899,8,0,0
http://unlock-login-recover-kzzm.xyz/settings?redirect=uigjd3x4yh&token=5hoa7wkdpehd,84,29,9,1,3,0,3,1,2,0,1,4,0,0.047619047619047616,0,0,0,0,0,1,3,0,4.8144,12,1,1
https://www.doordash.com/account/signup/products,48,16,24,2,0,0,5,0,0,0,0,0,0,0.0,1,0,1,0,0,1,1,0,3.9967,8,0,0
http://apple-alert-izs3.cf/profile,34,19,8,1,2,0,3,0,0,0,0,1,0,0.029411764705882353,0,0,0,0,0,1,1,1,3.9987,7,1,1
http://wellsfargo-authenticate-jfzp.kim/account,47,32,8,1,2,0,3,0,0,0,0,0,0,0.0,0,0,0,0,0,1,2,1,4.3679,12,1,1
http://suspend-h2nxx.tk/9y56ca03,32,16,9,1,1,0,3,0,0,0,0,6,0,0.1875,0,0,0,0,0,1,1,0,4.3903,8,1,1
https://www.nvidia.com,22,14,0,2,0,0,2,0,0,0,0,0,0,0.0,1,0,1,0,0,0,0,0,3.8797,6,0,0
https://www.target.com/blog/signup,34,14,12,2,0,0,4,0,0,0,0,0,0,0.0,1,0,1,0,0,0,0,0,4.1019,6,0,0
http://validate-3u0qj.kim/4dphu2xr,34,18,9,1,1,0,3,0,0,0,0,4,0,0.11764705882352941,0,0,0,0,0,1,1,0,4.4548,8,1,1
https://129.93.107.1/suspend/236qk3,35,12,15,3,0,0,4,0,0,0,0,13,0,0.37142857142857144,2,1,1,0,0,1,1,0,4.1287,7,0,1
http://bit.ly/b362m9e,21,6,8,1,0,0,3,0,0,0,0,4,0,0.19047619047619047,0,0,0,0,1,0,0,0,3.8442,7,0,1
http://password-update-confirm-qpeo.loan/home?redirect=ukondhkbrj&token=iglg08yvu69q,84,33,5,1,3,0,3,1,2,0,1,4,0,0.047619047619047616,0,0,0,0,0,1,3,0,4.8487,12,1,1
http://cutt.ly/r4knbd9,22,7,8,1,0,0,3,0,0,0,0,2,0,0.09090909090909091,0,0,0,0,1,0,0,0,3.8797,7,0,1
http://130.95.255.145/update/2kga99,35,14,14,3,0,0,4,0,0,0,0,14,0,0.4,2,1,0,0,0,1,1,0,4.036,6,0,1
https://www.hsbc.com/login/checkout/contact?sort=5u,51,12,23,2,0,0,5,1,1,0,0,1,0,0.0196078431372549,1,0,1,0,0,1,1,0,4.2116,8,0,0
https://asus.com/docs/cart,26,8,10,1,0,0,4,0,0,0,0,0,0,0.0,0,0,1,0,0,0,0,0,3.5654,5,0,0
https://cisco.com/account?category=twcw,39,9,8,1,0,0,3,1,1,0,0,0,0,0.0,0,0,1,0,0,1,1,0,4.0029,8,0,0
http://suspend-4kv2r.xyz/p8oei975,33,17,9,1,1,0,3,0,0,0,0,6,0,0.18181818181818182,0,0,0,0,0,1,1,0,4.5744,8,1,1
https://www.hp.com/blog?sort=lbx889e,36,10,5,2,0,0,3,1,1,0,0,3,0,0.08333333333333333,1,0,1,0,0,0,0,0,4.2527,7,0,0
http://alert-90q5n.party/szbaivek,33,17,9,1,1,0,3,0,0,0,0,3,0,0.09090909090909091,0,0,0,0,0,1,1,0,4.332,8,1,1
http://wellsfargo-update-0sb9.gq/checkout,41,25,9,1,2,0,3,0,0,0,0,2,0,0.04878048780487805,0,0,0,0,0,1,1,1,4.4427,10,1,1
http://wallet-nq2w9.kim/3r2dxjox,32,16,9,1,1,0,3,0,0,0,0,4,0,0.125,0,0,0,0,0,1,1,0,4.4528,8,1,1
https://hp.com/profile,22,6,8,1,0,0,3,0,0,0,0,0,0,0.0,0,0,1,0,0,0,0,0,3.7544,7,0,0
http://apple-unlock-7wg1.cricket/help,37,25,5,1,2,0,3,0,0,0,0,2,0,0.05405405405405406,0,0,0,0,0,1,1,1,4.1885,7,1,1
https://steam.com/?sort=9ye6&page=grmq,38,9,1,1,0,0,3,1,2,0,1,2,0,0.05263157894736842,0,0,1,0,0,0,0,0,4.2211,5,0,0
https://amazon.com/contact/docs/settings?category=m2,52,10,22,1,0,0,5,1,1,0,0,1,0,0.019230769230769232,0,0,1,0,0,0,0,0,4.0852,8,0,0
http://outlook-recover.z3t1wm.tk/verify,39,25,7,2,1,0,3,0,0,0,0,2,0,0.05128205128205128,1,0,0,0,0,1,2,1,4.263,7,1,1
https://www.linkedin.com/signup/cart,36,16,12,2,0,0,4,0,0,0,0,0,0,0.0,1,0,1,0,0,0,0,0,4.1972,8,0,0
http://chase-unlock.31fez0.click/alert,38,25,6,2,1,0,3,0,0,0,0,3,0,0.07894736842105263,1,0,0,0,0,1,3,1,4.3264,6,1,1
http://suspend-login-unlock-4ngy.top/help?redirect=ysrttymmcw&token=pbv6cidr6k3l,80,29,5,1,3,0,3,1,2,0,1,4,0,0.05,0,0,0,0,0,1,3,0,4.6749,12,1,1
https://126.140.111.180/signin/7lyozd,37,15,14,3,0,0,4,0,0,0,0,13,0,0.35135135135135137,2,1,1,0,0,1,1,0,4.1753,6,0,1
http://cutt.ly/2zvbcet,22,7,8,1,0,0,3,0,0,0,0,1,0,0.045454545454545456,0,0,0,0,1,0,0,0,3.6247,7,0,1
https://www.dropbox.com/docs,28,15,5,2,0,0,3,0,0,0,0,0,0,0.0,1,0,1,0,0,0,0,0,3.7534,7,0,0
https://www.sciencedirect.com/api/about,39,21,10,2,0,0,4,0,0,0,0,0,0,0.0,1,0,1,0,0,0,0,0,4.0478,13,0,0
https://www.digitalocean.com/docs/api/news,42,20,14,2,0,0,5,0,0,0,0,0,0,0.0,1,0,1,0,0,0,0,0,4.0081,12,0,0
https://www.bestbuy.com/help?utm_source=zja8dz,46,15,5,2,0,1,3,1,1,0,0,1,0,0.021739130434782608,1,0,1,0,0,0,0,0,4.485,7,0,0
http://linkedin.com@linkedin.com-pkqgb.ml/urgent,48,21,7,2,1,0,3,0,0,1,0,0,0,0.0,1,0,0,0,0,1,1,1,4.2747,12,1,1
http://verify-hojal.xyz/qm11r99a,32,16,9,1,1,0,3,0,0,0,0,4,0,0.125,0,0,0,0,0,1,1,0,4.4139,8,1,1
https://paypal.com/login?category=n7zsedfq,42,10,6,1,0,0,3,1,1,0,0,1,0,0.023809523809523808,0,0,1,0,0,1,1,0,4.4929,8,0,0
http://office365-confirm-1ar1.kim/account,41,26,8,1,2,0,3,0,0,0,0,5,0,0.12195121951219512,0,0,0,0,0,1,2,1,4.2899,9,1,1
http://secure-crx6s.gq/yziepo77,31,15,9,1,1,0,3,0,0,0,0,3,0,0.0967741935483871,0,0,0,0,0,1,1,0,4.2603,8,1,1
https://lenovo.com/?ref=70pa,28,10,1,1,0,0,3,1,1,0,0,2,0,0.07142857142857142,0,0,1,0,0,0,0,0,4.2534,6,0,0
https://bing.com/docs/help?page=azz81,37,8,10,1,0,0,4,1,1,0,0,2,0,0.05405405405405406,0,0,1,0,0,0,0,0,4.3782,5,0,0
https://ieee.org/news/dashboard,31,8,15,1,0,0,4,0,0,0,0,0,0,0.0,0,0,1,0,0,0,0,0,3.8976,9,0,0
http://wellsfargo-suspend.1o082s.click/login,44,31,6,2,1,0,3,0,0,0,0,4,0,0.09090909090909091,1,0,0,0,0,1,3,1,4.516,10,1,1
https://cloudflare.com,22,14,0,1,0,0,2,0,0,0,0,0,0,0.0,0,0,1,0,0,0,0,0,4.0049,10,0,0
http://linkedin-wallet.qhc5s8.click/recover,43,28,8,2,1,0,3,0,0,0,0,2,0,0.046511627906976744,1,0,0,0,0,1,3,1,4.3038,8,1,1
http://88.235.64.76/signin/snjczo,33,12,14,3,0,0,4,0,0,0,0,9,0,0.2727272727272727,2,1,0,0,0,1,1,0,4.2108,6,0,1
https://reddit.com,18,10,0,1,0,0,2,0,0,0,0,0,0,0.0,0,0,1,0,0,0,0,0,3.6835,6,0,0
https://expedia.com/dashboard/home,34,11,15,1,0,0,4,0,0,0,0,0,0,0.0,0,0,1,0,0,0,0,0,3.9176,9,0,0
https://www.khanacademy.org/blog,32,19,5,2,0,0,3,0,0,0,0,0,0,0.0,1,0,1,0,0,0,0,0,4.2417,11,0,0
http://3o0sw58611gqit8d9g.netflix.x2hivd.link/authenticate,58,38,13,3,0,0,3,0,0,0,0,10,0,0.1724137931034483,2,0,0,0,0,1,1,1,4.6677,18,1,1
http://signin-suspend-wallet-0lxw.link/support?redirect=5nx3m4clen&token=7ct4ru76b83u,85,31,8,1,3,0,3,1,2,0,1,10,0,0.11764705882352941,0,0,0,0,0,1,3,0,4.7778,12,1,1
https://irs.gov/about/blog,26,7,11,1,0,0,4,0,0,0,0,0,0,0.0,0,0,1,0,0,0,0,0,3.7962,5,0,0
http://linkedin-authenticate.6wst0x.review/recover,50,35,8,2,1,0,3,0,0,0,0,2,0,0.04,1,0,0,0,0,1,2,1,4.2553,12,1,1
https://heroku.com/cart/services/support,40,10,22,1,0,0,5,0,0,0,0,0,0,0.0,0,0,1,0,0,0,0,0,3.8562,8,0,0
http://icloud-urgent.2u5cfp.cricket/account,43,28,8,2,1,0,3,0,0,0,0,2,0,0.046511627906976744,1,0,0,0,0,1,2,1,4.1734,7,1,1
https://www.kubernetes.io/docs/dashboard/support?page=587h,58,17,23,2,0,0,5,1,1,0,0,3,0,0.05172413793103448,1,0,1,0,0,0,0,0,4.3926,10,0,0
https://netflix.com/?sort=tcagr,31,11,1,1,0,0,3,1,1,0,0,0,0,0.0,0,0,1,0,0,0,0,0,4.1682,7,0,0
http://chase-security-k37f.work/checkout,40,24,9,1,2,0,3,0,0,0,0,2,0,0.05,0,0,0,0,0,1,1,1,4.1964,8,1,1
https://www.khanacademy.org/services,36,19,9,2,0,0,3,0,0,0,0,0,0,0.0,1,0,1,0,0,0,0,0,4.2317,11,0,0
http://microsoft-validate-9vf6.click/blog,41,29,5,1,2,0,3,0,0,0,0,2,0,0.04878048780487805,0,0,0,0,0,1,2,1,4.3874,9,1,1
http://hanhdt4rk9ffy71knckonrh.icloud.hkycq2.review/billing,59,44,8,3,0,0,3,0,0,0,0,5,0,0.0847457627118644,2,0,0,0,0,1,1,1,4.6261,23,1,1
https://www.shopify.com/services,32,15,9,2,0,0,3,0,0,0,0,0,0,0.0,1,0,1,0,0,0,0,0,3.9528,8,0,0
https://dropbox.com/contact?category=jhr&utm_source=gvr,55,11,8,1,0,1,3,1,2,0,1,0,0,0.0,0,0,1,0,0,0,0,0,4.3815,8,0,0
http://paypal-confirm-yy5x.ml/checkout,38,22,9,1,2,0,3,0,0,0,0,1,0,0.02631578947368421,0,0,0,0,0,1,1,1,4.3065,8,1,1
https://shopify.com,19,11,0,1,0,0,2,0,0,0,0,0,0,0.0,0,0,1,0,0,0,0,0,3.6163,7,0,0
http://netflix-alert-b73s.cf/blog,33,21,5,1,2,0,3,0,0,0,0,2,0,0.06060606060606061,0,0,0,0,0,1,1,1,4.2714,7,1,1
http://security-bwnuh.work/tkftuwfv,35,19,9,1,1,0,3,0,0,0,0,0,0,0.0,0,0,0,0,0,1,1,0,4.1614,8,1,1
http://validate-signin-verify-dbfx.xyz/login?redirect=wxj46t9dnz&token=wss9v66dqa4s,83,31,6,1,3,0,3,1,2,0,1,7,0,0.08433734939759036,0,0,0,0,0,1,4,0,4.8433,12,1,1
http://31k26gfxamhv1f070.google.vk32rg.loan/secure,50,36,7,3,0,0,3,0,0,0,0,10,0,0.2,2,0,0,0,0,1,1,1,4.6235,17,1,1
http://tinyurl.com/651lzvg,26,11,8,1,0,0,3,0,0,0,0,3,0,0.11538461538461539,0,0,0,0,1,0,0,0,4.2578,7,0,1
https://www.quora.com/?ref=vwct8&id=bs,38,13,1,2,0,0,3,1,2,0,1,1,0,0.02631578947368421,1,0,1,0,0,0,0,0,4.4714,5,0,0
https://www.stanford.edu/cart/blog,34,16,10,2,0,0,4,0,0,0,0,0,0,0.0,1,0,1,0,0,0,0,0,4.1241,8,0,0
https://www.instacart.com,25,17,0,2,0,0,2,0,0,0,0,0,0,0.0,1,0,1,0,0,0,0,0,3.7337,9,0,0
https://shopify.com/api,23,11,4,1,0,0,3,0,0,0,0,0,0,0.0,0,0,1,0,0,0,0,0,3.6753,7,0,0
https://www.vmware.com/about/api/settings,41,14,19,2,0,0,5,0,0,0,0,0,0,0.0,1,0,1,0,0,0,0,0,4.0715,8,0,0
https://wikipedia.org/signup/signup,35,13,14,1,0,0,4,0,0,0,0,0,0,0.0,0,0,1,0,0,0,0,0,3.8973,9,0,0
https://www.heroku.com/products/contact/help?sort=loqc3xn&q=kv9dt,65,14,22,2,0,0,5,1,2,0,1,2,0,0.03076923076923077,1,0,1,0,0,0,0,0,4.4815,8,0,0
https://amazon.com/login/docs/account?category=yahu,51,10,19,1,0,0,5,1,1,0,0,0,0,0.0,0,0,1,0,0,1,2,0,4.2,8,0,0
https://microsoft.com/docs/news?category=nk,43,13,10,1,0,0,4,1,1,0,0,0,0,0.0,0,0,1,0,0,0,0,0,4.226,9,0,0
https://www.cisco.com/login/cart,32,13,11,2,0,0,4,0,0,0,0,0,0,0.0,1,0,1,0,0,1,1,0,3.8667,5,0,0
http://81.156.144.169/recover/smxvqc,36,14,15,3,0,0,4,0,0,0,0,11,0,0.3055555555555556,2,1,0,0,0,1,1,0,4.2045,7,0,1
http://update-unlock-urgent-bj1n.work/home?redirect=j8yswv20k9&token=jx42eh0qbvrp,81,30,5,1,3,0,3,1,2,0,1,8,0,0.09876543209876543,0,0,0,0,0,1,3,0,4.9164,12,1,1
https://www.ea.com,18,10,0,2,0,0,2,0,0,0,0,0,0,0.0,1,0,1,0,0,0,0,0,3.5724,5,0,0
https://207.232.138.238/security/sj64yw,39,15,16,3,0,0,4,0,0,0,0,14,0,0.358974358974359,2,1,1,0,0,1,1,0,4.2849,8,0,1
https://asus.com/home/news/home,31,8,15,1,0,0,5,0,0,0,0,0,0,0.0,0,0,1,0,0,0,0,0,3.6436,5,0,0
https://www.python.org/contact/checkout,39,14,17,2,0,0,4,0,0,0,0,0,0,0.0,1,0,1,0,0,0,0,0,3.8746,8,0,0
https://figma.com,17,9,0,1,0,0,2,0,0,0,0,0,0,0.0,0,0,1,0,0,0,0,0,3.7345,5,0,0
https://www.kubernetes.io/api/checkout/login,44,17,19,2,0,0,5,0,0,0,0,0,0,0.0,1,0,1,0,0,1,1,0,4.1441,10,0,0
https://notion.so/settings/products/products,44,9,27,1,0,0,5,0,0,0,0,0,0,0.0,0,0,1,0,0,0,0,0,3.6892,8,0,0
http://apple-confirm.s9gt0r.cf/wallet,37,23,7,2,1,0,3,0,0,0,0,2,0,0.05405405405405406,1,0,0,0,0,1,2,1,4.2834,7,1,1
http://verify-unlock-update-24l6.gq/home?redirect=v6nz81xn5b&token=0molrv4dgqvt,79,28,5,1,3,0,3,1,2,0,1,9,0,0.11392405063291139,0,0,0,0,0,1,3,0,4.9615,12,1,1
http://bankofamerica.com@bankofamerica.com-tdsdj.link/login,59,28,6,2,1,0,3,0,0,1,0,0,0,0.0,1,0,0,0,0,1,2,1,4.3549,17,1,1
http://microsoft-password-jlc1.tk/docs,38,26,5,1,2,0,3,0,0,0,0,1,0,0.02631578947368421,0,0,0,0,0,1,1,1,4.1556,9,1,1
http://wallet-69145.zip/zc39bmth,32,16,9,1,1,0,3,0,0,0,0,7,0,0.21875,0,0,0,0,0,1,1,0,4.2889,8,1,1
http://outlook.com@outlook.com-i6qgc.tk/security,48,20,9,2,1,0,3,0,0,1,0,1,0,0.020833333333333332,1,0,0,0,0,1,1,1,4.0739,11,1,1
https://176.254.236.127/suspend/odei4v,38,15,15,3,0,0,4,0,0,0,0,13,0,0.34210526315789475,2,1,1,0,0,1,1,0,4.241,7,0,1
https://heroku.com/help/news/login,34,10,16,1,0,0,5,0,0,0,0,0,0,0.0,0,0,1,0,0,1,1,0,4.0323,6,0,0
http://ujppzhh46zmv4uxboxo5t9.facebook.dhxj9s.kim/suspend,57,42,8,3,0,0,3,0,0,0,0,6,0,0.10526315789473684,2,0,0,0,0,1,1,1,4.5955,22,1,1
http://tinyurl.com/g345k5d,26,11,8,1,0,0,3,0,0,0,0,4,0,0.15384615384615385,0,0,0,0,1,0,0,0,4.2578,7,0,1
http://whatsapp-authenticate.z7k8ch.kim/signin,46,32,7,2,1,0,3,0,0,0,0,2,0,0.043478260869565216,1,0,0,0,0,1,2,1,4.1372,12,1,1
https://ieee.org,16,8,0,1,0,0,2,0,0,0,0,0,0,0.0,0,0,1,0,0,0,0,0,3.4528,5,0,0
http://office365.com@office365.com-phomo.zip/recover,52,23,8,2,1,0,3,0,0,1,0,6,0,0.11538461538461539,1,0,0,0,0,1,1,1,4.1036,13,1,1
http://bankofamerica-billing-67wc.top/cart,42,30,5,1,2,0,3,0,0,0,0,2,0,0.047619047619047616,0,0,0,0,0,1,2,1,4.3384,13,1,1
http://vryr260q1g1npxi9bf1n9.outlook.7nfnt0.zip/recover,55,40,8,3,0,0,3,0,0,0,0,10,0,0.18181818181818182,2,0,0,0,0,1,1,1,4.6355,21,1,1
http://verify-confirm-security-z3e8.zip/settings?redirect=seby8en00b&token=gbb1r3yqs5py,87,32,9,1,3,0,3,1,2,0,1,8,0,0.09195402298850575,0,0,0,0,0,1,3,0,4.6793,12,1,1
https://intel.com/signup/contact,32,9,15,1,0,0,4,0,0,0,0,0,0,0.0,0,0,1,0,0,0,0,0,3.84,7,0,0
https://227.40.38.169/unlock/jm8r7a,35,13,14,3,0,0,4,0,0,0,0,12,0,0.34285714285714286,2,1,1,0,0,1,1,0,4.5363,6,0,1
https://paypal.com/news,23,10,5,1,0,0,3,0,0,0,0,0,0,0.0,0,0,1,0,0,0,0,0,3.8492,6,0,0
https://sony.com/profile/contact?utm_source=ofas,48,8,16,1,0,1,4,1,1,0,0,0,0,0.0,0,0,1,0,0,0,0,0,4.1866,7,0,0
https://www.medium.com,22,14,0,2,0,0,2,0,0,0,0,0,0,0.0,1,0,1,0,0,0,0,0,3.7544,6,0,0
http://whatsapp-billing.t0n1pu.cricket/suspend,46,31,8,2,1,0,3,0,0,0,0,2,0,0.043478260869565216,1,0,0,0,0,1,2,1,4.301,8,1,1
https://200.61.166.125/recover/h8s7dz,37,14,15,3,0,0,4,0,0,0,0,13,0,0.35135135135135137,2,1,1,0,0,1,1,0,4.2293,7,0,1
https://www.chase.com/orders/docs,33,13,12,2,0,0,4,0,0,0,0,0,0,0.0,1,0,1,0,0,0,0,0,3.7636,6,0,0
https://www.instagram.com/support/news/api,42,17,17,2,0,0,5,0,0,0,0,0,0,0.0,1,0,1,0,0,0,0,0,3.9551,9,0,0
http://verify-urgent-unlock-2gfa.loan/support?redirect=jw6r8ykehv&token=q9xd8xq41wjx,84,30,8,1,3,0,3,1,2,0,1,7,0,0.08333333333333333,0,0,0,0,0,1,3,0,4.9511,12,1,1
https://grubhub.com/contact/settings/dashboard,46,11,27,1,0,0,5,0,0,0,0,0,0,0.0,0,0,1,0,0,0,0,0,4.0259,9,0,0
https://expedia.com,19,11,0,1,0,0,2,0,0,0,0,0,0,0.0,0,0,1,0,0,0,0,0,3.8269,7,0,0
https://www.uber.com/dashboard,30,12,10,2,0,0,3,0,0,0,0,0,0,0.0,1,0,1,0,0,0,0,0,3.9899,9,0,0
https://www.github.com/settings/profile/orders,46,14,24,2,0,0,5,0,0,0,0,0,0,0.0,1,0,1,0,0,0,0,0,4.1541,8,0,0
https://www.intel.com/checkout,30,13,9,2,0,0,3,0,0,0,0,0,0,0.0,1,0,1,0,0,0,0,0,3.8981,8,0,0
https://sap.com/help/account/dashboard,38,7,23,1,0,0,5,0,0,0,0,0,0,0.0,0,0,1,0,0,1,1,0,3.9285,9,0,0
https://www.bestbuy.com/api/orders/api?category=e4l,51,15,15,2,0,0,5,1,1,0,0,1,0,0.0196078431372549,1,0,1,0,0,0,0,0,4.3756,8,0,0
https://dell.com/services?utm_source=dt8&page=mc57xh,52,8,9,1,0,1,3,1,2,0,1,3,0,0.057692307692307696,0,0,1,0,0,0,0,0,4.5251,8,0,0
https://www.cloudflare.com/news/news/home,41,18,15,2,0,0,5,0,0,0,0,0,0,0.0,1,0,1,0,0,0,0,0,4.0227,10,0,0
https://twitter.com/account/account/signup,42,11,23,1,0,0,5,0,0,0,0,0,0,0.0,0,0,1,0,0,1,1,0,3.8415,7,0,0
https://amd.com/docs/cart/dashboard,35,7,20,1,0,0,5,0,0,0,0,0,0,0.0,0,0,1,0,0,0,0,0,3.6256,9,0,0
https://www.discord.com/news/search?q=hdhjo,43,15,12,2,0,0,4,1,1,0,0,0,0,0.0,1,0,1,0,0,0,0,0,4.1643,7,0,0
https://digitalocean.com/?lang=vh30qbk&category=n6yjm,53,16,1,1,0,0,3,1,2,0,1,3,0,0.05660377358490566,0,0,1,0,0,0,0,0,4.7133,12,0,0
https://youtube.com/contact/checkout/contact?page=5rlqi,55,11,25,1,0,0,5,1,1,0,0,1,0,0.01818181818181818,0,0,1,0,0,0,0,0,4.1971,8,0,0
https://www.target.com,22,14,0,2,0,0,2,0,0,0,0,0,0,0.0,1,0,1,0,0,0,0,0,3.6978,6,0,0
http://office365-password-k42u.top/blog,39,27,5,1,2,0,3,0,0,0,0,5,0,0.1282051282051282,0,0,0,0,0,1,1,1,4.5607,9,1,1
http://icloud-verify.6lob24.review/confirm,42,27,8,2,1,0,3,0,0,0,0,3,0,0.07142857142857142,1,0,0,0,0,1,2,1,4.4633,7,1,1
https://www.shopify.com/services/profile?id=43olfark,52,15,17,2,0,0,4,1,1,0,0,2,0,0.038461538461538464,1,0,1,0,0,0,0,0,4.4355,8,0,0
https://w3.org/contact?q=lh,27,6,8,1,0,0,3,1,1,0,0,1,0,0.037037037037037035,0,0,1,0,0,0,0,0,4.0603,7,0,0
http://authenticate-4rv7a.click/af4wnsmw,40,24,9,1,1,0,3,0,0,0,0,3,0,0.075,0,0,0,0,0,1,2,0,4.2939,12,1,1
http://sw23ynr9155p1ksth1rwlk.whatsapp.gxhe68.review/validate,61,45,9,3,0,0,3,0,0,0,0,10,0,0.16393442622950818,2,0,0,0,0,1,1,1,4.531,22,1,1
https://www.citibank.com,24,16,0,2,0,0,2,0,0,0,0,0,0,0.0,1,0,1,0,0,1,1,0,3.8554,8,0,0
http://apple-unlock-t629.cricket/docs,37,25,5,1,2,0,3,0,0,0,0,3,0,0.08108108108108109,0,0,0,0,0,1,1,1,4.2497,7,1,1
http://bit.ly/lc37srd,21,6,8,1,0,0,3,0,0,0,0,2,0,0.09523809523809523,0,0,0,0,1,0,0,0,3.8442,7,0,1
https://atlassian.com,21,13,0,1,0,0,2,0,0,0,0,0,0,0.0,0,0,1,0,0,0,0,0,3.6178,9,0,0
http://apple-validate-agb2.click/dashboard,42,25,10,1,2,0,3,0,0,0,0,1,0,0.023809523809523808,0,0,0,0,0,1,2,1,4.1713,9,1,1
https://www.instacart.com/settings/docs,39,17,14,2,0,0,4,0,0,0,0,0,0,0.0,1,0,1,0,0,0,0,0,3.8847,9,0,0
https://nature.com/news/news/api?lang=d270stl,45,10,14,1,0,0,5,1,1,0,0,3,0,0.06666666666666667,0,0,1,0,0,0,0,0,4.3559,7,0,0
http://signin-rqmfs.review/d82cudld,35,19,9,1,1,0,3,0,0,0,0,2,0,0.05714285714285714,0,0,0,0,0,1,1,0,4.436,8,1,1
http://wellsfargo-update-8imd.ml/signup,39,25,7,1,2,0,3,0,0,0,0,1,0,0.02564102564102564,0,0,0,0,0,1,1,1,4.3362,10,1,1
https://spotify.com/account?ref=ryozdp,38,11,8,1,0,0,3,1,1,0,0,0,0,0.0,0,0,1,0,0,1,1,0,4.241,7,0,0
https://www.grubhub.com/?lang=9fc1x,35,15,1,2,0,0,3,1,1,0,0,2,0,0.05714285714285714,1,0,1,0,0,0,0,0,4.4576,7,0,0
http://36.169.252.111/secure/gwjx3b,35,14,14,3,0,0,4,0,0,0,0,12,0,0.34285714285714286,2,1,0,0,0,1,1,0,4.2506,6,0,1
https://www.expedia.com,23,15,0,2,0,0,2,0,0,0,0,0,0,0.0,1,0,1,0,0,0,0,0,3.882,7,0,0
https://usa.gov/products/settings/checkout,42,7,27,1,0,0,5,0,0,0,0,0,0,0.0,0,0,1,0,0,0,0,0,3.9401,8,0,0
https://hp.com,14,6,0,1,0,0,2,0,0,0,0,0,0,0.0,0,0,1,0,0,0,0,0,3.2359,5,0,0
https://irs.gov/search/orders/login,35,7,20,1,0,0,5,0,0,0,0,0,0,0.0,0,0,1,0,0,1,1,0,3.9189,6,0,0
http://alert-authenticate-verify-xof6.link/help?redirect=1jx1oi0x8k&token=aadov9wd0rvz,86,35,5,1,3,0,3,1,2,0,1,7,0,0.08139534883720931,0,0,0,0,0,1,3,0,4.733,12,1,1
https://sap.com/news,20,7,5,1,0,0,3,0,0,0,0,0,0,0.0,0,0,1,0,0,0,0,0,3.6464,5,0,0
http://amazon.com@amazon.com-v8mo2.link/validate,48,21,9,2,1,0,3,0,0,1,0,2,0,0.041666666666666664,1,0,0,0,0,1,1,1,4.1735,10,1,1
https://w3.org/help,19,6,5,1,0,0,3,0,0,0,0,1,0,0.05263157894736842,0,0,1,0,0,0,0,0,3.6819,5,0,0
http://password-wallet-urgent-hrcf.loan/blog?redirect=h4pjyv97ji&token=7tjabwhm24n2,83,32,5,1,3,0,3,1,2,0,1,7,0,0.08433734939759036,0,0,0,0,0,1,3,0,4.8492,12,1,1
http://chase-security.q1xzqg.kim/suspend,40,25,8,2,1,0,3,0,0,0,0,1,0,0.025,1,0,0,0,0,1,2,1,4.4153,8,1,1
https://walmart.com/?page=s6rv97,32,11,1,1,0,0,3,1,1,0,0,3,0,0.09375,0,0,1,0,0,0,0,0,4.3042,7,0,0
https://doordash.com/?ref=fwa8,30,12,1,1,0,0,3,1,1,0,0,1,0,0.03333333333333333,0,0,1,0,0,0,0,0,4.1232,8,0,0
http://chase-password-pwi2.zip/about,36,23,6,1,2,0,3,0,0,0,0,1,0,0.027777777777777776,0,0,0,0,0,1,1,1,4.1416,8,1,1
https://harvard.edu/news/products?sort=xrlzu6wm,47,11,14,1,0,0,4,1,1,0,0,1,0,0.02127659574468085,0,0,1,0,0,0,0,0,4.3393,8,0,0
http://is.gd/ypj2nno,20,5,8,1,0,0,3,0,0,0,0,1,0,0.05,0,0,0,0,1,0,0,0,3.7842,7,0,1
http://cutt.ly/3iqquol,22,7,8,1,0,0,3,0,0,0,0,1,0,0.045454545454545456,0,0,0,0,1,0,0,0,3.6069,7,0,1
http://wallet-suspend-unlock-9hr6.gq/cart?redirect=f5y7ge7mgr&token=h5rkllfva6ar,80,29,5,1,3,0,3,1,2,0,1,7,0,0.0875,0,0,0,0,0,1,3,0,4.7774,12,1,1
https://nature.com/services/services/help,41,10,23,1,0,0,5,0,0,0,0,0,0,0.0,0,0,1,0,0,0,0,0,3.8699,8,0,0
http://facebook-update-20k9.xyz/blog,36,24,5,1,2,0,3,0,0,0,0,3,0,0.08333333333333333,0,0,0,0,0,1,1,1,4.4404,8,1,1
https://www.heroku.com/api/dashboard/docs?utm_source=c7x0h3j,60,14,19,2,0,1,5,1,1,0,0,3,0,0.05,1,0,1,0,0,0,0,0,4.5111,9,0,0
https://www.nature.com/?sort=ngay3,34,14,1,2,0,0,3,1,1,0,0,1,0,0.029411764705882353,1,0,1,0,0,0,0,0,4.2195,6,0,0
http://bankofamerica.com@bankofamerica.com-bcvf6.gq/verify,58,26,7,2,1,0,3,0,0,1,0,1,0,0.017241379310344827,1,0,0,0,0,1,2,1,4.3468,17,1,1
https://atlassian.com/services,30,13,9,1,0,0,3,0,0,0,0,0,0,0.0,0,0,1,0,0,0,0,0,3.8444,9,0,0
http://xh8p0mtz1fpr7h4pzn.facebook.gvxxyn.cricket/authenticate,62,42,13,3,0,0,3,0,0,0,0,5,0,0.08064516129032258,2,0,0,0,0,1,1,1,4.5441,18,1,1
http://171.47.174.5/confirm/dqtbf6,34,12,15,3,0,0,4,0,0,0,0,10,0,0.29411764705882354,2,1,0,0,0,1,1,0,4.1751,7,0,1
http://microsoft.com@microsoft.com-cil9x.party/unlock,53,25,7,2,1,0,3,0,0,1,0,1,0,0.018867924528301886,1,0,0,0,0,1,1,1,4.1847,13,1,1
http://security-viv6t.review/cd4ysd6s,37,21,9,1,1,0,3,0,0,0,0,3,0,0.08108108108108109,0,0,0,0,0,1,1,0,4.0804,8,1,1
https://vmware.com/cart/cart/settings,37,10,19,1,0,0,5,0,0,0,0,0,0,0.0,0,0,1,0,0,0,0,0,3.8543,8,0,0
http://signin-wbjpc.tk/4dtad4wu,31,15,9,1,1,0,3,0,0,0,0,2,0,0.06451612903225806,0,0,0,0,0,1,1,0,4.1557,8,1,1
https://www.discord.com/about?id=bbajaq08&lang=x80,50,15,6,2,0,0,3,1,2,0,1,4,0,0.08,1,0,1,0,0,0,0,0,4.6333,8,0,0
https://www.docker.com/products/login/support?ref=9z5jl,55,14,23,2,0,0,5,1,1,0,0,2,0,0.03636363636363636,1,0,1,0,0,1,1,0,4.4817,8,0,0
http://93t3m5txcx7ly6yv0916pjpvw.bankofamerica.p8vo57.cf/login,62,49,6,3,0,0,3,0,0,0,0,13,0,0.20967741935483872,2,0,0,0,0,1,2,1,4.8489,25,1,1
https://www.whatsapp.com/account/dashboard/docs,47,16,23,2,0,0,5,0,0,0,0,0,0,0.0,1,0,1,0,0,1,1,0,3.8634,9,0,0
https://hp.com/home/orders/settings,35,6,21,1,0,0,5,0,0,0,0,0,0,0.0,0,0,1,0,0,0,0,0,3.7614,8,0,0
http://108.21.227.103/alert/tfvan0,34,14,13,3,0,0,4,0,0,0,0,12,0,0.35294117647058826,2,1,0,0,0,1,1,0,3.9987,6,0,1
http://linkedin-login-ldhh.cricket/account,42,27,8,1,2,0,3,0,0,0,0,0,0,0.0,0,0,0,0,0,1,2,1,4.0527,8,1,1
http://instagram-suspend.2mwyi7.review/update,45,31,7,2,1,0,3,0,0,0,0,2,0,0.044444444444444446,1,0,0,0,0,1,2,1,4.2969,9,1,1
http://linkedin-security.flrz5g.ml/verify,41,27,7,2,1,0,3,0,0,0,0,1,0,0.024390243902439025,1,0,0,0,0,1,2,1,4.3874,8,1,1
https://www.wordpress.com/?ref=ao13tb,37,17,1,2,0,0,3,1,1,0,0,2,0,0.05405405405405406,1,0,1,0,0,0,0,0,4.1885,9,0,0
https://mit.edu/products/dashboard/docs?lang=ayb3pv&category=kcpw,65,7,24,1,0,0,5,1,2,0,1,1,0,0.015384615384615385,0,0,1,0,0,0,0,0,4.5271,9,0,0
https://www.bbc.com/news,24,11,5,2,0,0,3,0,0,0,0,0,0,0.0,1,0,1,0,0,0,0,0,3.6368,5,0,0
https://kubernetes.io/login/home/support?id=2m0w,48,13,19,1,0,0,5,1,1,0,0,2,0,0.041666666666666664,0,0,1,0,0,1,1,0,4.3376,10,0,0
http://login-br9fy.review/i8p4yedn,34,18,9,1,1,0,3,0,0,0,0,3,0,0.08823529411764706,0,0,0,0,0,1,1,0,4.3738,8,1,1
https://dropbox.com,19,11,0,1,0,0,2,0,0,0,0,0,0,0.0,0,0,1,0,0,0,0,0,3.6819,7,0,0
http://cutt.ly/7amndi5,22,7,8,1,0,0,3,0,0,0,0,2,0,0.09090909090909091,0,0,0,0,1,0,0,0,3.8797,7,0,1
http://tinyurl.com/xet8sjt,26,11,8,1,0,0,3,0,0,0,0,1,0,0.038461538461538464,0,0,0,0,1,0,0,0,4.071,7,0,1
https://8.95.28.152/urgent/pmxon2,33,11,14,3,0,0,4,0,0,0,0,9,0,0.2727272727272727,2,1,1,0,0,1,1,0,4.1273,6,0,1
http://is.gd/hb3z30z,20,5,8,1,0,0,3,0,0,0,0,3,0,0.15,0,0,0,0,1,0,0,0,3.6842,7,0,1
http://paypal-login-ab40.work/blog,34,22,5,1,2,0,3,0,0,0,0,2,0,0.058823529411764705,0,0,0,0,0,1,1,1,4.1529,6,1,1
https://136.99.37.225/urgent/g514a9,35,13,14,3,0,0,4,0,0,0,0,14,0,0.4,2,1,1,0,0,1,1,0,4.2074,6,0,1
https://www.microsoft.com/contact/checkout,42,17,17,2,0,0,4,0,0,0,0,0,0,0.0,1,0,1,0,0,0,0,0,3.8832,9,0,0
https://logitech.com/account/login/search?sort=md,49,12,21,1,0,0,5,1,1,0,0,0,0,0.0,0,0,1,0,0,1,2,0,4.1464,8,0,0
https://www.atlassian.com/?ref=d0rl&q=kc,40,17,1,2,0,0,3,1,2,0,1,1,0,0.025,1,0,1,0,0,0,0,0,4.4776,9,0,0
https://nvidia.com/support/profile,34,10,16,1,0,0,4,0,0,0,0,0,0,0.0,0,0,1,0,0,0,0,0,4.0797,7,0,0
https://google.com/orders/api,29,10,11,1,0,0,4,0,0,0,0,0,0,0.0,0,0,1,0,0,0,0,0,3.8925,6,0,0
http://pdixcvtfhakrowx4k.instagram.k1r6l5.xyz/validate,54,38,9,3,0,0,3,0,0,0,0,4,0,0.07407407407407407,2,0,0,0,0,1,1,1,4.6114,17,1,1
http://nf27e6l8xcgmiurpv2wj6o6u9.instagram.179b9n.link/login,60,47,6,3,0,0,3,0,0,0,0,12,0,0.2,2,0,0,0,0,1,1,1,4.7587,25,1,1
http://paypal.com@paypal.com-umhf5.work/confirm,47,21,8,2,1,0,3,0,0,1,0,1,0,0.02127659574468085,1,0,0,0,0,1,1,1,4.2381,10,1,1
https://www.citibank.com/support/support/orders,47,16,23,2,0,0,5,0,0,0,0,0,0,0.0,1,0,1,0,0,1,1,0,4.0315,8,0,0
https://forbes.com,18,10,0,1,0,0,2,0,0,0,0,0,0,0.0,0,0,1,0,0,0,0,0,3.7255,6,0,0
https://www.stackoverflow.com/products/dashboard,48,21,19,2,0,0,4,0,0,0,0,0,0,0.0,1,0,1,0,0,0,0,0,4.1552,13,0,0
https://github.com,18,10,0,1,0,0,2,0,0,0,0,0,0,0.0,0,0,1,0,0,0,0,0,3.6835,6,0,0
http://apple-signin.t5jztf.xyz/account,38,23,8,2,1,0,3,0,0,0,0,1,0,0.02631578947368421,1,0,0,0,0,1,2,1,4.3039,7,1,1
http://office365-unlock-dmbo.zip/about,38,25,6,1,2,0,3,0,0,0,0,3,0,0.07894736842105263,0,0,0,0,0,1,1,1,4.4187,9,1,1
https://www.google.com/contact/account,38,14,16,2,0,0,4,0,0,0,0,0,0,0.0,1,0,1,0,0,1,1,0,3.7852,7,0,0
https://www.nature.com/account/products/orders?lang=hk,54,14,24,2,0,0,5,1,1,0,0,0,0,0.0,1,0,1,0,0,1,1,0,4.255,8,0,0
https://www.mozilla.org/products/blog/profile,45,15,22,2,0,0,5,0,0,0,0,0,0,0.0,1,0,1,0,0,0,0,0,4.1977,8,0,0
https://samsung.com/blog/services/dashboard,43,11,24,1,0,0,5,0,0,0,0,0,0,0.0,0,0,1,0,0,0,0,0,4.1558,9,0,0
http://9hdv9nm301dvvh6s.bankofamerica.d4h4zx.zip/account,56,41,8,3,0,0,3,0,0,0,0,8,0,0.14285714285714285,2,0,0,0,0,1,2,1,4.6773,16,1,1
https://target.com/cart/checkout/profile?category=rk1rd1z,57,10,22,1,0,0,5,1,1,0,0,2,0,0.03508771929824561,0,0,1,0,0,0,0,0,4.2691,8,0,0
http://password-sdqw5.link/7uj4fqks,35,19,9,1,1,0,3,0,0,0,0,3,0,0.08571428571428572,0,0,0,0,0,1,1,0,4.422,8,1,1
http://chase-signin.dveyxf.gq/suspend,37,22,8,2,1,0,3,0,0,0,0,0,0,0.0,1,0,0,0,0,1,2,1,4.2293,7,1,1
http://ix7kgcio4ukahyvzyv9bi.outlook.nmyxdh.kim/suspend,55,40,8,3,0,0,3,0,0,0,0,3,0,0.05454545454545454,2,0,0,0,0,1,1,1,4.5717,21,1,1
https://lyft.com/help/account/search,36,8,20,1,0,0,5,0,0,0,0,0,0,0.0,0,0,1,0,0,1,1,0,3.9376,7,0,0
https://ebay.com/api/about?category=flfcywe3&utm_source=s4,58,8,10,1,0,1,4,1,2,0,1,2,0,0.034482758620689655,0,0,1,0,0,0,0,0,4.5153,8,0,0
https://linkedin.com/about/search/account?id=b4owo5,51,12,21,1,0,0,5,1,1,0,0,2,0,0.0392156862745098,0,0,1,0,0,1,1,0,4.3884,8,0,0
https://logitech.com/home,25,12,5,1,0,0,3,0,0,0,0,0,0,0.0,0,0,1,0,0,0,0,0,3.6431,8,0,0
https://booking.com/support,27,11,8,1,0,0,3,0,0,0,0,0,0,0.0,0,0,1,0,0,0,0,0,3.8562,7,0,0
https://www.expedia.com/home?category=rqq5,42,15,5,2,0,0,3,1,1,0,0,1,0,0.023809523809523808,1,0,1,0,0,0,0,0,4.368,8,0,0
http://microsoft.com@microsoft.com-vae1i.link/urgent,52,24,7,2,1,0,3,0,0,1,0,1,0,0.019230769230769232,1,0,0,0,0,1,1,1,4.2892,13,1,1
http://suspend-account-unlock-nspn.party/settings?redirect=u16dkpmvno&token=9i1s6xh7abm4,88,33,9,1,3,0,3,1,2,0,1,7,0,0.07954545454545454,0,0,0,0,0,1,3,0,4.7093,12,1,1
http://authenticate-login-security-9q7i.loan/signup?redirect=7qu3054oux&token=9slma5bxjnbz,90,37,7,1,3,0,3,1,2,0,1,9,0,0.1,0,0,0,0,0,1,3,0,4.8622,12,1,1
https://notion.so/products/home/docs?ref=dl7fk,46,9,19,1,0,0,5,1,1,0,0,1,0,0.021739130434782608,0,0,1,0,0,0,0,0,4.1785,8,0,0
http://validate-authenticate-wallet-7lks.zip/help?redirect=qkcjev9zuy&token=h97y8pzl99uj,88,37,5,1,3,0,3,1,2,0,1,7,0,0.07954545454545454,0,0,0,0,0,1,3,0,4.6332,12,1,1
https://dell.com/login,22,8,6,1,0,0,3,0,0,0,0,0,0,0.0,0,0,1,0,0,1,1,0,3.8454,5,0,0
https://www.sony.com/login/checkout,35,12,15,2,0,0,4,0,0,0,0,0,0,0.0,1,0,1,0,0,1,1,0,4.036,8,0,0
http://linkedin-security-w9a8.click/login,41,28,6,1,2,0,3,0,0,0,0,2,0,0.04878048780487805,0,0,0,0,0,1,3,1,4.3482,8,1,1
http://bankofamerica-unlock.t6trou.click/confirm,48,33,8,2,1,0,3,0,0,0,0,1,0,0.020833333333333332,1,0,0,0,0,1,4,1,4.2071,13,1,1
http://bw2mrllgu1tlxzb63v1vqylbo.chase.s46a90.review/update,59,45,7,3,0,0,3,0,0,0,0,9,0,0.15254237288135594,2,0,0,0,0,1,1,1,4.8017,25,1,1
http://suspend-7hlcn.work/69xp7sx5,34,18,9,1,1,0,3,0,0,0,0,5,0,0.14705882352941177,0,0,0,0,0,1,1,0,4.3738,8,1,1
http://password-3oull.tk/862vl1tk,33,17,9,1,1,0,3,0,0,0,0,5,0,0.15151515151515152,0,0,0,0,0,1,1,0,4.2714,8,1,1
http://apple-billing-4of6.party/blog,36,24,5,1,2,0,3,0,0,0,0,2,0,0.05555555555555555,0,0,0,0,0,1,1,1,4.128,7,1,1
http://recover-validate-unlock-u7pg.gq/cart?redirect=uitdj4wt1v&token=awi2ex4knysg,82,31,5,1,3,0,3,1,2,0,1,5,0,0.06097560975609756,0,0,0,0,0,1,3,0,4.7471,12,1,1
http://secure-signin-security-5smq.zip/docs?redirect=31e90gdrra&token=5yu3ttbuys9p,82,31,5,1,3,0,3,1,2,0,1,8,0,0.0975609756097561,0,0,0,0,0,1,3,0,4.669,12,1,1
http://verify-7aylp.click/cp8fp1k8,34,18,9,1,1,0,3,0,0,0,0,4,0,0.11764705882352941,0,0,0,0,0,1,2,0,4.1607,8,1,1
http://icloud-validate-5028.tk/contact,38,23,8,1,2,0,3,0,0,0,0,4,0,0.10526315789473684,0,0,0,0,0,1,1,1,4.2012,8,1,1
https://www.forbes.com/dashboard?utm_source=na2&category=ztio4,62,14,10,2,0,1,3,1,2,0,1,2,0,0.03225806451612903,1,0,1,0,0,0,0,0,4.5971,9,0,0
https://www.w3.org/checkout/settings?lang=ekvl9,47,10,18,2,0,0,4,1,1,0,0,2,0,0.0425531914893617,1,0,1,0,0,0,0,0,4.3658,8,0,0
http://goo.gl/4dy99o3,21,6,8,1,0,0,3,0,0,0,0,4,0,0.19047619047619047,0,0,0,0,1,0,0,0,3.6538,7,0,1
http://validate-suspend-wallet-azq4.review/api?redirect=a54vdjpca1&token=2j8z8do3p0am,85,35,4,1,3,0,3,1,2,0,1,9,0,0.10588235294117647,0,0,0,0,0,1,3,0,4.7799,12,1,1
https://www.samsung.com/support/account/contact?page=t4m,56,15,24,2,0,0,5,1,1,0,0,1,0,0.017857142857142856,1,0,1,0,0,1,1,0,4.0593,7,0,0
http://3mbeapfj6w8zn5xn.facebook.23hrnm.ml/verify,49,35,7,3,0,0,3,0,0,0,0,6,0,0.12244897959183673,2,0,0,0,0,1,1,1,4.7059,16,1,1
https://booking.com,19,11,0,1,0,0,2,0,0,0,0,0,0,0.0,0,0,1,0,0,0,0,0,3.7871,7,0,0
https://www.yahoo.com/?utm_source=73a8y7&category=yyteag,56,13,1,2,0,1,3,1,2,0,1,4,0,0.07142857142857142,1,0,1,0,0,0,0,0,4.3815,8,0,0
http://ummyywkmx8dhic6v1yy3.amazon.1w3lcz.zip/verify,52,38,7,3,0,0,3,0,0,0,0,6,0,0.11538461538461539,2,0,0,0,0,1,1,1,4.6114,20,1,1
https://www.ebay.com/products/account/products?sort=wi5flul1,60,12,26,2,0,0,5,1,1,0,0,2,0,0.03333333333333333,1,0,1,0,0,1,1,0,4.3761,8,0,0
http://google-update-lbcl.xyz/checkout,38,22,9,1,2,0,3,0,0,0,0,0,0,0.0,0,0,0,0,0,1,1,1,4.1486,8,1,1
http://163.48.247.28/password/9dzup6,36,13,16,3,0,0,4,0,0,0,0,12,0,0.3333333333333333,2,1,0,0,0,1,1,0,4.2947,8,0,1
https://116.69.53.88/secure/um94w7,34,12,14,3,0,0,4,0,0,0,0,12,0,0.35294117647058826,2,1,1,0,0,1,1,0,4.2417,6,0,1
http://google-wallet-nk0k.zip/orders,36,22,7,1,2,0,3,0,0,0,0,1,0,0.027777777777777776,0,0,0,0,0,1,1,1,4.2317,6,1,1
http://apple-password-vsk2.party/settings,41,25,9,1,2,0,3,0,0,0,0,1,0,0.024390243902439025,0,0,0,0,0,1,1,1,4.1298,8,1,1
http://netflix-unlock-ivga.review/help,38,26,5,1,2,0,3,0,0,0,0,0,0,0.0,0,0,0,0,0,1,1,1,4.2737,7,1,1
https://www.lyft.com/settings/settings/cart?page=33qe6j&id=xz,61,12,23,2,0,0,5,1,2,0,1,3,0,0.04918032786885246,1,0,1,0,0,0,0,0,4.5621,8,0,0
http://uyw6mxrf9cfwawq4x6g4ywko.office365.odvmbo.party/billing,62,47,8,3,0,0,3,0,0,0,0,8,0,0.12903225806451613,2,0,0,0,0,1,1,1,4.7844,24,1,1
https://www.nvidia.com/cart/orders/orders,41,14,19,2,0,0,5,0,0,0,0,0,0,0.0,1,0,1,0,0,0,0,0,3.9675,6,0,0
http://facebook-recover.6j8lu2.cf/secure,40,26,7,2,1,0,3,0,0,0,0,3,0,0.075,1,0,0,0,0,1,2,1,4.2751,8,1,1
http://0qpdxxsykqvox2n5zan.microsoft.eo9vax.top/suspend,55,40,8,3,0,0,3,0,0,0,0,4,0,0.07272727272727272,2,0,0,0,0,1,1,1,4.5473,19,1,1
http://urgent-account-suspend-92ha.zip/news?redirect=0swuzjawga&token=0xmvrustqfob,82,31,5,1,3,0,3,1,2,0,1,4,0,0.04878048780487805,0,0,0,0,0,1,3,0,4.7902,12,1,1
https://cloudflare.com/account/about,36,14,14,1,0,0,4,0,0,0,0,0,0,0.0,0,0,1,0,0,1,1,0,3.9613,10,0,0
http://instagram-signin-8m1i.tk/login,37,24,6,1,2,0,3,0,0,0,0,2,0,0.05405405405405406,0,0,0,0,0,1,2,1,3.99,9,1,1
http://chase-recover.a3g49m.gq/recover,38,23,8,2,1,0,3,0,0,0,0,3,0,0.07894736842105263,1,0,0,0,0,1,1,1,4.1132,7,1,1
http://microsoft.com@microsoft.com-kohd5.tk/alert,49,22,6,2,1,0,3,0,0,1,0,1,0,0.02040816326530612,1,0,0,0,0,1,1,1,4.0754,13,1,1
http://apple-secure.niud1a.party/validate,41,25,9,2,1,0,3,0,0,0,0,1,0,0.024390243902439025,1,0,0,0,0,1,2,1,4.0804,8,1,1
http://tinyurl.com/9o98n2r,26,11,8,1,0,0,3,0,0,0,0,4,0,0.15384615384615385,0,0,0,0,1,0,0,0,4.027,7,0,1
http://wallet-validate-billing-ckbq.click/help?redirect=mfz5ww4yym&token=oes7sz4s3e3t,85,34,5,1,3,0,3,1,2,0,1,6,0,0.07058823529411765,0,0,0,0,0,1,4,0,4.7924,12,1,1
http://215.250.182.10/confirm/4fhhe1,36,14,15,3,0,0,4,0,0,0,0,13,0,0.3611111111111111,2,1,0,0,0,1,1,0,4.107,7,0,1
https://www.dell.com/account/profile?q=mv&q=cw,46,12,16,2,0,0,4,1,2,0,1,0,0,0.0,1,0,1,0,0,1,1,0,4.4309,7,0,0
https://www.amd.com/login/cart/help?category=gba9in2,52,11,16,2,0,0,5,1,1,0,0,2,0,0.038461538461538464,1,0,1,0,0,1,1,0,4.4576,8,0,0
http://ityfippr46qheqkmqp.outlook.y6n7ql.xyz/authenticate,57,37,13,3,0,0,3,0,0,0,0,4,0,0.07017543859649122,2,0,0,0,0,1,1,1,4.413,18,1,1
https://trello.com/account,26,10,8,1,0,0,3,0,0,0,0,0,0,0.0,0,0,1,0,0,1,1,0,3.7672,7,0,0
http://signin-recover-urgent-m5c7.cf/about?redirect=uo8zd0lq1m&token=z9k33t9lzx8u,81,29,6,1,3,0,3,1,2,0,1,10,0,0.12345679012345678,0,0,0,0,0,1,3,0,4.9103,12,1,1
https://reddit.com/?id=7d0wtw,29,10,1,1,0,0,3,1,1,0,0,2,0,0.06896551724137931,0,0,1,0,0,0,0,0,4.0044,6,0,0
https://www.whatsapp.com/settings/home?ref=se&q=u3yc,52,16,14,2,0,0,4,1,2,0,1,1,0,0.019230769230769232,1,0,1,0,0,0,0,0,4.3787,8,0,0
http://office365-unlock.46x1w1.zip/wallet,41,27,7,2,1,0,3,0,0,0,0,7,0,0.17073170731707318,1,0,0,0,0,1,2,1,4.5218,9,1,1
https://www.asus.com/cart/news,30,12,10,2,0,0,4,0,0,0,0,0,0,0.0,1,0,1,0,0,0,0,0,3.7484,5,0,0
https://www.discord.com/news/products/orders,44,15,21,2,0,0,5,0,0,0,0,0,0,0.0,1,0,1,0,0,0,0,0,3.852,8,0,0
https://walmart.com,19,11,0,1,0,0,2,0,0,0,0,0,0,0.0,0,0,1,0,0,0,0,0,3.6819,7,0,0
https://www.ieee.org/docs,25,12,5,2,0,0,3,0,0,0,0,0,0,0.0,1,0,1,0,0,0,0,0,3.7533,5,0,0
http://whatsapp-account.3091ky.review/authenticate,50,30,13,2,1,0,3,0,0,0,0,4,0,0.08,1,0,0,0,0,1,2,1,4.2782,12,1,1
https://www.coursera.org/account/signup/help?page=4e9oe94,57,16,20,2,0,0,5,1,1,0,0,4,0,0.07017543859649122,1,0,1,0,0,1,1,0,4.302,8,0,0
https://amazon.com/?lang=nqbu4kzr&sort=1urtt,44,10,1,1,0,0,3,1,2,0,1,2,0,0.045454545454545456,0,0,1,0,0,0,0,0,4.428,8,0,0
https://logitech.com/support/help/settings,42,12,22,1,0,0,5,0,0,0,0,0,0,0.0,0,0,1,0,0,0,0,0,3.8356,8,0,0
https://www.instagram.com/profile/profile/signup,48,17,23,2,0,0,5,0,0,0,0,0,0,0.0,1,0,1,0,0,0,0,0,4.1811,9,0,0
https://www.linkedin.com/?utm_source=gwa44lz6,45,16,1,2,0,1,3,1,1,0,0,3,0,0.06666666666666667,1,0,1,0,0,0,0,0,4.6139,8,0,0
http://security-2efti.review/v8fy1apb,37,21,9,1,1,0,3,0,0,0,0,3,0,0.08108108108108109,0,0,0,0,0,1,1,0,4.2497,8,1,1
https://kubernetes.io/products/news,35,13,14,1,0,0,4,0,0,0,0,0,0,0.0,0,0,1,0,0,0,0,0,3.9293,10,0,0
http://netflix-update-vwr3.review/settings,42,26,9,1,2,0,3,0,0,0,0,1,0,0.023809523809523808,0,0,0,0,0,1,1,1,4.1869,8,1,1
https://dell.com,16,8,0,1,0,0,2,0,0,0,0,0,0,0.0,0,0,1,0,0,0,0,0,3.625,5,0,0
http://qbbwbx54qotvog5.chase.kks1b4.click/login,47,34,6,3,0,0,3,0,0,0,0,5,0,0.10638297872340426,2,0,0,0,0,1,2,1,4.4369,15,1,1
https://npmjs.com/?category=7aitmo&lang=mk99,44,9,1,1,0,0,3,1,2,0,1,3,0,0.06818181818181818,0,0,1,0,0,0,0,0,4.4534,8,0,0
http://wellsfargo.com@wellsfargo.com-fp9xa.click/account,56,26,8,2,1,0,3,0,0,1,0,1,0,0.017857142857142856,1,0,0,0,0,1,2,1,4.3833,14,1,1
http://recover-suspend-billing-uq7r.kim/profile?redirect=bf8qlt1rkq&token=ql7ph6p9jlai,86,32,8,1,3,0,3,1,2,0,1,6,0,0.06976744186046512,0,0,0,0,0,1,3,0,4.7598,12,1,1
https://www.figma.com/account/products/profile,46,13,25,2,0,0,5,0,0,0,0,0,0,0.0,1,0,1,0,0,1,1,0,4.1949,8,0,0
https://nvidia.com/settings/api,31,10,13,1,0,0,4,0,0,0,0,0,0,0.0,0,0,1,0,0,0,0,0,3.8331,8,0,0
http://o969up0noauneo5chm9gj.microsoft.ncfoov.top/login,55,42,6,3,0,0,3,0,0,0,0,6,0,0.10909090909090909,2,0,0,0,0,1,1,1,4.3213,21,1,1
https://www.lenovo.com/?page=gbmxi&sort=xxc7h,45,14,1,2,0,0,3,1,2,0,1,1,0,0.022222222222222223,1,0,1,0,0,0,0,0,4.4914,6,0,0
http://update-verify-billing-sb5m.xyz/dashboard?redirect=avjvwsq4rx&token=9wx1vad5maxo,86,30,10,1,3,0,3,1,2,0,1,5,0,0.05813953488372093,0,0,0,0,0,1,3,0,4.9411,12,1,1
https://www.youtube.com/blog/settings/signup,44,15,21,2,0,0,5,0,0,0,0,0,0,0.0,1,0,1,0,0,0,0,0,4.0449,8,0,0
https://bankofamerica.com/login/news,36,17,11,1,0,0,4,0,0,0,0,0,0,0.0,0,0,1,0,0,1,2,0,4.2181,13,0,0
http://netflix-unlock.iroagi.top/suspend,40,25,8,2,1,0,3,0,0,0,0,0,0,0.0,1,0,0,0,0,1,2,1,4.2776,7,1,1
https://www.cnn.com/about,25,11,6,2,0,0,3,0,0,0,0,0,0,0.0,1,0,1,0,0,0,0,0,3.7533,5,0,0
https://oracle.com/search/orders/docs?q=826g,44,10,19,1,0,0,5,1,1,0,0,3,0,0.06818181818181818,0,0,1,0,0,0,0,0,4.1784,6,0,0
http://goo.gl/sbjlvy6,21,6,8,1,0,0,3,0,0,0,0,1,0,0.047619047619047616,0,0,0,0,1,0,0,0,3.7849,7,0,1
https://www.dell.com/services/orders?ref=74r,44,12,16,2,0,0,4,1,1,0,0,2,0,0.045454545454545456,1,0,1,0,0,0,0,0,4.1873,8,0,0
https://digitalocean.com/settings,33,16,9,1,0,0,3,0,0,0,0,0,0,0.0,0,0,1,0,0,0,0,0,3.8967,12,0,0
https://youtube.com/cart,24,11,5,1,0,0,3,0,0,0,0,0,0,0.0,0,0,1,0,0,0,0,0,3.8035,7,0,0
https://bestbuy.com/profile/support/login,41,11,22,1,0,0,5,0,0,0,0,0,0,0.0,0,0,1,0,0,1,1,0,4.0804,7,0,0
https://www.adobe.com/help/checkout,35,13,14,2,0,0,4,0,0,0,0,0,0,0.0,1,0,1,0,0,0,0,0,3.9713,8,0,0
https://wellsfargo.com,22,14,0,1,0,0,2,0,0,0,0,0,0,0.0,0,0,1,0,0,0,0,0,4.0049,10,0,0
http://7k0mhihtfk8mklbc55.google.047wot.xyz/confirm,51,36,8,3,0,0,3,0,0,0,0,8,0,0.1568627450980392,2,0,0,0,0,1,1,1,4.5788,18,1,1
http://unlock-suspend-wallet-083r.review/login?redirect=yljd2v57bm&token=tt7fywm5cfv2,85,33,6,1,3,0,3,1,2,0,1,9,0,0.10588235294117647,0,0,0,0,0,1,4,0,4.9158,12,1,1
http://bankofamerica-unlock-ed48.top/services,45,29,9,1,2,0,3,0,0,0,0,2,0,0.044444444444444446,0,0,0,0,0,1,2,1,4.4746,13,1,1
http://account-g8irc.work/2lbimnz9,34,18,9,1,1,0,3,0,0,0,0,3,0,0.08823529411764706,0,0,0,0,0,1,1,0,4.4326,8,1,1
http://login-authenticate-recover-e9yn.link/cart?redirect=l6e2ye38d1&token=n1tp1lsj75vw,87,36,5,1,3,0,3,1,2,0,1,10,0,0.11494252873563218,0,0,0,0,0,1,3,0,4.7114,12,1,1
https://www.yahoo.com/support/help/news,39,13,18,2,0,0,5,0,0,0,0,0,0,0.0,1,0,1,0,0,0,0,0,3.904,7,0,0
http://172.22.121.97/billing/okku3s,35,13,15,3,0,0,4,0,0,0,0,11,0,0.3142857142857143,2,1,0,0,0,1,1,0,4.1147,7,0,1
https://www.quora.com/orders?sort=cj&ref=1v47l,46,13,7,2,0,0,3,1,2,0,1,3,0,0.06521739130434782,1,0,1,0,0,0,0,0,4.5099,6,0,0
http://whatsapp-update-wx0t.xyz/checkout,40,24,9,1,2,0,3,0,0,0,0,1,0,0.025,0,0,0,0,0,1,1,1,4.0776,8,1,1
http://google-confirm.vtvv8c.top/suspend,40,25,8,2,1,0,3,0,0,0,0,1,0,0.025,1,0,0,0,0,1,2,1,4.2653,7,1,1
http://office365-update.j3lp15.link/validate,44,28,9,2,1,0,3,0,0,0,0,6,0,0.13636363636363635,1,0,0,0,0,1,2,1,4.4019,9,1,1
http://chase-security.jwtg3f.zip/password,41,25,9,2,1,0,3,0,0,0,0,1,0,0.024390243902439025,1,0,0,0,0,1,2,1,4.3451,8,1,1
http://urgent-icl12.link/1dxku2k5,33,17,9,1,1,0,3,0,0,0,0,5,0,0.15151515151515152,0,0,0,0,0,1,1,0,4.2485,8,1,1
http://netflix-urgent.o9lyda.cf/secure,38,24,7,2,1,0,3,0,0,0,0,1,0,0.02631578947368421,1,0,0,0,0,1,2,1,4.3333,7,1,1
https://yahoo.com/?utm_source=ffp5g,35,9,1,1,0,1,3,1,1,0,0,1,0,0.02857142857142857,0,0,1,0,0,0,0,0,4.229,6,0,0
https://www.spotify.com/blog/blog/checkout,42,15,19,2,0,0,5,0,0,0,0,0,0,0.0,1,0,1,0,0,0,0,0,4.0892,8,0,0
https://www.usa.gov/api/search,30,11,11,2,0,0,4,0,0,0,0,0,0,0.0,1,0,1,0,0,0,0,0,3.8981,6,0,0
https://kubernetes.io/?category=svn7n,37,13,1,1,0,0,3,1,1,0,0,1,0,0.02702702702702703,0,0,1,0,0,0,0,0,4.2834,10,0,0
http://validate-33s5r.cricket/tdv842qy,38,22,9,1,1,0,3,0,0,0,0,6,0,0.15789473684210525,0,0,0,0,0,1,1,0,4.3962,8,1,1
http://bit.ly/aec8fb9,21,6,8,1,0,0,3,0,0,0,0,2,0,0.09523809523809523,0,0,0,0,1,0,0,0,3.8442,7,0,1
https://sony.com/login/docs/orders,34,8,18,1,0,0,5,0,0,0,0,0,0,0.0,0,0,1,0,0,1,1,0,3.8751,6,0,0
https://www.lyft.com/docs/about?page=moqxhglg,45,12,11,2,0,0,4,1,1,0,0,0,0,0.0,1,0,1,0,0,0,0,0,4.3916,8,0,0
https://instacart.com/login/orders/about?q=lxslg6,49,13,19,1,0,0,5,1,1,0,0,1,0,0.02040816326530612,0,0,1,0,0,1,1,0,4.3599,9,0,0
http://authenticate-j643f.cricket/ia4po5cb,42,26,9,1,1,0,3,0,0,0,0,5,0,0.11904761904761904,0,0,0,0,0,1,1,0,4.2369,12,1,1
http://netflix-billing-qgox.xyz/account,39,24,8,1,2,0,3,0,0,0,0,0,0,0.0,0,0,0,0,0,1,2,1,4.2655,7,1,1
http://outlook-recover.h44o93.loan/account,42,27,8,2,1,0,3,0,0,0,0,4,0,0.09523809523809523,1,0,0,0,0,1,2,1,4.079,7,1,1
https://nvidia.com/news,23,10,5,1,0,0,3,0,0,0,0,0,0,0.0,0,0,1,0,0,0,0,0,3.969,6,0,0
https://www.dell.com,20,12,0,2,0,0,2,0,0,0,0,0,0,0.0,1,0,1,0,0,0,0,0,3.6842,5,0,0
https://www.wordpress.com/home/api,34,17,9,2,0,0,4,0,0,0,0,0,0,0.0,1,0,1,0,0,0,0,0,3.8444,9,0,0
https://mozilla.org/profile,27,11,8,1,0,0,3,0,0,0,0,0,0,0.0,0,0,1,0,0,0,0,0,3.9303,7,0,0
http://bit.ly/v45d3dg,21,6,8,1,0,0,3,0,0,0,0,3,0,0.14285714285714285,0,0,0,0,1,0,0,0,3.8442,7,0,1
https://kubernetes.io/orders/api/docs?sort=417vf,48,13,16,1,0,0,5,1,1,0,0,3,0,0.0625,0,0,1,0,0,0,0,0,4.3096,10,0,0
https://nasa.gov,16,8,0,1,0,0,2,0,0,0,0,0,0,0.0,0,0,1,0,0,0,0,0,3.5,5,0,0
http://is.gd/rrqsrnh,20,5,8,1,0,0,3,0,0,0,0,0,0,0.0,0,0,0,0,1,0,0,0,3.5464,7,0,1
https://210.145.85.187/password/e0r3js,38,14,16,3,0,0,4,0,0,0,0,13,0,0.34210526315789475,2,1,1,0,0,1,1,0,4.2608,8,0,1
https://www.amd.com/account/docs,32,11,13,2,0,0,4,0,0,0,0,0,0,0.0,1,0,1,0,0,1,1,0,3.7417,7,0,0
https://heroku.com/cart/news,28,10,10,1,0,0,4,0,0,0,0,0,0,0.0,0,0,1,0,0,0,0,0,3.9233,6,0,0
https://www.netflix.com/account?page=9aizh5p,44,15,8,2,0,0,3,1,1,0,0,2,0,0.045454545454545456,1,0,1,0,0,1,1,0,4.4646,7,0,0
https://google.com/docs/cart,28,10,10,1,0,0,4,0,0,0,0,0,0,0.0,0,0,1,0,0,0,0,0,3.7534,6,0,0
http://s2rrtxvf4z184684.icloud.9a7zvd.loan/password,51,35,9,3,0,0,3,0,0,0,0,10,0,0.19607843137254902,2,0,0,0,0,1,1,1,4.6372,16,1,1
https://www.mit.edu/orders?id=sez2nx,36,11,7,2,0,0,3,1,1,0,0,1,0,0.027777777777777776,1,0,1,0,0,0,0,0,4.2108,6,0,0
https://intel.com/?id=6f05ep,28,9,1,1,0,0,3,1,1,0,0,3,0,0.10714285714285714,0,0,1,0,0,0,0,0,4.2534,6,0,0
https://linkedin.com,20,12,0,1,0,0,2,0,0,0,0,0,0,0.0,0,0,1,0,0,0,0,0,3.9219,8,0,0
http://recover-f8nk5.gq/oiymyk86,32,16,9,1,1,0,3,0,0,0,0,4,0,0.125,0,0,0,0,0,1,1,0,4.4139,8,1,1
https://discord.com/login,25,11,6,1,0,0,3,0,0,0,0,0,0,0.0,0,0,1,0,0,1,1,0,3.8635,7,0,0
http://validate-urgent-security-dvht.tk/cart?redirect=hav6xh9m0p&token=875knortlqbk,83,32,5,1,3,0,3,1,2,0,1,6,0,0.07228915662650602,0,0,0,0,0,1,3,0,4.7322,12,1,1
https://office.com/profile/profile/search,41,10,23,1,0,0,5,0,0,0,0,0,0,0.0,0,0,1,0,0,0,0,0,3.83,7,0,0
https://www.bing.com/news/services/blog?q=8u,44,12,19,2,0,0,5,1,1,0,0,1,0,0.022727272727272728,1,0,1,0,0,0,0,0,4.3602,8,0,0
https://www.heroku.com/?sort=6vz41,34,14,1,2,0,0,3,1,1,0,0,3,0,0.08823529411764706,1,0,1,0,0,0,0,0,4.2928,6,0,0
http://amazon-password.vse00h.xyz/validate,42,26,9,2,1,0,3,0,0,0,0,2,0,0.047619047619047616,1,0,0,0,0,1,2,1,4.3477,8,1,1
http://microsoft-verify-m1yi.click/api,38,27,4,1,2,0,3,0,0,0,0,1,0,0.02631578947368421,0,0,0,0,0,1,2,1,4.1986,9,1,1
https://reddit.com/settings,27,10,9,1,0,0,3,0,0,0,0,0,0,0.0,0,0,1,0,0,0,0,0,3.7505,8,0,0
http://instagram-password.2brsv4.link/alert,43,30,6,2,1,0,3,0,0,0,0,2,0,0.046511627906976744,1,0,0,0,0,1,2,1,4.3389,9,1,1
http://tinyurl.com/5mn6sc6,26,11,8,1,0,0,3,0,0,0,0,3,0,0.11538461538461539,0,0,0,0,1,0,0,0,4.027,7,0,1
https://www.npmjs.com/?ref=v34,30,13,1,2,0,0,3,1,1,0,0,2,0,0.06666666666666667,1,0,1,0,0,0,0,0,4.2566,5,0,0
http://billing-xv2o2.click/no8ectal,35,19,9,1,1,0,3,0,0,0,0,3,0,0.08571428571428572,0,0,0,0,0,1,2,0,4.1859,8,1,1
http://verify-iaa67.tk/g358geej,31,15,9,1,1,0,3,0,0,0,0,5,0,0.16129032258064516,0,0,0,0,0,1,1,0,4.3005,8,1,1
http://wudrgtz6ql3e49y.wellsfargo.ws3nc6.cricket/update,55,41,7,3,0,0,3,0,0,0,0,6,0,0.10909090909090909,2,0,0,0,0,1,1,1,4.6152,15,1,1
http://whatsapp.com@whatsapp.com-prk5r.kim/security,51,22,9,2,1,0,3,0,0,1,0,1,0,0.0196078431372549,1,0,0,0,0,1,1,1,4.1743,12,1,1
http://linkedin.com@linkedin.com-mnjot.loan/login,49,23,6,2,1,0,3,0,0,1,0,0,0,0.0,1,0,0,0,0,1,1,1,4.0251,12,1,1
http://linkedin-wallet.eylw4q.xyz/security,42,26,9,2,1,0,3,0,0,0,0,1,0,0.023809523809523808,1,0,0,0,0,1,2,1,4.3384,8,1,1
http://xskouzxnljrnjcgwcd9jc.facebook.1yljuy.loan/recover,57,42,8,3,0,0,3,0,0,0,0,2,0,0.03508771929824561,2,0,0,0,0,1,1,1,4.5741,21,1,1
https://samsung.com/support,27,11,8,1,0,0,3,0,0,0,0,0,0,0.0,0,0,1,0,0,0,0,0,3.708,7,0,0
https://harvard.edu/?utm_source=oecubods,40,11,1,1,0,1,3,1,1,0,0,0,0,0.0,0,0,1,0,0,0,0,0,4.1398,8,0,0
https://walmart.com/api,23,11,4,1,0,0,3,0,0,0,0,0,0,0.0,0,0,1,0,0,0,0,0,3.7294,7,0,0
http://tinyurl.com/bnbor7a,26,11,8,1,0,0,3,0,0,0,0,1,0,0.038461538461538464,0,0,0,0,1,0,0,0,4.027,7,0,1
https://dropbox.com/products/login/help,39,11,20,1,0,0,5,0,0,0,0,0,0,0.0,0,0,1,0,0,1,1,0,4.0553,8,0,0
https://dell.com/profile?category=68r,37,8,8,1,0,0,3,1,1,0,0,2,0,0.05405405405405406,0,0,1,0,0,0,0,0,4.3303,8,0,0
http://billing-xkq05.party/5e8fzq1w,35,19,9,1,1,0,3,0,0,0,0,5,0,0.14285714285714285,0,0,0,0,0,1,1,0,4.5719,8,1,1
http://security-pvq30.work/n32k1ihk,35,19,9,1,1,0,3,0,0,0,0,5,0,0.14285714285714285,0,0,0,0,0,1,1,0,4.436,8,1,1
https://www.sony.com/profile/products?page=2at,46,12,17,2,0,0,4,1,1,0,0,1,0,0.021739130434782608,1,0,1,0,0,0,0,0,4.4038,8,0,0
http://tinyurl.com/xj5i2mt,26,11,8,1,0,0,3,0,0,0,0,2,0,0.07692307692307693,0,0,0,0,1,0,0,0,4.056,7,0,1
https://www.cisco.com/blog,26,13,5,2,0,0,3,0,0,0,0,0,0,0.0,1,0,1,0,0,0,0,0,3.7381,5,0,0
http://microsoft-authenticate.pqdnbl.work/update,48,34,7,2,1,0,3,0,0,0,0,0,0,0.0,1,0,0,0,0,1,2,1,4.3469,12,1,1
http://61.235.86.7/wallet/7o7mmz,32,11,14,3,0,0,4,0,0,0,0,10,0,0.3125,2,1,0,0,0,1,1,0,4.1167,6,0,1
http://alert-o1cmr.link/waqpv2xn,32,16,9,1,1,0,3,0,0,0,0,2,0,0.0625,0,0,0,0,0,1,1,0,4.3903,8,1,1
https://nature.com/search,25,10,7,1,0,0,3,0,0,0,0,0,0,0.0,0,0,1,0,0,0,0,0,3.7835,6,0,0
http://t.co/scc1efp,19,4,8,1,0,0,3,0,0,0,0,1,0,0.05263157894736842,0,0,0,0,1,0,0,0,3.3919,7,0,1
https://bbc.com/support/home,28,7,13,1,0,0,4,0,0,0,0,0,0,0.0,0,0,1,0,0,0,0,0,3.655,7,0,0
http://apple.com@apple.com-14311.xyz/confirm,44,19,8,2,1,0,3,0,0,1,0,5,0,0.11363636363636363,1,0,0,0,0,1,1,1,4.3654,9,1,1
https://www.youtube.com/services?sort=n1,40,15,9,2,0,0,3,1,1,0,0,1,0,0.025,1,0,1,0,0,0,0,0,4.2464,8,0,0
https://www.wordpress.com/services/support/products,51,17,26,2,0,0,5,0,0,0,0,0,0,0.0,1,0,1,0,0,0,0,0,3.8295,9,0,0
http://icloud.com@icloud.com-x2yp7.loan/verify,46,21,7,2,1,0,3,0,0,1,0,2,0,0.043478260869565216,1,0,0,0,0,1,1,1,4.4229,10,1,1
https://www.dell.com/home,25,12,5,2,0,0,3,0,0,0,0,0,0,0.0,1,0,1,0,0,0,0,0,3.7035,5,0,0
http://netflix-confirm.gtqmor.click/validate,44,28,9,2,1,0,3,0,0,0,0,0,0,0.0,1,0,0,0,0,1,3,1,4.3259,8,1,1
https://samsung.com/orders,26,11,7,1,0,0,3,0,0,0,0,0,0,0.0,0,0,1,0,0,0,0,0,3.9022,7,0,0
http://office365.com@office365.com-rhcjt.top/recover,52,23,8,2,1,0,3,0,0,1,0,6,0,0.11538461538461539,1,0,0,0,0,1,1,1,4.0988,13,1,1
https://www.who.int/orders/blog/news,36,11,17,2,0,0,5,0,0,0,0,0,0,0.0,1,0,1,0,0,0,0,0,3.8509,6,0,0
https://www.zoom.us/products/orders,35,11,16,2,0,0,4,0,0,0,0,0,0,0.0,1,0,1,0,0,0,0,0,3.8074,8,0,0
https://slack.com/settings,26,9,9,1,0,0,3,0,0,0,0,0,0,0.0,0,0,1,0,0,0,0,0,3.8253,8,0,0
http://bewv68d1rl6zazyxw.linkedin.1cq545.party/signin,53,39,7,3,0,0,3,0,0,0,0,8,0,0.1509433962264151,2,0,0,0,0,1,1,1,4.7041,17,1,1
http://icloud.com@icloud.com-vku8y.cf/alert,43,19,6,2,1,0,3,0,0,1,0,1,0,0.023255813953488372,1,0,0,0,0,1,1,1,4.2778,10,1,1
https://samsung.com/blog/account,32,11,13,1,0,0,4,0,0,0,0,0,0,0.0,0,0,1,0,0,1,1,0,3.8431,7,0,0
http://za49xud9rt7nwuqiq9vobg.wellsfargo.ggkycs.work/wallet,59,45,7,3,0,0,3,0,0,0,0,5,0,0.0847457627118644,2,0,0,0,0,1,1,1,4.6872,22,1,1
https://www.bankofamerica.com/contact?ref=hruwa03,49,21,8,2,0,0,3,1,1,0,0,2,0,0.04081632653061224,1,0,1,0,0,1,1,0,4.352,13,0,0
https://90.2.241.35/login/tvb1kw,32,11,13,3,0,0,4,0,0,0,0,9,0,0.28125,2,1,1,0,0,1,1,0,4.3278,6,0,1
https://www.bestbuy.com/search,30,15,7,2,0,0,3,0,0,0,0,0,0,0.0,1,0,1,0,0,0,0,0,3.9396,7,0,0
http://139.240.86.231/urgent/drz0xv,35,14,14,3,0,0,4,0,0,0,0,12,0,0.34285714285714286,2,1,0,0,0,1,1,0,4.3433,6,0,1
https://www.grubhub.com/?q=78,29,15,1,2,0,0,3,1,1,0,0,2,0,0.06896551724137931,1,0,1,0,0,0,0,0,4.1852,7,0,0
http://google-unlock.4h2hws.click/wallet,40,26,7,2,1,0,3,0,0,0,0,2,0,0.05,1,0,0,0,0,1,3,1,4.1873,6,1,1
https://nytimes.com/help?page=oztp7bd4,38,11,5,1,0,0,3,1,1,0,0,2,0,0.05263157894736842,0,0,1,0,0,0,0,0,4.3661,8,0,0
http://update-confirm-authenticate-vypg.click/docs?redirect=pogi3eeafd&token=zhdidvkbw8bt,89,38,5,1,3,0,3,1,2,0,1,2,0,0.02247191011235955,0,0,0,0,0,1,4,0,4.6377,12,1,1
https://www.wellsfargo.com/blog/home,36,18,10,2,0,0,4,0,0,0,0,0,0,0.0,1,0,1,0,0,0,0,0,3.9823,10,0,0
http://facebook-secure-6cev.click/orders,40,26,7,1,2,0,3,0,0,0,0,1,0,0.025,0,0,0,0,0,1,2,1,4.1848,8,1,1
http://apple-wallet-o1df.link/about,35,22,6,1,2,0,3,0,0,0,0,1,0,0.02857142857142857,0,0,0,0,0,1,1,1,4.0931,6,1,1
https://www.doordash.com/cart/profile/docs?q=ylurt,50,16,18,2,0,0,5,1,1,0,0,0,0,0.0,1,0,1,0,0,0,0,0,4.2791,8,0,0
https://www.cisco.com/help/contact,34,13,13,2,0,0,4,0,0,0,0,0,0,0.0,1,0,1,0,0,0,0,0,3.7604,7,0,0
https://hsbc.com/login/cart/account,35,8,19,1,0,0,5,0,0,0,0,0,0,0.0,0,0,1,0,0,1,2,0,3.8729,7,0,0
https://www.khanacademy.org/contact/services/cart,49,19,22,2,0,0,5,0,0,0,0,0,0,0.0,1,0,1,0,0,0,0,0,4.1156,11,0,0
http://password-update-security-1bij.cricket/profile?redirect=p30l1r99m2&token=kktbk5p24t9n,91,37,8,1,3,0,3,1,2,0,1,11,0,0.12087912087912088,0,0,0,0,0,1,3,0,4.7595,12,1,1
http://bankofamerica-account-pr4t.loan/dashboard,48,31,10,1,2,0,3,0,0,0,0,1,0,0.020833333333333332,0,0,0,0,0,1,2,1,4.2376,13,1,1
http://ufgyn53kbh423l90mczh.instagram.7827jt.click/login,56,43,6,3,0,0,3,0,0,0,0,11,0,0.19642857142857142,2,0,0,0,0,1,2,1,4.7709,20,1,1
https://www.quora.com/dashboard/help,36,13,15,2,0,0,4,0,0,0,0,0,0,0.0,1,0,1,0,0,0,0,0,4.086,9,0,0
http://instagram-alert.h671pj.loan/secure,41,27,7,2,1,0,3,0,0,0,0,3,0,0.07317073170731707,1,0,0,0,0,1,2,1,4.3267,9,1,1
http://signin-oi4p2.gq/25fnscqq,31,15,9,1,1,0,3,0,0,0,0,4,0,0.12903225806451613,0,0,0,0,0,1,1,0,4.0181,8,1,1
http://bit.ly/ay2v58f,21,6,8,1,0,0,3,0,0,0,0,3,0,0.14285714285714285,0,0,0,0,1,0,0,0,3.8442,7,0,1
http://238.85.193.149/authenticate/k87322,41,14,20,3,0,0,4,0,0,0,0,16,0,0.3902439024390244,2,1,0,0,0,1,1,0,4.1715,12,0,1
http://facebook-validate.xl2f70.link/suspend,44,29,8,2,1,0,3,0,0,0,0,3,0,0.06818181818181818,1,0,0,0,0,1,2,1,4.51,8,1,1
https://twitch.tv/?sort=5gj,27,9,1,1,0,0,3,1,1,0,0,1,0,0.037037037037037035,0,0,1,0,0,0,0,0,3.8562,6,0,0
https://www.discord.com/login,29,15,6,2,0,0,3,0,0,0,0,0,0,0.0,1,0,1,0,0,1,1,0,3.9523,7,0,0
http://paypal-billing.trpw3h.cricket/confirm,44,29,8,2,1,0,3,0,0,0,0,1,0,0.022727272727272728,1,0,0,0,0,1,2,1,4.2999,7,1,1
http://bankofamerica-signin-z3m2.cricket/cart,45,33,5,1,2,0,3,0,0,0,0,2,0,0.044444444444444446,0,0,0,0,0,1,2,1,4.286,13,1,1
http://icloud-unlock.fitcgm.kim/suspend,39,24,8,2,1,0,3,0,0,0,0,0,0,0.0,1,0,0,0,0,1,2,1,4.2143,7,1,1
https://www.un.org/services/products/cart,41,10,23,2,0,0,5,0,0,0,0,0,0,0.0,1,0,1,0,0,0,0,0,4.0132,8,0,0
https://lenovo.com/login/contact,32,10,14,1,0,0,4,0,0,0,0,0,0,0.0,0,0,1,0,0,1,1,0,3.7775,7,0,0
https://www.nvidia.com/account/settings/search,46,14,24,2,0,0,5,0,0,0,0,0,0,0.0,1,0,1,0,0,1,1,0,4.0836,8,0,0
http://l1eh8hyf87sw1k9m94.linkedin.uzxy4g.tk/recover,52,37,8,3,0,0,3,0,0,0,0,9,0,0.17307692307692307,2,0,0,0,0,1,1,1,4.7432,18,1,1
http://security-validate-suspend-k6uj.loan/account?redirect=ilkbpntsek&token=p8ynnhqi59mx,89,35,8,1,3,0,3,1,2,0,1,4,0,0.0449438202247191,0,0,0,0,0,1,4,0,4.7067,12,1,1
https://uber.com/?sort=fu,25,8,1,1,0,0,3,1,1,0,0,0,0,0.0,0,0,1,0,0,0,0,0,3.9435,5,0,0
https://www.booking.com/signup/checkout/profile?id=ddur82c,58,15,24,2,0,0,5,1,1,0,0,2,0,0.034482758620689655,1,0,1,0,0,0,0,0,4.496,8,0,0
https://hp.com/checkout/services/dashboard,42,6,28,1,0,0,5,0,0,0,0,0,0,0.0,0,0,1,0,0,0,0,0,4.0144,9,0,0
https://forbes.com/blog,23,10,5,1,0,0,3,0,0,0,0,0,0,0.0,0,0,1,0,0,0,0,0,3.8492,6,0,0
https://reddit.com/help,23,10,5,1,0,0,3,0,0,0,0,0,0,0.0,0,0,1,0,0,0,0,0,3.7623,6,0,0
https://www.who.int/cart/services/cart?q=vnzh1,46,11,19,2,0,0,5,1,1,0,0,1,0,0.021739130434782608,1,0,1,0,0,0,0,0,4.1705,8,0,0
http://netflix.com@netflix.com-cs1ke.top/suspend,48,21,8,2,1,0,3,0,0,1,0,1,0,0.020833333333333332,1,0,0,0,0,1,1,1,4.2747,11,1,1
https://epicgames.com/profile/blog,34,13,13,1,0,0,4,0,0,0,0,0,0,0.0,0,0,1,0,0,0,0,0,4.0209,9,0,0
http://google-authenticate-yq71.loan/home,41,29,5,1,2,0,3,0,0,0,0,2,0,0.04878048780487805,0,0,0,0,0,1,1,1,4.1411,12,1,1
http://netflix-billing-ytii.ml/orders,37,23,7,1,2,0,3,0,0,0,0,0,0,0.0,0,0,0,0,0,1,1,1,4.1185,7,1,1
http://147.16.177.136/urgent/324zbl,35,14,14,3,0,0,4,0,0,0,0,14,0,0.4,2,1,0,0,0,1,1,0,4.0931,6,0,1
https://wellsfargo.com/cart/help/about?sort=ir7nzbx&category=jv8,64,14,16,1,0,0,5,1,2,0,1,2,0,0.03125,0,0,1,0,0,0,0,0,4.635,10,0,0
https://www.python.org/signup?ref=1xe,37,14,7,2,0,0,3,1,1,0,0,1,0,0.02702702702702703,1,0,1,0,0,0,0,0,4.263,6,0,0
http://account-2s2da.review/9otcj81r,36,20,9,1,1,0,3,0,0,0,0,5,0,0.1388888888888889,0,0,0,0,0,1,1,0,4.4058,8,1,1
https://www.heroku.com/?lang=1w1ht7,35,14,1,2,0,0,3,1,1,0,0,3,0,0.08571428571428572,1,0,1,0,0,0,0,0,4.3217,6,0,0
http://bankofamerica-urgent.jhb051.party/validate,49,33,9,2,1,0,3,0,0,0,0,3,0,0.061224489795918366,1,0,0,0,0,1,3,1,4.5252,13,1,1
http://google-billing.oe2hk7.top/alert,38,25,6,2,1,0,3,0,0,0,0,2,0,0.05263157894736842,1,0,0,0,0,1,2,1,4.0304,7,1,1
https://www.ibm.com/account/home,32,11,13,2,0,0,4,0,0,0,0,0,0,0.0,1,0,1,0,0,1,1,0,3.882,7,0,0
https://spotify.com/support/search,34,11,15,1,0,0,4,0,0,0,0,0,0,0.0,0,0,1,0,0,0,0,0,3.83,7,0,0
https://samsung.com/cart/home?page=1r1dww,41,11,10,1,0,0,4,1,1,0,0,2,0,0.04878048780487805,0,0,1,0,0,0,0,0,4.2595,7,0,0
https://www.ibm.com/orders,26,11,7,2,0,0,3,0,0,0,0,0,0,0.0,1,0,1,0,0,0,0,0,3.8731,6,0,0
http://authenticate-2vmbm.work/qj3sxgtt,39,23,9,1,1,0,3,0,0,0,0,2,0,0.05128205128205128,0,0,0,0,0,1,1,0,4.4545,12,1,1
https://cnn.com/dashboard,25,7,10,1,0,0,3,0,0,0,0,0,0,0.0,0,0,1,0,0,0,0,0,3.8137,9,0,0
http://bc83y0clccvgjj1.google.wsfdib.kim/validate,49,33,9,3,0,0,3,0,0,0,0,4,0,0.08163265306122448,2,0,0,0,0,1,1,1,4.5835,15,1,1
http://bankofamerica-wallet-q3i9.loan/orders,44,30,7,1,2,0,3,0,0,0,0,2,0,0.045454545454545456,0,0,0,0,0,1,2,1,4.4108,13,1,1
http://is.gd/gxwdpa7,20,5,8,1,0,0,3,0,0,0,0,1,0,0.05,0,0,0,0,1,0,0,0,3.6842,7,0,1
https://112.146.84.212/security/7myf01,38,14,16,3,0,0,4,0,0,0,0,14,0,0.3684210526315789,2,1,1,0,0,1,1,0,4.1986,8,0,1
http://is.gd/e82i5x6,20,5,8,1,0,0,3,0,0,0,0,4,0,0.2,0,0,0,0,1,0,0,0,3.8842,7,0,1
https://nasa.gov/about/account,30,8,14,1,0,0,4,0,0,0,0,0,0,0.0,0,0,1,0,0,1,1,0,3.6817,7,0,0
http://outlook-suspend-wtco.tk/login,36,23,6,1,2,0,3,0,0,0,0,0,0,0.0,0,0,0,0,0,1,2,1,4.004,7,1,1
https://www.harvard.edu/orders,30,15,7,2,0,0,3,0,0,0,0,0,0,0.0,1,0,1,0,0,0,0,0,3.7647,7,0,0
https://lenovo.com/api/settings/login,37,10,19,1,0,0,5,0,0,0,0,0,0,0.0,0,0,1,0,0,1,1,0,3.8615,8,0,0
https://www.telegram.org/contact,32,16,8,2,0,0,3,0,0,0,0,0,0,0.0,1,0,1,0,0,0,0,0,3.9025,8,0,0
https://www.booking.com/cart,28,15,5,2,0,0,3,0,0,0,0,0,0,0.0,1,0,1,0,0,0,0,0,3.9852,7,0,0
https://16.230.193.228/authenticate/wfj2et,42,14,20,3,0,0,4,0,0,0,0,12,0,0.2857142857142857,2,1,1,0,0,1,1,0,4.2252,12,0,1
https://kubernetes.io/services/about/signup?sort=3td3&id=eg1c,61,13,22,1,0,0,5,1,2,0,1,3,0,0.04918032786885246,0,0,1,0,0,0,0,0,4.3503,10,0,0
https://www.pinterest.com/cart?q=4c8&sort=0v,44,17,5,2,0,0,3,1,2,0,1,3,0,0.06818181818181818,1,0,1,0,0,0,0,0,4.3393,9,0,0
http://d3szxdf0nsgt6lkwknys5t.whatsapp.hu4tgv.review/billing,60,45,8,3,0,0,3,0,0,0,0,5,0,0.08333333333333333,2,0,0,0,0,1,1,1,4.6352,22,1,1
http://114.132.161.140/unlock/rmzrmt,36,15,14,3,0,0,4,0,0,0,0,12,0,0.3333333333333333,2,1,0,0,0,1,1,0,4.086,6,0,1
https://www.nasa.gov/services?id=4j,35,12,9,2,0,0,3,1,1,0,0,1,0,0.02857142857142857,1,0,1,0,0,0,0,0,4.2861,8,0,0
https://bankofamerica.com/signup/login/settings,47,17,22,1,0,0,5,0,0,0,0,0,0,0.0,0,0,1,0,0,1,2,0,4.153,13,0,0
https://www.dell.com/account/search?ref=x5t5p5o3,48,12,15,2,0,0,4,1,1,0,0,4,0,0.08333333333333333,1,0,1,0,0,1,1,0,4.3971,8,0,0
http://validate-to914.review/a2g76rwr,37,21,9,1,1,0,3,0,0,0,0,6,0,0.16216216216216217,0,0,0,0,0,1,1,0,4.317,8,1,1
https://www.hp.com/?ref=dqf&lang=uzpe,37,10,1,2,0,0,3,1,2,0,1,0,0,0.0,1,0,1,0,0,0,0,0,4.4996,5,0,0
https://www.sap.com/profile?page=rckq&ref=ra,44,11,8,2,0,0,3,1,2,0,1,0,0,0.0,1,0,1,0,0,0,0,0,4.3454,7,0,0
https://twitch.tv/signup/checkout,33,9,16,1,0,0,4,0,0,0,0,0,0,0.0,0,0,1,0,0,0,0,0,3.8014,8,0,0
http://microsoft-confirm-p7q4.kim/support,41,26,8,1,2,0,3,0,0,0,0,2,0,0.04878048780487805,0,0,0,0,0,1,1,1,4.1132,9,1,1
https://www.khanacademy.org/search/signup,41,19,14,2,0,0,4,0,0,0,0,0,0,0.0,1,0,1,0,0,0,0,0,4.2291,11,0,0
http://74.90.193.126/password/zp84jr,36,13,16,3,0,0,4,0,0,0,0,12,0,0.3333333333333333,2,1,0,0,0,1,1,0,4.3502,8,0,1
https://www.un.org/help/help,28,10,10,2,0,0,4,0,0,0,0,0,0,0.0,1,0,1,0,0,0,0,0,3.7265,5,0,0
http://bit.ly/rcmuz8d,21,6,8,1,0,0,3,0,0,0,0,1,0,0.047619047619047616,0,0,0,0,1,0,0,0,3.9395,7,0,1
http://wpvi06b8msg4ogb1.chase.lrxgke.cf/validate,48,32,9,3,0,0,3,0,0,0,0,5,0,0.10416666666666667,2,0,0,0,0,1,1,1,4.6573,16,1,1
http://8jj6jai71ywd8wl2ikbutzid.linkedin.iao0jp.top/login,57,44,6,3,0,0,3,0,0,0,0,7,0,0.12280701754385964,2,0,0,0,0,1,1,1,4.4831,24,1,1
https://www.bbc.com/products?category=gybxk,43,11,9,2,0,0,3,1,1,0,0,0,0,0.0,1,0,1,0,0,0,0,0,4.3328,8,0,0
https://www.asus.com/?q=uqd,27,12,1,2,0,0,3,1,1,0,0,0,0,0.0,1,0,1,0,0,0,0,0,3.9303,5,0,0
http://confirm-zzw5u.cf/tkcakdp3,32,16,9,1,1,0,3,0,0,0,0,2,0,0.0625,0,0,0,0,0,1,1,0,4.3042,8,1,1
https://www.sony.com/help/account,33,12,13,2,0,0,4,0,0,0,0,0,0,0.0,1,0,1,0,0,1,1,0,3.9226,7,0,0
https://www.figma.com/?lang=peqydb,34,13,1,2,0,0,3,1,1,0,0,0,0,0.0,1,0,1,0,0,0,0,0,4.4548,6,0,0
https://www.whatsapp.com/signup?sort=gz2u&id=xylnf,50,16,7,2,0,0,3,1,2,0,1,1,0,0.02,1,0,1,0,0,0,0,0,4.5488,8,0,0
https://215.81.31.143/login/6qgcbj,34,13,13,3,0,0,4,0,0,0,0,11,0,0.3235294117647059,2,1,1,0,0,1,1,0,4.3006,6,0,1
http://password-b3ygb.cricket/gjof9usk,38,22,9,1,1,0,3,0,0,0,0,2,0,0.05263157894736842,0,0,0,0,0,1,1,0,4.5041,8,1,1
http://24heskjwbu2olrw334kkaf9.google.yft4gc.party/wallet,57,43,7,3,0,0,3,0,0,0,0,8,0,0.14035087719298245,2,0,0,0,0,1,1,1,4.4925,23,1,1
http://instagram-password-ehrt.loan/contact,43,28,8,1,2,0,3,0,0,0,0,0,0,0.0,0,0,0,0,0,1,1,1,4.0566,9,1,1
http://apple.com@apple.com-zkakj.zip/update,43,19,7,2,1,0,3,0,0,1,0,0,0,0.0,1,0,0,0,0,1,1,1,4.0618,9,1,1
http://security-validate-account-dyqz.link/services?redirect=e8dmx1vop8&token=qw8nzuevgb56,90,35,9,1,3,0,3,1,2,0,1,6,0,0.06666666666666667,0,0,0,0,0,1,3,0,4.8176,12,1,1
http://chase.com@chase.com-dad38.kim/recover,44,19,8,2,1,0,3,0,0,1,0,2,0,0.045454545454545456,1,0,0,0,0,1,1,1,4.1835,9,1,1
http://t.co/d33z0wm,19,4,8,1,0,0,3,0,0,0,0,3,0,0.15789473684210525,0,0,0,0,1,0,0,0,3.6421,7,0,1
http://tinyurl.com/yj74q7s,26,11,8,1,0,0,3,0,0,0,0,3,0,0.11538461538461539,0,0,0,0,1,0,0,0,4.1808,7,0,1
https://lyft.com/orders,23,8,7,1,0,0,3,0,0,0,0,0,0,0.0,0,0,1,0,0,0,0,0,3.8492,6,0,0
http://bit.ly/53jr8s1,21,6,8,1,0,0,3,0,0,0,0,4,0,0.19047619047619047,0,0,0,0,1,0,0,0,3.9395,7,0,1
https://usa.gov/?utm_source=63,30,7,1,1,0,1,3,1,1,0,0,2,0,0.06666666666666667,0,0,1,0,0,0,0,0,4.2062,6,0,0
http://amazon-signin-vnd9.review/account,40,25,8,1,2,0,3,0,0,0,0,1,0,0.025,0,0,0,0,0,1,2,1,4.3062,7,1,1
https://chase.com/contact/services/dashboard?ref=bekg,53,9,27,1,0,0,5,1,1,0,0,0,0,0.0,0,0,1,0,0,0,0,0,4.2052,9,0,0
http://unlock-alert-urgent-qi5j.cricket/support?redirect=0000lg7703&token=p24bx2144vwg,86,32,8,1,3,0,3,1,2,0,1,15,0,0.1744186046511628,0,0,0,0,0,1,3,0,4.8428,12,1,1
https://who.int/about,21,7,6,1,0,0,3,0,0,0,0,0,0,0.0,0,0,1,0,0,0,0,0,3.5945,5,0,0
http://linkedin.com@linkedin.com-0q0rf.work/billing,51,23,8,2,1,0,3,0,0,1,0,2,0,0.0392156862745098,1,0,0,0,0,1,1,1,4.3364,12,1,1
http://bankofamerica.com@bankofamerica.com-i5cqo.tk/wallet,58,26,7,2,1,0,3,0,0,1,0,1,0,0.017241379310344827,1,0,0,0,0,1,2,1,4.2606,17,1,1
http://cutt.ly/npikzpx,22,7,8,1,0,0,3,0,0,0,0,0,0,0.0,0,0,0,0,1,0,0,0,3.6635,7,0,1
http://outlook.com@outlook.com-xj17x.zip/authenticate,53,21,13,2,1,0,3,0,0,1,0,2,0,0.03773584905660377,1,0,0,0,0,1,1,1,4.2058,12,1,1
https://sciencedirect.com/search,32,17,7,1,0,0,3,0,0,0,0,0,0,0.0,0,0,1,0,0,0,0,0,3.7539,13,0,0
https://www.intel.com/signup/products?id=hhlk3y&page=6ak32o,59,13,16,2,0,0,4,1,2,0,1,4,0,0.06779661016949153,1,0,1,0,0,0,0,0,4.6661,8,0,0
http://chase-signin-t790.gq/support,35,20,8,1,2,0,3,0,0,0,0,3,0,0.08571428571428572,0,0,0,0,0,1,1,1,4.2074,7,1,1
https://wordpress.com/cart?sort=0qi2c,37,13,5,1,0,0,3,1,1,0,0,2,0,0.05405405405405406,0,0,1,0,0,0,0,0,4.1212,9,0,0
https://225.224.86.235/security/3hxb8b,38,14,16,3,0,0,4,0,0,0,0,13,0,0.34210526315789475,2,1,1,0,0,1,1,0,4.1658,8,0,1
http://gct8bwk8xn29gxekbzcml.chase.ox8gct.party/alert,53,40,6,3,0,0,3,0,0,0,0,5,0,0.09433962264150944,2,0,0,0,0,1,1,1,4.4299,21,1,1
https://chase.com/settings/blog,31,9,14,1,0,0,4,0,0,0,0,0,0,0.0,0,0,1,0,0,0,0,0,3.8574,8,0,0
https://136.60.139.111/validate/t6ur9x,38,14,16,3,0,0,4,0,0,0,0,13,0,0.34210526315789475,2,1,1,0,0,1,1,0,4.1132,8,0,1
http://cutt.ly/9pgn3s2,22,7,8,1,0,0,3,0,0,0,0,3,0,0.13636363636363635,0,0,0,0,1,0,0,0,3.7888,7,0,1
http://google-password-vwv6.review/docs,39,27,5,1,2,0,3,0,0,0,0,1,0,0.02564102564102564,0,0,0,0,0,1,1,1,4.163,8,1,1
https://www.paypal.com/?page=bl98k03,36,14,1,2,0,0,3,1,1,0,0,4,0,0.1111111111111111,1,0,1,0,0,0,0,0,4.3848,7,0,0
http://account-unlock-login-rtdq.ml/signup?redirect=pn9fdlr8z1&token=01jd1bje9xoa,81,28,7,1,3,0,3,1,2,0,1,7,0,0.08641975308641975,0,0,0,0,0,1,3,0,4.8194,12,1,1
https://www.mit.edu/search/products/dashboard,45,11,26,2,0,0,5,0,0,0,0,0,0,0.0,1,0,1,0,0,0,0,0,4.0112,9,0,0
https://24.114.4.120/validate/8dywwm,36,12,16,3,0,0,4,0,0,0,0,10,0,0.2777777777777778,2,1,1,0,0,1,1,0,4.1972,8,0,1
https://www.youtube.com,23,15,0,2,0,0,2,0,0,0,0,0,0,0.0,1,0,1,0,0,0,0,0,3.7623,7,0,0
https://github.com/?category=u0&utm_source=0get,47,10,1,1,0,1,3,1,2,0,1,2,0,0.0425531914893617,0,0,1,0,0,0,0,0,4.2932,8,0,0
http://cutt.ly/h68ndju,22,7,8,1,0,0,3,0,0,0,0,2,0,0.09090909090909091,0,0,0,0,1,0,0,0,3.6978,7,0,1
https://canva.com/login/dashboard/signup,40,9,23,1,0,0,5,0,0,0,0,0,0,0.0,0,0,1,0,0,1,1,0,4.1251,9,0,0
https://quora.com/help/about/help?ref=qz,40,9,16,1,0,0,5,1,1,0,0,0,0,0.0,0,0,1,0,0,0,0,0,4.1873,5,0,0
https://www.mozilla.org/news/contact,36,15,13,2,0,0,4,0,0,0,0,0,0,0.0,1,0,1,0,0,0,0,0,4.0378,7,0,0
http://t.co/033zujc,19,4,8,1,0,0,3,0,0,0,0,3,0,0.15789473684210525,0,0,0,0,1,0,0,0,3.5369,7,0,1
http://slslekfomjoqjq8hcqu.whatsapp.txq7xl.work/unlock,54,40,7,3,0,0,3,0,0,0,0,2,0,0.037037037037037035,2,0,0,0,0,1,1,1,4.4118,19,1,1
http://office365.com@office365.com-zt0lf.cf/urgent,50,22,7,2,1,0,3,0,0,1,0,7,0,0.14,1,0,0,0,0,1,1,1,4.2962,13,1,1
https://www.sciencedirect.com/docs/home/signup?sort=xfqj,56,21,17,2,0,0,5,1,1,0,0,0,0,0.0,1,0,1,0,0,0,0,0,4.337,13,0,0
https://www.telegram.org/?lang=tg,33,16,1,2,0,0,3,1,1,0,0,0,0,0.0,1,0,1,0,0,0,0,0,3.9683,8,0,0
http://secure-login-recover-jp2p.work/account?redirect=pzl90k3rf7&token=6pk90jez4uig,84,30,8,1,3,0,3,1,2,0,1,9,0,0.10714285714285714,0,0,0,0,0,1,4,0,4.7749,12,1,1
http://bankofamerica-login-r4g0.xyz/support,43,28,8,1,2,0,3,0,0,0,0,2,0,0.046511627906976744,0,0,0,0,0,1,2,1,4.5767,13,1,1
http://apple.com@apple.com-x82uf.cf/signin,42,18,7,2,1,0,3,0,0,1,0,2,0,0.047619047619047616,1,0,0,0,0,1,1,1,4.3477,9,1,1
http://office365-account.in0byq.ml/secure,41,27,7,2,1,0,3,0,0,0,0,4,0,0.0975609756097561,1,0,0,0,0,1,2,1,4.5218,9,1,1
https://hp.com/services/settings,32,6,18,1,0,0,4,0,0,0,0,0,0,0.0,0,0,1,0,0,0,0,0,3.7386,8,0,0
https://www.docker.com/docs/signup/products?page=9var2pz,56,14,21,2,0,0,5,1,1,0,0,2,0,0.03571428571428571,1,0,1,0,0,0,0,0,4.4459,8,0,0
https://www.npmjs.com/dashboard?category=tylu,45,13,10,2,0,0,3,1,1,0,0,0,0,0.0,1,0,1,0,0,0,0,0,4.4302,9,0,0
https://www.digitalocean.com/?utm_source=u9b,44,20,1,2,0,1,3,1,1,0,0,1,0,0.022727272727272728,1,0,1,0,0,0,0,0,4.4646,12,0,0
http://google-account.m2o2zc.loan/alert,39,26,6,2,1,0,3,0,0,0,0,2,0,0.05128205128205128,1,0,0,0,0,1,2,1,4.0385,7,1,1
https://www.oracle.com/docs/cart/profile,40,14,18,2,0,0,5,0,0,0,0,0,0,0.0,1,0,1,0,0,0,0,0,3.9751,7,0,0
https://www.nature.com/api/orders/home,38,14,16,2,0,0,5,0,0,0,0,0,0,0.0,1,0,1,0,0,0,0,0,4.001,6,0,0
https://nasa.gov/blog/dashboard/search?id=mtpkq5c,49,8,22,1,0,0,5,1,1,0,0,1,0,0.02040816326530612,0,0,1,0,0,0,0,0,4.3853,9,0,0
https://www.cisco.com/?id=mpio,30,13,1,2,0,0,3,1,1,0,0,0,0,0.0,1,0,1,0,0,0,0,0,3.7811,5,0,0
http://office365-account.na2i7p.party/account,45,30,8,2,1,0,3,0,0,0,0,5,0,0.1111111111111111,1,0,0,0,0,1,1,1,4.1977,9,1,1
http://microsoft-verify-tjyr.top/help,37,25,5,1,2,0,3,0,0,0,0,0,0,0.0,0,0,0,0,0,1,1,1,4.0573,9,1,1
https://un.org/docs/blog/signup,31,6,17,1,0,0,5,0,0,0,0,0,0,0.0,0,0,1,0,0,0,0,0,3.8615,6,0,0
http://fjpo4dilgonjpxw6zuztlsu.icloud.y5lv92.xyz/verify,55,41,7,3,0,0,3,0,0,0,0,5,0,0.09090909090909091,2,0,0,0,0,1,1,1,4.676,23,1,1
http://office365.com@office365.com-ak8ye.zip/confirm,52,23,8,2,1,0,3,0,0,1,0,7,0,0.1346153846153846,1,0,0,0,0,1,1,1,4.3187,13,1,1
http://cutt.ly/824tl7j,22,7,8,1,0,0,3,0,0,0,0,4,0,0.18181818181818182,0,0,0,0,1,0,0,0,3.6247,7,0,1
https://wikipedia.org/contact/help?page=0s,42,13,13,1,0,0,4,1,1,0,0,1,0,0.023809523809523808,0,0,1,0,0,0,0,0,4.2432,9,0,0
http://google.com@google.com-mcjqq.kim/account,46,20,8,2,1,0,3,0,0,1,0,0,0,0.0,1,0,0,0,0,1,1,1,4.0556,10,1,1
https://un.org/checkout,23,6,9,1,0,0,3,0,0,0,0,0,0,0.0,0,0,1,0,0,0,0,0,3.7623,8,0,0
http://amazon-security-6vb7.ml/services,39,23,9,1,2,0,3,0,0,0,0,2,0,0.05128205128205128,0,0,0,0,0,1,1,1,4.4387,8,1,1
https://digitalocean.com/?id=bk&sort=z7ve,41,16,1,1,0,0,3,1,2,0,1,1,0,0.024390243902439025,0,0,1,0,0,0,0,0,4.5218,12,0,0
http://xu1oubnlma4ac1puvd3xak7.bankofamerica.4f5zqs.cricket/security,68,52,9,3,0,0,3,0,0,0,0,7,0,0.10294117647058823,2,0,0,0,0,1,2,1,4.7397,23,1,1
http://icloud.com@icloud.com-qblup.work/confirm,47,21,8,2,1,0,3,0,0,1,0,0,0,0.0,1,0,0,0,0,1,1,1,4.2004,10,1,1
https://un.org/login/account/home?utm_source=is11d2mr,53,6,19,1,0,1,5,1,1,0,0,3,0,0.05660377358490566,0,0,1,0,0,1,2,0,4.3507,8,0,0
https://bankofamerica.com,25,17,0,1,0,0,2,0,0,0,0,0,0,0.0,0,0,1,0,0,1,1,0,4.0537,13,0,0
https://www.netflix.com/login,29,15,6,2,0,0,3,0,0,0,0,0,0,0.0,1,0,1,0,0,1,1,0,4.0213,7,0,0
http://h83fi4ojaipxem242y.outlook.hfe5wm.top/validate,53,37,9,3,0,0,3,0,0,0,0,7,0,0.1320754716981132,2,0,0,0,0,1,1,1,4.4731,18,1,1
https://www.sony.com/api,24,12,4,2,0,0,3,0,0,0,0,0,0,0.0,1,0,1,0,0,0,0,0,3.7721,5,0,0
https://www.grubhub.com/services/help,37,15,14,2,0,0,4,0,0,0,0,0,0,0.0,1,0,1,0,0,0,0,0,4.1008,8,0,0
http://confirm-lqexr.link/1clnvxnz,34,18,9,1,1,0,3,0,0,0,0,1,0,0.029411764705882353,0,0,0,0,0,1,1,0,4.2784,8,1,1
http://update-unlock-authenticate-5aie.cf/signup?redirect=t8dl8f5waz&token=5bcan68u1qp2,87,34,7,1,3,0,3,1,2,0,1,9,0,0.10344827586206896,0,0,0,0,0,1,3,0,4.6924,12,1,1
https://figma.com/docs/docs/profile,35,9,18,1,0,0,5,0,0,0,0,0,0,0.0,0,0,1,0,0,0,0,0,3.9544,7,0,0
http://google-authenticate-zufj.review/api,42,31,4,1,2,0,3,0,0,0,0,0,0,0.0,0,0,0,0,0,1,1,1,4.2141,12,1,1
https://www.github.com/home,27,14,5,2,0,0,3,0,0,0,0,0,0,0.0,1,0,1,0,0,0,0,0,3.8282,6,0,0
http://google-urgent-isbh.link/news,35,23,5,1,2,0,3,0,0,0,0,0,0,0.0,0,0,0,0,0,1,1,1,4.1072,6,1,1
http://password-unlock-urgent-1qlm.tk/dashboard?redirect=wcj8dl4jm0&token=d6fwunibw1gi,86,30,10,1,3,0,3,1,2,0,1,6,0,0.06976744186046512,0,0,0,0,0,1,3,0,4.8748,12,1,1
http://validate-billing-unlock-qb16.zip/search?redirect=aeqoxbe1p5&token=ei7k8evbrx8u,85,32,7,1,3,0,3,1,2,0,1,7,0,0.08235294117647059,0,0,0,0,0,1,3,0,4.7749,12,1,1
http://google-unlock.fekxvt.cricket/authenticate,48,28,13,2,1,0,3,0,0,0,0,0,0,0.0,1,0,0,0,0,1,2,1,4.1365,12,1,1
https://apple.com/?category=gl,30,9,1,1,0,0,3,1,1,0,0,0,0,0.0,0,0,1,0,0,0,0,0,4.0314,8,0,0
http://prno5gtx7u4gbgc.chase.n3k3wk.link/account,48,33,8,3,0,0,3,0,0,0,0,5,0,0.10416666666666667,2,0,0,0,0,1,1,1,4.4387,15,1,1
https://airbnb.com/?ref=lbqzrwjx,32,10,1,1,0,0,3,1,1,0,0,0,0,0.0,0,0,1,0,0,0,0,0,4.4917,8,0,0
http://whatsapp-recover-dtca.party/blog,39,27,5,1,2,0,3,0,0,0,0,0,0,0.0,0,0,0,0,0,1,1,1,4.0772,8,1,1
https://ieee.org/api/docs?sort=hj3muurm,39,8,9,1,0,0,4,1,1,0,0,1,0,0.02564102564102564,0,0,1,0,0,0,0,0,4.2143,8,0,0
https://www.nasa.gov,20,12,0,2,0,0,2,0,0,0,0,0,0,0.0,1,0,1,0,0,0,0,0,3.5842,5,0,0
https://89.104.169.220/urgent/rk5gor,36,14,14,3,0,0,4,0,0,0,0,12,0,0.3333333333333333,2,1,1,0,0,1,1,0,4.2737,6,0,1
http://recover-8ualr.review/kjalw563,36,20,9,1,1,0,3,0,0,0,0,4,0,0.1111111111111111,0,0,0,0,0,1,1,0,4.3156,8,1,1
http://confirm-wh54w.click/sf9nrmoz,35,19,9,1,1,0,3,0,0,0,0,3,0,0.08571428571428572,0,0,0,0,0,1,2,0,4.3433,8,1,1
http://cutt.ly/p85y7t3,22,7,8,1,0,0,3,0,0,0,0,4,0,0.18181818181818182,0,0,0,0,1,0,0,0,3.5338,7,0,1
https://wikipedia.org/dashboard,31,13,10,1,0,0,3,0,0,0,0,0,0,0.0,0,0,1,0,0,0,0,0,3.9536,9,0,0
http://instagram-login.6f5226.cricket/signin,44,30,7,2,1,0,3,0,0,0,0,5,0,0.11363636363636363,1,0,0,0,0,1,2,1,4.2976,9,1,1
https://instacart.com,21,13,0,1,0,0,2,0,0,0,0,0,0,0.0,0,0,1,0,0,0,0,0,3.6304,9,0,0
http://edodwh7hg4p93ny.wellsfargo.h90en4.ml/password,52,36,9,3,0,0,3,0,0,0,0,7,0,0.1346153846153846,2,0,0,0,0,1,1,1,4.4544,15,1,1
http://chase.com@chase.com-1vggb.ml/verify,42,18,7,2,1,0,3,0,0,1,0,1,0,0.023809523809523808,1,0,0,0,0,1,1,1,4.3501,9,1,1
http://t.co/ufhn5yl,19,4,8,1,0,0,3,0,0,0,0,1,0,0.05263157894736842,0,0,0,0,1,0,0,0,3.6421,7,0,1
https://lyft.com/home/login/profile,35,8,19,1,0,0,5,0,0,0,0,0,0,0.0,0,0,1,0,0,1,1,0,3.9544,7,0,0
http://t.co/6dtyn4b,19,4,8,1,0,0,3,0,0,0,0,2,0,0.10526315789473684,0,0,0,0,1,0,0,0,3.5766,7,0,1
https://www.who.int/news/blog,29,11,10,2,0,0,4,0,0,0,0,0,0,0.0,1,0,1,0,0,0,0,0,3.673,5,0,0
http://jqpxvlv7q7xx1oya8pfkpov.amazon.yh73yu.cf/confirm,55,40,8,3,0,0,3,0,0,0,0,6,0,0.10909090909090909,2,0,0,0,0,1,1,1,4.5806,23,1,1
https://airbnb.com/support/support/cart,39,10,21,1,0,0,5,0,0,0,0,0,0,0.0,0,0,1,0,0,0,0,0,3.7383,7,0,0
https://www.heroku.com/search/docs/home,39,14,17,2,0,0,5,0,0,0,0,0,0,0.0,1,0,1,0,0,0,0,0,3.8847,6,0,0
https://www.hp.com/orders?category=2zuv,39,10,7,2,0,0,3,1,1,0,0,1,0,0.02564102564102564,1,0,1,0,0,0,0,0,4.3681,8,0,0
http://194.91.133.248/authenticate/pe4l9e,41,14,20,3,0,0,4,0,0,0,0,13,0,0.3170731707317073,2,1,0,0,0,1,1,0,4.0251,12,0,1
http://gf9xxwnkpziajn3ml.apple.eozprr.link/billing,50,35,8,3,0,0,3,0,0,0,0,2,0,0.04,2,0,0,0,0,1,1,1,4.3493,17,1,1
http://wellsfargo-validate-dak4.loan/about,42,29,6,1,2,0,3,0,0,0,0,1,0,0.023809523809523808,0,0,0,0,0,1,1,1,4.2728,10,1,1
https://nvidia.com/blog/api,27,10,9,1,0,0,4,0,0,0,0,0,0,0.0,0,0,1,0,0,0,0,0,3.9862,6,0,0
https://ibm.com/login/orders/dashboard,38,7,23,1,0,0,5,0,0,0,0,0,0,0.0,0,0,1,0,0,1,1,0,4.0407,9,0,0
https://www.coursera.org/api/home/products,42,16,18,2,0,0,5,0,0,0,0,0,0,0.0,1,0,1,0,0,0,0,0,3.9964,8,0,0
http://office365-urgent.ff4261.ml/account,41,26,8,2,1,0,3,0,0,0,0,7,0,0.17073170731707318,1,0,0,0,0,1,2,1,4.4427,9,1,1
https://www.ieee.org/cart,25,12,5,2,0,0,3,0,0,0,0,0,0,0.0,1,0,1,0,0,0,0,0,3.7231,5,0,0
http://chase.com@chase.com-7jnx8.loan/authenticate,50,20,13,2,1,0,3,0,0,1,0,2,0,0.04,1,0,0,0,0,1,1,1,4.1669,12,1,1
http://198.248.124.135/secure/ntht7u,36,15,14,3,0,0,4,0,0,0,0,13,0,0.3611111111111111,2,1,0,0,0,1,1,0,4.128,6,0,1
http://office365-validate-vaqv.xyz/about,40,27,6,1,2,0,3,0,0,0,0,3,0,0.075,0,0,0,0,0,1,1,1,4.4342,9,1,1
https://adobe.com/settings,26,9,9,1,0,0,3,0,0,0,0,0,0,0.0,0,0,1,0,0,0,0,0,3.8731,8,0,0
https://expedia.com/signup/home?page=ox5wwpm,44,11,12,1,0,0,4,1,1,0,0,1,0,0.022727272727272728,0,0,1,0,0,0,0,0,4.2522,7,0,0
http://t.co/q4w7jug,19,4,8,1,0,0,3,0,0,0,0,2,0,0.10526315789473684,0,0,0,0,1,0,0,0,3.7474,7,0,1
https://www.bestbuy.com/blog,28,15,5,2,0,0,3,0,0,0,0,0,0,0.0,1,0,1,0,0,0,0,0,3.9138,7,0,0
https://digitalocean.com/orders,31,16,7,1,0,0,3,0,0,0,0,0,0,0.0,0,0,1,0,0,0,0,0,4.0424,12,0,0
http://login-alert-suspend-gm5p.cricket/checkout?redirect=xtyvr418zi&token=tzhx2g7u6x8w,87,32,9,1,3,0,3,1,2,0,1,8,0,0.09195402298850575,0,0,0,0,0,1,3,0,4.8458,12,1,1
http://slv3n1uhygsw419a42.instagram.w44wuf.top/wallet,53,39,7,3,0,0,3,0,0,0,0,9,0,0.16981132075471697,2,0,0,0,0,1,1,1,4.4708,18,1,1
http://258j2hka4mh0n5o9.google.r7lj5m.loan/login,48,35,6,3,0,0,3,0,0,0,0,10,0,0.20833333333333334,2,0,0,0,0,1,1,1,4.3737,16,1,1
https://www.trello.com/cart,27,14,5,2,0,0,3,0,0,0,0,0,0,0.0,1,0,1,0,0,0,0,0,3.736,6,0,0
http://11.11.224.213/billing/mk8tew,35,13,15,3,0,0,4,0,0,0,0,11,0,0.3142857142857143,2,1,0,0,0,1,1,0,4.0472,7,0,1
https://who.int/about/support?utm_source=f4ciwl3,48,7,14,1,0,1,4,1,1,0,0,2,0,0.041666666666666664,0,0,1,0,0,0,0,0,4.3554,7,0,0
https://www.booking.com/products/checkout/account,49,15,26,2,0,0,5,0,0,0,0,0,0,0.0,1,0,1,0,0,1,1,0,4.0688,8,0,0
https://www.medium.com/blog/news/help?lang=uoay12t,50,14,15,2,0,0,5,1,1,0,0,2,0,0.04,1,0,1,0,0,0,0,0,4.4562,7,0,0
https://www.digitalocean.com/home/dashboard,43,20,15,2,0,0,4,0,0,0,0,0,0,0.0,1,0,1,0,0,0,0,0,4.1467,12,0,0
https://www.kubernetes.io,25,17,0,2,0,0,2,0,0,0,0,0,0,0.0,1,0,1,0,0,0,0,0,3.8333,10,0,0
https://www.chase.com/account/products?ref=6s5nk&page=9m9,57,13,17,2,0,0,4,1,2,0,1,4,0,0.07017543859649122,1,0,1,0,0,1,1,0,4.5104,8,0,0
http://outlook.com@outlook.com-u37eb.ml/security,48,20,9,2,1,0,3,0,0,1,0,2,0,0.041666666666666664,1,0,0,0,0,1,1,1,4.0978,11,1,1
http://cutt.ly/cvhztay,22,7,8,1,0,0,3,0,0,0,0,0,0,0.0,0,0,0,0,1,0,0,0,3.4429,7,0,1
https://www.adobe.com/help/cart/cart,36,13,15,2,0,0,5,0,0,0,0,0,0,0.0,1,0,1,0,0,0,0,0,3.8956,5,0,0
https://shopify.com/blog/docs?id=n9j3g&q=oxdtpw,47,11,10,1,0,0,4,1,2,0,1,2,0,0.0425531914893617,0,0,1,0,0,0,0,0,4.5199,7,0,0
http://icloud-unlock-sy2o.party/api,35,24,4,1,2,0,3,0,0,0,0,1,0,0.02857142857142857,0,0,0,0,0,1,1,1,4.1859,6,1,1
https://www.figma.com/support/docs,34,13,13,2,0,0,4,0,0,0,0,0,0,0.0,1,0,1,0,0,0,0,0,3.9764,7,0,0
https://target.com/signup,25,10,7,1,0,0,3,0,0,0,0,0,0,0.0,0,0,1,0,0,0,0,0,3.8937,6,0,0
https://booking.com/checkout/home/cart?lang=p9a9ur&page=v4dh9,61,11,19,1,0,0,5,1,2,0,1,4,0,0.06557377049180328,0,0,1,0,0,0,0,0,4.517,8,0,0
https://usa.gov,15,7,0,1,0,0,2,0,0,0,0,0,0,0.0,0,0,1,0,0,0,0,0,3.5069,5,0,0
https://www.npmjs.com/support/api,33,13,12,2,0,0,4,0,0,0,0,0,0,0.0,1,0,1,0,0,0,0,0,3.8361,7,0,0
http://tinyurl.com/gkhvluc,26,11,8,1,0,0,3,0,0,0,0,0,0,0.0,0,0,0,0,1,0,0,0,4.027,7,0,1
http://microsoft.com@microsoft.com-8h4zp.xyz/authenticate,57,23,13,2,1,0,3,0,0,1,0,2,0,0.03508771929824561,1,0,0,0,0,1,1,1,4.2927,13,1,1
https://51.11.160.164/secure/do7nqr,35,13,14,3,0,0,4,0,0,0,0,11,0,0.3142857142857143,2,1,1,0,0,1,1,0,4.1474,6,0,1
https://nasa.gov/about/contact,30,8,14,1,0,0,4,0,0,0,0,0,0,0.0,0,0,1,0,0,0,0,0,3.6281,7,0,0
https://www.twitter.com/orders/profile/support?ref=rc1yo&lang=i9ay,66,15,23,2,0,0,5,1,2,0,1,2,0,0.030303030303030304,1,0,1,0,0,0,0,0,4.44,7,0,0
https://doordash.com/search?sort=r42,36,12,7,1,0,0,3,1,1,0,0,2,0,0.05555555555555555,0,0,1,0,0,0,0,0,3.9404,8,0,0
https://vmware.com/about/products/docs,38,10,20,1,0,0,5,0,0,0,0,0,0,0.0,0,0,1,0,0,0,0,0,3.9553,8,0,0
https://microsoft.com/about/support/signup,42,13,21,1,0,0,5,0,0,0,0,0,0,0.0,0,0,1,0,0,0,0,0,3.8784,9,0,0
http://16.185.205.92/confirm/o7o7gr,35,13,15,3,0,0,4,0,0,0,0,12,0,0.34285714285714286,2,1,0,0,0,1,1,0,4.2861,7,0,1
https://instagram.com/signup,28,13,7,1,0,0,3,0,0,0,0,0,0,0.0,0,0,1,0,0,0,0,0,3.8693,9,0,0
https://www.bestbuy.com/login/dashboard,39,15,16,2,0,0,4,0,0,0,0,0,0,0.0,1,0,1,0,0,1,1,0,4.2655,9,0,0
http://t.co/cuyk2vf,19,4,8,1,0,0,3,0,0,0,0,1,0,0.05263157894736842,0,0,0,0,1,0,0,0,3.6421,7,0,1
http://agxkk36qsttgiqt67f2heq.google.y8lbky.review/password,59,43,9,3,0,0,3,0,0,0,0,6,0,0.1016949152542373,2,0,0,0,0,1,1,1,4.6261,22,1,1
http://authenticate-signin-update-uwtk.click/checkout?redirect=s1oqo0j4ea&token=isdk0okk0ojb,92,37,9,1,3,0,3,1,2,0,1,5,0,0.05434782608695652,0,0,0,0,0,1,4,0,4.5243,12,1,1
https://www.netflix.com/api,27,15,4,2,0,0,3,0,0,0,0,0,0,0.0,1,0,1,0,0,0,0,0,4.0043,7,0,0
https://210.104.3.152/urgent/36b3yq,35,13,14,3,0,0,4,0,0,0,0,13,0,0.37142857142857144,2,1,1,0,0,1,1,0,4.243,6,0,1
https://discord.com/news/cart/about?page=6wafft,47,11,16,1,0,0,5,1,1,0,0,1,0,0.02127659574468085,0,0,1,0,0,0,0,0,4.3315,7,0,0
http://1qoohf59she953a8b5yk7.linkedin.e315h9.ml/unlock,54,40,7,3,0,0,3,0,0,0,0,13,0,0.24074074074074073,2,0,0,0,0,1,1,1,4.606,21,1,1
http://chase-validate.lt7pa4.loan/signin,40,26,7,2,1,0,3,0,0,0,0,2,0,0.05,1,0,0,0,0,1,2,1,4.1062,8,1,1
http://chase-update-8hcd.cricket/products,41,25,9,1,2,0,3,0,0,0,0,1,0,0.024390243902439025,0,0,0,0,0,1,1,1,3.9675,8,1,1
http://tinyurl.com/u91f8bv,26,11,8,1,0,0,3,0,0,0,0,3,0,0.11538461538461539,0,0,0,0,1,0,0,0,4.2578,7,0,1
http://chase-signin-robw.cricket/support,40,25,8,1,2,0,3,0,0,0,0,0,0,0.0,0,0,0,0,0,1,1,1,4.1587,7,1,1
http://instagram-alert-yari.top/blog,36,24,5,1,2,0,3,0,0,0,0,0,0,0.0,0,0,0,0,0,1,1,1,4.0277,9,1,1
http://s151vl9rz4d4yji359t8zgeh.office365.uiqsi2.gq/verify,58,44,7,3,0,0,3,0,0,0,0,14,0,0.2413793103448276,2,0,0,0,0,1,1,1,4.7521,24,1,1
http://paypal.com@paypal.com-2hyve.kim/security,47,20,9,2,1,0,3,0,0,1,0,1,0,0.02127659574468085,1,0,0,0,0,1,1,1,4.2485,10,1,1
https://www.airbnb.com/help,27,14,5,2,0,0,3,0,0,0,0,0,0,0.0,1,0,1,0,0,0,0,0,4.0323,6,0,0
http://account-8z6r5.top/bxgkya3z,33,17,9,1,1,0,3,0,0,0,0,4,0,0.12121212121212122,0,0,0,0,0,1,1,0,4.3549,8,1,1
http://suspend-v0gub.party/os9dj9ih,35,19,9,1,1,0,3,0,0,0,0,3,0,0.08571428571428572,0,0,0,0,0,1,1,0,4.3573,8,1,1
https://www.pinterest.com/?utm_source=ay,40,17,1,2,0,1,3,1,1,0,0,0,0,0.0,1,0,1,0,0,0,0,0,4.2062,9,0,0
https://notion.so/settings/checkout/docs,40,9,23,1,0,0,5,0,0,0,0,0,0,0.0,0,0,1,0,0,0,0,0,3.6757,8,0,0
http://urgent-billing-confirm-337p.top/cart?redirect=d5pu139ka7&token=jk83mvqiixku,82,31,5,1,3,0,3,1,2,0,1,10,0,0.12195121951219512,0,0,0,0,0,1,3,0,4.8387,12,1,1
http://alert-5uqw6.xyz/u0vgdr1g,31,15,9,1,1,0,3,0,0,0,0,4,0,0.12903225806451613,0,0,0,0,0,1,1,0,4.4539,8,1,1
http://wellsfargo-signin.z38m7d.click/suspend,45,30,8,2,1,0,3,0,0,0,0,3,0,0.06666666666666667,1,0,0,0,0,1,3,1,4.5803,10,1,1
https://www.target.com/help/checkout/docs,41,14,19,2,0,0,5,0,0,0,0,0,0,0.0,1,0,1,0,0,0,0,0,3.9859,8,0,0
https://www.ieee.org/checkout?id=5f5,36,12,9,2,0,0,3,1,1,0,0,2,0,0.05555555555555555,1,0,1,0,0,0,0,0,4.2181,8,0,0
http://k2knelwl8u8pn74fy.facebook.5115zg.ml/urgent,50,36,7,3,0,0,3,0,0,0,0,9,0,0.18,2,0,0,0,0,1,1,1,4.6582,17,1,1
https://www.instacart.com/about/home/signup,43,17,18,2,0,0,5,0,0,0,0,0,0,0.0,1,0,1,0,0,0,0,0,4.0719,9,0,0
https://www.dropbox.com,23,15,0,2,0,0,2,0,0,0,0,0,0,0.0,1,0,1,0,0,0,0,0,3.7623,7,0,0
https://www.steam.com/settings?ref=gbsvk,40,13,9,2,0,0,3,1,1,0,0,0,0,0.0,1,0,1,0,0,0,0,0,4.2348,8,0,0
https://forbes.com/contact/docs/docs?id=n89lt&utm_source=w25,60,10,18,1,0,1,5,1,2,0,1,4,0,0.06666666666666667,0,0,1,0,0,0,0,0,4.4652,7,0,0
https://netflix.com/orders/about,32,11,13,1,0,0,4,0,0,0,0,0,0,0.0,0,0,1,0,0,0,0,0,4.1639,7,0,0
http://billing-login-wallet-0tef.review/services?redirect=kah8oxenq7&token=jbx9k7mnctic,87,32,9,1,3,0,3,1,2,0,1,5,0,0.05747126436781609,0,0,0,0,0,1,3,0,4.7101,12,1,1
https://www.twitch.tv/checkout/account/news,43,13,22,2,0,0,5,0,0,0,0,0,0,0.0,1,0,1,0,0,1,1,0,3.7696,8,0,0
http://nxpwnua6tdxj1wqqoqsd8p.linkedin.4xtkxg.review/secure,59,45,7,3,0,0,3,0,0,0,0,4,0,0.06779661016949153,2,0,0,0,0,1,1,1,4.5794,22,1,1
http://whatsapp.com@whatsapp.com-bc6a4.cricket/urgent,53,26,7,2,1,0,3,0,0,1,0,2,0,0.03773584905660377,1,0,0,0,0,1,1,1,4.2826,12,1,1
https://www.reddit.com/profile/services?utm_source=v0dszrk,58,14,17,2,0,1,4,1,1,0,0,1,0,0.017241379310344827,1,0,1,0,0,0,0,0,4.3993,8,0,0
http://netflix-wallet-u72d.top/products,39,23,9,1,2,0,3,0,0,0,0,2,0,0.05128205128205128,0,0,0,0,0,1,1,1,4.2655,8,1,1
https://www.irs.gov/?ref=qmvq,29,11,1,2,0,0,3,1,1,0,0,0,0,0.0,1,0,1,0,0,0,0,0,4.1163,5,0,0
http://egkazal4w7s3gof2nnk.netflix.qe7a5j.ml/alert,50,37,6,3,0,0,3,0,0,0,0,6,0,0.12,2,0,0,0,0,1,1,1,4.5586,19,1,1
https://www.instacart.com/login/login/profile?sort=2hz2omt,58,17,20,2,0,0,5,1,1,0,0,2,0,0.034482758620689655,1,0,1,0,0,1,1,0,4.2993,9,0,0
https://microsoft.com/search,28,13,7,1,0,0,3,0,0,0,0,0,0,0.0,0,0,1,0,0,0,0,0,3.744,9,0,0
http://tinyurl.com/it72723,26,11,8,1,0,0,3,0,0,0,0,5,0,0.19230769230769232,0,0,0,0,1,0,0,0,3.9791,7,0,1
http://bit.ly/hlrswp0,21,6,8,1,0,0,3,0,0,0,0,1,0,0.047619047619047616,0,0,0,0,1,0,0,0,3.6538,7,0,1
https://www.who.int/support/orders/api?id=e7l0,46,11,19,2,0,0,5,1,1,0,0,2,0,0.043478260869565216,1,0,1,0,0,0,0,0,4.1621,7,0,0
http://icloud.com@icloud.com-z18x4.click/urgent,47,22,7,2,1,0,3,0,0,1,0,3,0,0.06382978723404255,1,0,0,0,0,1,2,1,4.3623,10,1,1
https://www.coursera.org,24,16,0,2,0,0,2,0,0,0,0,0,0,0.0,1,0,1,0,0,0,0,0,3.7721,8,0,0
https://242.40.161.97/secure/472j8n,35,13,14,3,0,0,4,0,0,0,0,14,0,0.4,2,1,1,0,0,1,1,0,4.2074,6,0,1
https://97.47.211.228/urgent/hx6i62,35,13,14,3,0,0,4,0,0,0,0,13,0,0.37142857142857144,2,1,1,0,0,1,1,0,4.1719,6,0,1
https://asus.com/support/support/support,40,8,24,1,0,0,5,0,0,0,0,0,0,0.0,0,0,1,0,0,0,0,0,3.3435,7,0,0
http://05uvqwfwp9k1uoaa2qyruy.paypal.4kj8gv.link/billing,56,41,8,3,0,0,3,0,0,0,0,7,0,0.125,2,0,0,0,0,1,1,1,4.655,22,1,1
http://update-account-secure-cazx.work/search?redirect=df4nzkrsn8&token=l0uw6ik209ei,84,31,7,1,3,0,3,1,2,0,1,7,0,0.08333333333333333,0,0,0,0,0,1,3,0,4.6892,12,1,1
http://wellsfargo-confirm-1iip.tk/checkout,42,26,9,1,2,0,3,0,0,0,0,1,0,0.023809523809523808,0,0,0,0,0,1,1,1,4.368,10,1,1
http://paypal-security-yzd9.loan/dashboard,42,25,10,1,2,0,3,0,0,0,0,1,0,0.023809523809523808,0,0,0,0,0,1,1,1,4.2641,9,1,1
https://www.docker.com,22,14,0,2,0,0,2,0,0,0,0,0,0,0.0,1,0,1,0,0,0,0,0,3.7888,6,0,0
https://www.quora.com/?utm_source=91&sort=wn,44,13,1,2,0,1,3,1,2,0,1,2,0,0.045454545454545456,1,0,1,0,0,0,0,0,4.2999,6,0,0
http://wellsfargo.com@wellsfargo.com-ge3by.cf/validate,54,23,9,2,1,0,3,0,0,1,0,1,0,0.018518518518518517,1,0,0,0,0,1,1,1,4.419,14,1,1
http://signin-dvnq4.cricket/440dclqg,36,20,9,1,1,0,3,0,0,0,0,4,0,0.1111111111111111,0,0,0,0,0,1,1,0,4.2108,8,1,1
http://instagram.com@instagram.com-a71eb.loan/login,51,24,6,2,1,0,3,0,0,1,0,2,0,0.0392156862745098,1,0,0,0,0,1,1,1,4.2111,13,1,1
https://netflix.com/news/blog/blog,34,11,15,1,0,0,5,0,0,0,0,0,0,0.0,0,0,1,0,0,0,0,0,4.0323,7,0,0
http://office365.com@office365.com-oc5hw.ml/unlock,50,22,7,2,1,0,3,0,0,1,0,7,0,0.14,1,0,0,0,0,1,1,1,4.2031,13,1,1
https://www.twitter.com/settings/orders?lang=ow,47,15,16,2,0,0,4,1,1,0,0,0,0,0.0,1,0,1,0,0,0,0,0,4.0753,8,0,0
https://ebay.com/products/contact,33,8,17,1,0,0,4,0,0,0,0,0,0,0.0,0,0,1,0,0,0,0,0,3.8818,8,0,0
http://secure-suspend-wallet-ez24.review/services?redirect=3c07bti1ri&token=mvn1bt9wnjsl,88,33,9,1,3,0,3,1,2,0,1,8,0,0.09090909090909091,0,0,0,0,0,1,3,0,4.6745,12,1,1
https://steam.com/signup,24,9,7,1,0,0,3,0,0,0,0,0,0,0.0,0,0,1,0,0,0,0,0,3.8239,6,0,0
https://whatsapp.com/?page=hj,29,12,1,1,0,0,3,1,1,0,0,0,0,0.0,0,0,1,0,0,0,0,0,3.8573,8,0,0
http://urgent-cn0cl.party/s7p8at37,34,18,9,1,1,0,3,0,0,0,0,5,0,0.14705882352941177,0,0,0,0,0,1,1,0,4.1722,8,1,1
http://goo.gl/zju1ucv,21,6,8,1,0,0,3,0,0,0,0,1,0,0.047619047619047616,0,0,0,0,1,0,0,0,3.7849,7,0,1
https://86.217.34.122/secure/zmwdek,35,13,14,3,0,0,4,0,0,0,0,10,0,0.2857142857142857,2,1,1,0,0,1,1,0,4.3217,6,0,1
http://tinyurl.com/k4ktcm2,26,11,8,1,0,0,3,0,0,0,0,2,0,0.07692307692307693,0,0,0,0,1,0,0,0,3.9791,7,0,1
https://www.linkedin.com/cart?category=mwmln,44,16,5,2,0,0,3,1,1,0,0,0,0,0.0,1,0,1,0,0,0,0,0,4.3454,8,0,0
https://shopify.com/login/login,31,11,12,1,0,0,4,0,0,0,0,0,0,0.0,0,0,1,0,0,1,1,0,3.8331,7,0,0
http://confirm-cwqth.click/fvfa2n1l,35,19,9,1,1,0,3,0,0,0,0,2,0,0.05714285714285714,0,0,0,0,0,1,2,0,4.2646,8,1,1
https://mit.edu/?lang=rqvslwf9,30,7,1,1,0,0,3,1,1,0,0,1,0,0.03333333333333333,0,0,1,0,0,0,0,0,4.4566,8,0,0
http://rlnf6nv5xu6m9deo.netflix.cirio7.party/suspend,52,37,8,3,0,0,3,0,0,0,0,5,0,0.09615384615384616,2,0,0,0,0,1,1,1,4.5364,16,1,1
https://www.discord.com/help/orders,35,15,12,2,0,0,4,0,0,0,0,0,0,0.0,1,0,1,0,0,0,0,0,3.8786,7,0,0
https://mozilla.org,19,11,0,1,0,0,2,0,0,0,0,0,0,0.0,0,0,1,0,0,0,0,0,3.8269,7,0,0
https://bbc.com/?ref=0v2zp,26,7,1,1,0,0,3,1,1,0,0,2,0,0.07692307692307693,0,0,1,0,0,0,0,0,4.2099,5,0,0
https://paypal.com/account/products?sort=61,43,10,17,1,0,0,4,1,1,0,0,2,0,0.046511627906976744,0,0,1,0,0,1,1,0,4.0979,8,0,0
https://www.bbc.com,19,11,0,2,0,0,2,0,0,0,0,0,0,0.0,1,0,1,0,0,0,0,0,3.4714,5,0,0
https://target.com/docs/settings/search?q=82u,45,10,21,1,0,0,5,1,1,0,0,2,0,0.044444444444444446,0,0,1,0,0,0,0,0,4.1977,8,0,0
https://www.instacart.com/dashboard/help,40,17,15,2,0,0,4,0,0,0,0,0,0,0.0,1,0,1,0,0,0,0,0,4.0653,9,0,0
http://icloud-validate-qjr6.cf/home,35,23,5,1,2,0,3,0,0,0,0,1,0,0.02857142857142857,0,0,0,0,0,1,1,1,4.3433,8,1,1
http://73.237.210.123/suspend/d2x6lo,36,14,15,3,0,0,4,0,0,0,0,13,0,0.3611111111111111,2,1,0,0,0,1,1,0,4.128,7,0,1
http://signin-confirm-unlock-0jx9.xyz/services?redirect=vi5wl0jd0i&token=2v4b2rcybrxo,85,30,9,1,3,0,3,1,2,0,1,8,0,0.09411764705882353,0,0,0,0,0,1,3,0,4.8739,12,1,1
http://4bw34s764623ahw9ttkyx.icloud.adhiyu.ml/wallet,52,38,7,3,0,0,3,0,0,0,0,10,0,0.19230769230769232,2,0,0,0,0,1,1,1,4.5439,21,1,1
https://zoom.us/search/help/services,36,7,21,1,0,0,5,0,0,0,0,0,0,0.0,0,0,1,0,0,0,0,0,3.8929,8,0,0
https://www.irs.gov/contact/support,35,11,16,2,0,0,4,0,0,0,0,0,0,0.0,1,0,1,0,0,0,0,0,3.8542,7,0,0
https://www.udemy.com/support/docs/news?page=ixmc4,50,13,18,2,0,0,5,1,1,0,0,1,0,0.02,1,0,1,0,0,0,0,0,4.3362,7,0,0
http://bankofamerica.com@bankofamerica.com-xbbln.cricket/account,64,31,8,2,1,0,3,0,0,1,0,0,0,0.0,1,0,0,0,0,1,2,1,4.1595,17,1,1
https://yahoo.com/about/signup/services?lang=wagawq,51,9,22,1,0,0,5,1,1,0,0,0,0,0.0,0,0,1,0,0,0,0,0,4.4032,8,0,0
https://www.bbc.com/settings,28,11,9,2,0,0,3,0,0,0,0,0,0,0.0,1,0,1,0,0,0,0,0,3.7979,8,0,0
http://tinyurl.com/2qjzgpx,26,11,8,1,0,0,3,0,0,0,0,1,0,0.038461538461538464,0,0,0,0,1,0,0,0,4.2578,7,0,1
https://www.spotify.com/orders/products,39,15,16,2,0,0,4,0,0,0,0,0,0,0.0,1,0,1,0,0,0,0,0,3.9453,8,0,0
https://microsoft.com/?category=u7,34,13,1,1,0,0,3,1,1,0,0,1,0,0.029411764705882353,0,0,1,0,0,0,0,0,4.1607,9,0,0
http://outlook-update.drxu94.zip/billing,40,25,8,2,1,0,3,0,0,0,0,2,0,0.05,1,0,0,0,0,1,2,1,4.3087,7,1,1
http://goo.gl/z0o158j,21,6,8,1,0,0,3,0,0,0,0,4,0,0.19047619047619047,0,0,0,0,1,0,0,0,3.749,7,0,1
https://www.sciencedirect.com/settings/help?sort=1k&ref=jn,58,21,14,2,0,0,4,1,2,0,1,1,0,0.017241379310344827,1,0,1,0,0,0,0,0,4.3468,13,0,0
http://google.com@google.com-swy1z.gq/unlock,44,19,7,2,1,0,3,0,0,1,0,1,0,0.022727272727272728,1,0,0,0,0,1,1,1,4.1803,10,1,1
http://recover-g4lb4.zip/9a67l7s4,33,17,9,1,1,0,3,0,0,0,0,7,0,0.21212121212121213,0,0,0,0,0,1,1,0,4.3926,8,1,1
http://sy3onx3f86ugyfu.google.nmad1b.review/wallet,50,36,7,3,0,0,3,0,0,0,0,5,0,0.1,2,0,0,0,0,1,1,1,4.6333,15,1,1
http://validate-ozibp.cf/of9svca3,33,17,9,1,1,0,3,0,0,0,0,2,0,0.06060606060606061,0,0,0,0,0,1,1,0,4.2485,8,1,1
http://linkedin-validate-x3ng.ml/about,38,25,6,1,2,0,3,0,0,0,0,1,0,0.02631578947368421,0,0,0,0,0,1,1,1,4.2539,8,1,1
http://29.40.216.72/authenticate/kkvp2m,39,12,20,3,0,0,4,0,0,0,0,10,0,0.2564102564102564,2,1,0,0,0,1,1,0,4.1991,12,0,1
http://85biofu2ncu22kb8ohl1zu.outlook.mkvgg4.work/login,55,42,6,3,0,0,3,0,0,0,0,8,0,0.14545454545454545,2,0,0,0,0,1,1,1,4.4326,22,1,1
https://www.reddit.com/signup/dashboard/login?page=fli,54,14,23,2,0,0,5,1,1,0,0,0,0,0.0,1,0,1,0,0,1,1,0,4.405,9,0,0
http://fgm1tm27o19qtg15xd82ijk.facebook.uv2vxo.party/wallet,59,45,7,3,0,0,3,0,0,0,0,10,0,0.1694915254237288,2,0,0,0,0,1,1,1,4.7761,23,1,1
https://figma.com/contact/support/settings?ref=uq6d&page=3v,59,9,25,1,0,0,5,1,2,0,1,2,0,0.03389830508474576,0,0,1,0,0,0,0,0,4.4414,8,0,0
https://khanacademy.org/help/blog?sort=100vh,44,15,10,1,0,0,4,1,1,0,0,3,0,0.06818181818181818,0,0,1,0,0,0,0,0,4.4534,11,0,0
https://ea.com/?category=kdm0,29,6,1,1,0,0,3,1,1,0,0,1,0,0.034482758620689655,0,0,1,0,0,0,0,0,4.1852,8,0,0
https://yahoo.com/?ref=k8g9xi&utm_source=quzs9m,47,9,1,1,0,1,3,1,2,0,1,3,0,0.06382978723404255,0,0,1,0,0,0,0,0,4.6232,6,0,0
https://www.salesforce.com/?lang=pso1l,38,18,1,2,0,0,3,1,1,0,0,1,0,0.02631578947368421,1,0,1,0,0,0,0,0,4.2211,10,0,0
http://whatsapp.com@whatsapp.com-gyujg.xyz/password,51,22,9,2,1,0,3,0,0,1,0,0,0,0.0,1,0,0,0,0,1,1,1,4.2039,12,1,1
http://netflix-update.1k03u0.click/suspend,42,27,8,2,1,0,3,0,0,0,0,4,0,0.09523809523809523,1,0,0,0,0,1,3,1,4.3204,7,1,1
https://www.expedia.com/contact?utm_source=suudqf&q=jku,55,15,8,2,0,1,3,1,2,0,1,0,0,0.0,1,0,1,0,0,0,0,0,4.5269,7,0,0
https://www.docker.com/cart/docs/cart?q=5ol5u,45,14,15,2,0,0,5,1,1,0,0,2,0,0.044444444444444446,1,0,1,0,0,0,0,0,4.1868,6,0,0
http://linkedin-signin-e8e3.kim/api,35,24,4,1,2,0,3,0,0,0,0,2,0,0.05714285714285714,0,0,0,0,0,1,1,1,3.9573,8,1,1
http://login-authenticate-password-da89.tk/support?redirect=0bt7rol7ma&token=ytxlaa6uypv2,89,35,8,1,3,0,3,1,2,0,1,7,0,0.07865168539325842,0,0,0,0,0,1,3,0,4.7433,12,1,1
http://goo.gl/e1qxrjb,21,6,8,1,0,0,3,0,0,0,0,1,0,0.047619047619047616,0,0,0,0,1,0,0,0,3.8802,7,0,1
http://microsoft-confirm.l80zd8.ml/password,43,27,9,2,1,0,3,0,0,0,0,3,0,0.06976744186046512,1,0,0,0,0,1,2,1,4.3152,9,1,1
https://www.linkedin.com,24,16,0,2,0,0,2,0,0,0,0,0,0,0.0,1,0,1,0,0,0,0,0,3.9702,8,0,0
https://ebay.com/profile/docs,29,8,13,1,0,0,4,0,0,0,0,0,0,0.0,0,0,1,0,0,0,0,0,4.0733,7,0,0
https://walmart.com/support/orders/about,40,11,21,1,0,0,5,0,0,0,0,0,0,0.0,0,0,1,0,0,0,0,0,3.8848,7,0,0
https://www.spotify.com,23,15,0,2,0,0,2,0,0,0,0,0,0,0.0,1,0,1,0,0,0,0,0,3.6753,7,0,0
https://stackoverflow.com/orders,32,17,7,1,0,0,3,0,0,0,0,0,0,0.0,0,0,1,0,0,0,0,0,4.0306,13,0,0
https://www.shopify.com/account,31,15,8,2,0,0,3,0,0,0,0,0,0,0.0,1,0,1,0,0,1,1,0,3.9292,7,0,0
https://hp.com/api?category=l5,30,6,4,1,0,0,3,1,1,0,0,1,0,0.03333333333333333,0,0,1,0,0,0,0,0,4.1647,8,0,0
http://outlook-security.a0dqd2.review/wallet,44,30,7,2,1,0,3,0,0,0,0,2,0,0.045454545454545456,1,0,0,0,0,1,2,1,4.3714,8,1,1
http://outlook.com@outlook.com-4groa.xyz/authenticate,53,21,13,2,1,0,3,0,0,1,0,1,0,0.018867924528301886,1,0,0,0,0,1,1,1,4.1816,12,1,1
https://cisco.com/home/news?category=y7,39,9,10,1,0,0,4,1,1,0,0,1,0,0.02564102564102564,0,0,1,0,0,0,0,0,4.1504,8,0,0
https://lenovo.com/help/api?q=7ujod&utm_source=8285,51,10,9,1,0,1,4,1,2,0,1,5,0,0.09803921568627451,0,0,1,0,0,0,0,0,4.6405,6,0,0
https://www.amazon.com/about/about/login,40,14,18,2,0,0,5,0,0,0,0,0,0,0.0,1,0,1,0,0,1,1,0,3.9726,6,0,0
https://111.77.216.117/unlock/c4lfsi,36,14,14,3,0,0,4,0,0,0,0,12,0,0.3333333333333333,2,1,1,0,0,1,1,0,4.0305,6,0,1
http://security-ajltu.loan/sranu8ak,35,19,9,1,1,0,3,0,0,0,0,1,0,0.02857142857142857,0,0,0,0,0,1,1,0,4.1719,8,1,1
http://iqr2ahnyrvfontyadj.instagram.c88klx.tk/billing,53,38,8,3,0,0,3,0,0,0,0,3,0,0.05660377358490566,2,0,0,0,0,1,1,1,4.5085,18,1,1
http://linkedin-suspend.hwfl8m.kim/wallet,41,27,7,2,1,0,3,0,0,0,0,1,0,0.024390243902439025,1,0,0,0,0,1,2,1,4.1923,8,1,1
https://chase.com/orders/help/account?q=m3,42,9,20,1,0,0,5,1,1,0,0,1,0,0.023809523809523808,0,0,1,0,0,1,1,0,4.1689,7,0,0
https://shopify.com/about?utm_source=jnawnga4,45,11,6,1,0,1,3,1,1,0,0,1,0,0.022222222222222223,0,0,1,0,0,0,0,0,4.4914,8,0,0
http://linkedin.com@linkedin.com-z63rr.click/alert,50,24,6,2,1,0,3,0,0,1,0,2,0,0.04,1,0,0,0,0,1,2,1,4.2411,12,1,1
https://bankofamerica.com/settings?ref=2l4zjd5n,47,17,9,1,0,0,3,1,1,0,0,3,0,0.06382978723404255,0,0,1,0,0,1,1,0,4.6232,13,0,0
https://www.shopify.com/cart?lang=sy3pa,39,15,5,2,0,0,3,1,1,0,0,1,0,0.02564102564102564,1,0,1,0,0,0,0,0,4.2975,7,0,0
https://www.zoom.us/checkout/about/login?page=21h,49,11,21,2,0,0,5,1,1,0,0,2,0,0.04081632653061224,1,0,1,0,0,1,1,0,4.4008,8,0,0
http://u15utsu3w90dpimrbzn.icloud.59gmuc.cf/login,49,36,6,3,0,0,3,0,0,0,0,7,0,0.14285714285714285,2,0,0,0,0,1,1,1,4.5252,19,1,1
https://www.oracle.com/dashboard,32,14,10,2,0,0,3,0,0,0,0,0,0,0.0,1,0,1,0,0,0,0,0,3.9681,9,0,0
https://www.epicgames.com/api,29,17,4,2,0,0,3,0,0,0,0,0,0,0.0,1,0,1,0,0,0,0,0,3.8144,9,0,0
https://www.youtube.com/signup/account?id=k7mdwkzi,50,15,15,2,0,0,4,1,1,0,0,1,0,0.02,1,0,1,0,0,1,1,0,4.4386,8,0,0
https://229.56.100.84/unlock/f80hkk,35,13,14,3,0,0,4,0,0,0,0,12,0,0.34285714285714286,2,1,1,0,0,1,1,0,4.2646,6,0,1
https://www.sony.com,20,12,0,2,0,0,2,0,0,0,0,0,0,0.0,1,0,1,0,0,0,0,0,3.5842,5,0,0
https://apple.com,17,9,0,1,0,0,2,0,0,0,0,0,0,0.0,0,0,1,0,0,0,0,0,3.5725,5,0,0
http://signin-xk3lq.loan/0v0i1itq,33,17,9,1,1,0,3,0,0,0,0,4,0,0.12121212121212122,0,0,0,0,0,1,1,0,4.1879,8,1,1
http://office365.com@office365.com-yadev.cf/validate,52,22,9,2,1,0,3,0,0,1,0,6,0,0.11538461538461539,1,0,0,0,0,1,1,1,4.2583,13,1,1
https://stackoverflow.com/dashboard/checkout?ref=uxle,53,17,19,1,0,0,4,1,1,0,0,0,0,0.0,0,0,1,0,0,0,0,0,4.3576,13,0,0
http://ybatolodlonkcp8o.bankofamerica.v5nwvs.cf/authenticate,60,40,13,3,0,0,3,0,0,0,0,2,0,0.03333333333333333,2,0,0,0,0,1,2,1,4.4253,16,1,1
http://t.co/szm6vdu,19,4,8,1,0,0,3,0,0,0,0,1,0,0.05263157894736842,0,0,0,0,1,0,0,0,3.7474,7,0,1
http://google.com@google.com-jbeo4.top/validate,47,20,9,2,1,0,3,0,0,1,0,1,0,0.02127659574468085,1,0,0,0,0,1,1,1,4.0596,10,1,1
http://tinyurl.com/4qyo3um,26,11,8,1,0,0,3,0,0,0,0,2,0,0.07692307692307693,0,0,0,0,1,0,0,0,4.027,7,0,1
https://ea.com/?ref=n9unf,25,6,1,1,0,0,3,1,1,0,0,1,0,0.04,0,0,1,0,0,0,0,0,4.1337,5,0,0
https://www.twitter.com/?page=lbb8nmt,37,15,1,2,0,0,3,1,1,0,0,1,0,0.02702702702702703,1,0,1,0,0,0,0,0,4.1753,7,0,0
https://bing.com,16,8,0,1,0,0,2,0,0,0,0,0,0,0.0,0,0,1,0,0,0,0,0,3.75,5,0,0
https://whatsapp.com/signup/settings/api,40,12,20,1,0,0,5,0,0,0,0,0,0,0.0,0,0,1,0,0,0,0,0,3.7732,8,0,0
https://www.nasa.gov/account?category=zq0v4p,44,12,8,2,0,0,3,1,1,0,0,2,0,0.045454545454545456,1,0,1,0,0,1,1,0,4.3908,8,0,0
https://npmjs.com/account/cart/about?sort=vd79c9m,49,9,19,1,0,0,5,1,1,0,0,3,0,0.061224489795918366,0,0,1,0,0,1,1,0,4.1659,7,0,0
http://login-alert-verify-2xvy.cricket/login?redirect=ow59q7s44z&token=78iy664l90fx,83,31,6,1,3,0,3,1,2,0,1,13,0,0.1566265060240964,0,0,0,0,0,1,3,0,4.9212,12,1,1
http://suspend-wallet-unlock-0ux5.work/settings?redirect=cg3b103olm&token=2zzzw6b2klvh,86,31,9,1,3,0,3,1,2,0,1,9,0,0.10465116279069768,0,0,0,0,0,1,3,0,4.8907,12,1,1
https://samsung.com/?page=s5cs9ui1,34,11,1,1,0,0,3,1,1,0,0,3,0,0.08823529411764706,0,0,1,0,0,0,0,0,4.1944,8,0,0
http://gkj71k16y0upu536lzm.chase.s804bf.click/wallet,52,38,7,3,0,0,3,0,0,0,0,11,0,0.21153846153846154,2,0,0,0,0,1,2,1,4.7432,19,1,1
https://facebook.com/?page=q4&lang=2qqzzf,41,12,1,1,0,0,3,1,2,0,1,2,0,0.04878048780487805,0,0,1,0,0,0,0,0,4.5034,8,0,0
http://wellsfargo.com@wellsfargo.com-xuhgk.party/secure,55,26,7,2,1,0,3,0,0,1,0,0,0,0.0,1,0,0,0,0,1,1,1,4.3762,14,1,1
http://security-recover-login-ptxm.click/settings?redirect=fqnbia9ru3&token=pc0oxihwm518,88,33,9,1,3,0,3,1,2,0,1,6,0,0.06818181818181818,0,0,0,0,0,1,4,0,4.8078,12,1,1
http://verify-confirm-login-2dy7.party/orders?redirect=ae6ya8s2dd&token=et4kerz1v8rs,84,31,7,1,3,0,3,1,2,0,1,8,0,0.09523809523809523,0,0,0,0,0,1,3,0,4.6849,12,1,1
https://booking.com/services,28,11,9,1,0,0,3,0,0,0,0,0,0,0.0,0,0,1,0,0,0,0,0,4.0122,8,0,0
http://8o9xs2s1spz0ciuwkw9vzczm.linkedin.piw8bw.click/confirm,61,46,8,3,0,0,3,0,0,0,0,7,0,0.11475409836065574,2,0,0,0,0,1,2,1,4.6126,24,1,1
http://whatsapp-suspend-236m.cf/orders,38,24,7,1,2,0,3,0,0,0,0,3,0,0.07894736842105263,0,0,0,0,0,1,1,1,4.2608,8,1,1
https://www.mit.edu/orders/blog/checkout,40,11,21,2,0,0,5,0,0,0,0,0,0,0.0,1,0,1,0,0,0,0,0,4.1251,8,0,0
http://facebook.com@facebook.com-k3lnk.work/wallet,50,23,7,2,1,0,3,0,0,1,0,1,0,0.02,1,0,0,0,0,1,1,1,4.128,12,1,1
https://www.pinterest.com,25,17,0,2,0,0,2,0,0,0,0,0,0,0.0,1,0,1,0,0,0,0,0,3.7337,9,0,0
https://www.digitalocean.com/services/support,45,20,17,2,0,0,4,0,0,0,0,0,0,0.0,1,0,1,0,0,0,0,0,4.1912,12,0,0
https://www.office.com/search/docs?lang=ukjdbl1&sort=vjyzx,58,14,12,2,0,0,4,1,2,0,1,1,0,0.017241379310344827,1,0,1,0,0,0,0,0,4.7975,7,0,0
http://tinyurl.com/2yvklu1,26,11,8,1,0,0,3,0,0,0,0,2,0,0.07692307692307693,0,0,0,0,1,0,0,0,4.1039,7,0,1
https://harvard.edu/contact/help/support,40,11,21,1,0,0,5,0,0,0,0,0,0,0.0,0,0,1,0,0,0,0,0,3.8848,7,0,0
https://76.216.102.1/update/akhin8,34,12,14,3,0,0,4,0,0,0,0,10,0,0.29411764705882354,2,1,1,0,0,1,1,0,4.1385,6,0,1
https://130.255.191.185/account/xvth4o,38,15,15,3,0,0,4,0,0,0,0,13,0,0.34210526315789475,2,1,1,0,0,1,1,0,4.2082,7,0,1
https://chase.com/account/settings/checkout,43,9,26,1,0,0,5,0,0,0,0,0,0,0.0,0,0,1,0,0,1,1,0,3.7776,8,0,0
http://bit.ly/htpl131,21,6,8,1,0,0,3,0,0,0,0,3,0,0.14285714285714285,0,0,0,0,1,0,0,0,3.404,7,0,1
https://www.discord.com/home/docs/products,42,15,19,2,0,0,5,0,0,0,0,0,0,0.0,1,0,1,0,0,0,0,0,3.8035,8,0,0
https://sciencedirect.com/products,34,17,9,1,0,0,3,0,0,0,0,0,0,0.0,0,0,1,0,0,0,0,0,3.797,13,0,0
https://dropbox.com/signup?page=xq7bz&page=63,45,11,7,1,0,0,3,1,2,0,1,3,0,0.06666666666666667,0,0,1,0,0,0,0,0,4.6058,7,0,0
http://p5amvov4oyiz9iy.netflix.cr0l32.loan/security,51,35,9,3,0,0,3,0,0,0,0,6,0,0.11764705882352941,2,0,0,0,0,1,1,1,4.618,15,1,1
https://www.forbes.com/checkout/help/account,44,14,22,2,0,0,5,0,0,0,0,0,0,0.0,1,0,1,0,0,1,1,0,4.0621,8,0,0
https://www.forbes.com/orders/search,36,14,14,2,0,0,4,0,0,0,0,0,0,0.0,1,0,1,0,0,0,0,0,3.8848,6,0,0
http://instagram-security-s12w.xyz/docs,39,27,5,1,2,0,3,0,0,0,0,2,0,0.05128205128205128,0,0,0,0,0,1,1,1,4.4455,9,1,1
http://secure-authenticate-recover-r6nb.click/about?redirect=x0b3ciptnp&token=nzxkcb9d7uay,90,38,6,1,3,0,3,1,2,0,1,5,0,0.05555555555555555,0,0,0,0,0,1,4,0,4.5813,12,1,1
https://www.nature.com,22,14,0,2,0,0,2,0,0,0,0,0,0,0.0,1,0,1,0,0,0,0,0,3.8454,6,0,0
http://kfhoe3mxzjfy4w8t.apple.r98w07.gq/password,48,32,9,3,0,0,3,0,0,0,0,7,0,0.14583333333333334,2,0,0,0,0,1,1,1,4.6887,16,1,1
http://account-1u5xi.cricket/2kx7x353,37,21,9,1,1,0,3,0,0,0,0,7,0,0.1891891891891892,0,0,0,0,0,1,1,0,4.2497,8,1,1
http://facebook-signin.5lu7pk.ml/confirm,40,25,8,2,1,0,3,0,0,0,0,2,0,0.05,1,0,0,0,0,1,2,1,4.4464,8,1,1
http://validate-update-wallet-dwos.work/profile?redirect=klqbxxa53x&token=i3c7g0abgb8p,86,32,8,1,3,0,3,1,2,0,1,6,0,0.06976744186046512,0,0,0,0,0,1,3,0,4.764,12,1,1
http://office365-suspend.fvrscb.gq/suspend,42,27,8,2,1,0,3,0,0,0,0,3,0,0.07142857142857142,1,0,0,0,0,1,1,1,4.3773,9,1,1
http://48.234.252.124/signin/u3t28s,35,14,14,3,0,0,4,0,0,0,0,14,0,0.4,2,1,0,0,0,1,1,0,3.8757,6,0,1
http://sosc0whs14eci9rtj.linkedin.6u5a2x.party/signin,53,39,7,3,0,0,3,0,0,0,0,7,0,0.1320754716981132,2,0,0,0,0,1,1,1,4.6502,17,1,1
http://google-verify.zd43w9.loan/password,41,25,9,2,1,0,3,0,0,0,0,3,0,0.07317073170731707,1,0,0,0,0,1,2,1,4.5099,8,1,1
https://office.com/api/orders/profile,37,10,19,1,0,0,5,0,0,0,0,0,0,0.0,0,0,1,0,0,0,0,0,3.8747,7,0,0
https://nvidia.com/orders,25,10,7,1,0,0,3,0,0,0,0,0,0,0.0,0,0,1,0,0,0,0,0,3.9737,6,0,0
http://microsoft-account.1dindl.party/login,43,30,6,2,1,0,3,0,0,0,0,1,0,0.023255813953488372,1,0,0,0,0,1,2,1,4.2488,9,1,1
http://paypal.com@paypal.com-rd8l4.xyz/suspend,46,20,8,2,1,0,3,0,0,1,0,2,0,0.043478260869565216,1,0,0,0,0,1,1,1,4.3381,10,1,1
https://facebook.com/cart?category=6y,37,12,5,1,0,0,3,1,1,0,0,1,0,0.02702702702702703,0,0,1,0,0,0,0,0,4.1416,8,0,0
https://www.forbes.com/contact/news,35,14,13,2,0,0,4,0,0,0,0,0,0,0.0,1,0,1,0,0,0,0,0,3.8646,7,0,0
https://amd.com/docs/signup/checkout?q=f8r2&id=36z4d,52,7,21,1,0,0,5,1,2,0,1,5,0,0.09615384615384616,0,0,1,0,0,0,0,0,4.6644,8,0,0
http://6v8th105oszqg6pkisb8363d.amazon.htg1d9.work/secure,57,43,7,3,0,0,3,0,0,0,0,12,0,0.21052631578947367,2,0,0,0,0,1,1,1,4.8061,24,1,1
https://docker.com/search/support/settings,42,10,24,1,0,0,5,0,0,0,0,0,0,0.0,0,0,1,0,0,0,0,0,3.9494,8,0,0
http://paypal.com@paypal.com-pdznx.kim/update,45,20,7,2,1,0,3,0,0,1,0,0,0,0.0,1,0,0,0,0,1,1,1,4.1523,10,1,1
http://suspend-security-verify-euo4.loan/orders?redirect=h0ei92ehpq&token=p6aixy3p4xbl,86,33,7,1,3,0,3,1,2,0,1,7,0,0.08139534883720931,0,0,0,0,0,1,3,0,4.7421,12,1,1
http://facebook-signin-8h7q.loan/news,37,25,5,1,2,0,3,0,0,0,0,2,0,0.05405405405405406,0,0,0,0,0,1,1,1,4.3578,8,1,1
https://bestbuy.com/services,28,11,9,1,0,0,3,0,0,0,0,0,0,0.0,0,0,1,0,0,0,0,0,3.8693,8,0,0
http://35.105.103.1/suspend/763bup,34,12,15,3,0,0,4,0,0,0,0,12,0,0.35294117647058826,2,1,0,0,0,1,1,0,3.9987,7,0,1
https://www.quora.com,21,13,0,2,0,0,2,0,0,0,0,0,0,0.0,1,0,1,0,0,0,0,0,3.7849,5,0,0
http://recover-khvyq.top/7xwlr4iz,33,17,9,1,1,0,3,0,0,0,0,2,0,0.06060606060606061,0,0,0,0,0,1,1,0,4.3091,8,1,1
https://telegram.org/signup/search,34,12,14,1,0,0,4,0,0,0,0,0,0,0.0,0,0,1,0,0,0,0,0,3.9764,8,0,0
https://www.vmware.com,22,14,0,2,0,0,2,0,0,0,0,0,0,0.0,1,0,1,0,0,0,0,0,3.7322,6,0,0
http://wellsfargo-recover.ks1k0d.loan/confirm,45,30,8,2,1,0,3,0,0,0,0,2,0,0.044444444444444446,1,0,0,0,0,1,2,1,4.4637,10,1,1
https://netflix.com/checkout/help/orders?ref=h5e,48,11,21,1,0,0,5,1,1,0,0,1,0,0.020833333333333332,0,0,1,0,0,0,0,0,4.2228,8,0,0
http://paypal-validate-7hwu.top/blog,36,24,5,1,2,0,3,0,0,0,0,1,0,0.027777777777777776,0,0,0,0,0,1,1,1,4.0724,8,1,1
http://netflix-recover.f3ob9v.gq/recover,40,25,8,2,1,0,3,0,0,0,0,2,0,0.05,1,0,0,0,0,1,1,1,4.2062,7,1,1
https://nature.com/home/api/contact?ref=0i,42,10,17,1,0,0,5,1,1,0,0,1,0,0.023809523809523808,0,0,1,0,0,0,0,0,4.1009,7,0,0
http://lh2vg9msuiqi2s6i7im.paypal.w4hgil.party/signin,53,39,7,3,0,0,3,0,0,0,0,6,0,0.11320754716981132,2,0,0,0,0,1,1,1,4.3375,19,1,1
https://www.sap.com/login?sort=k71k,35,11,6,2,0,0,3,1,1,0,0,2,0,0.05714285714285714,1,0,1,0,0,1,1,0,4.2786,5,0,0
http://google.com@google.com-up5wt.party/login,46,22,6,2,1,0,3,0,0,1,0,1,0,0.021739130434782608,1,0,0,0,0,1,1,1,4.1262,10,1,1
https://www.microsoft.com/products/profile/services,51,17,26,2,0,0,5,0,0,0,0,0,0,0.0,1,0,1,0,0,0,0,0,4.0283,9,0,0
http://wellsfargo.com@wellsfargo.com-r68ni.review/authenticate,62,27,13,2,1,0,3,0,0,1,0,2,0,0.03225806451612903,1,0,0,0,0,1,1,1,4.4237,14,1,1
https://241.4.54.77/security/3i1rd3,35,11,16,3,0,0,4,0,0,0,0,11,0,0.3142857142857143,2,1,1,0,0,1,1,0,4.1503,8,0,1
http://account-unlock-secure-l818.top/about?redirect=zdn5v38n2u&token=iziwnt0z85pr,82,30,6,1,3,0,3,1,2,0,1,10,0,0.12195121951219512,0,0,0,0,0,1,3,0,4.678,12,1,1
http://72.49.165.80/security/j0lebn,35,12,16,3,0,0,4,0,0,0,0,10,0,0.2857142857142857,2,1,0,0,0,1,1,0,4.5147,8,0,1
https://www.cisco.com/help/help/profile,39,13,18,2,0,0,5,0,0,0,0,0,0,0.0,1,0,1,0,0,0,0,0,3.8459,7,0,0
http://linkedin-confirm-7h4g.kim/search,39,25,7,1,2,0,3,0,0,0,0,2,0,0.05128205128205128,0,0,0,0,0,1,1,1,4.3555,8,1,1
http://unlock-signin-validate-m42y.cf/search?redirect=3oppoydvfd&token=9jrm43gmefg9,83,30,7,1,3,0,3,1,2,0,1,7,0,0.08433734939759036,0,0,0,0,0,1,3,0,4.828,12,1,1
https://oracle.com,18,10,0,1,0,0,2,0,0,0,0,0,0,0.0,0,0,1,0,0,0,0,0,3.7255,6,0,0
http://login-urgent-wallet-7hw0.xyz/contact?redirect=kgnhagxxks&token=f2gdauos74ul,82,28,8,1,3,0,3,1,2,0,1,5,0,0.06097560975609756,0,0,0,0,0,1,3,0,4.7372,12,1,1
https://bbc.com/home/home/search?id=ff7so8,42,7,17,1,0,0,5,1,1,0,0,2,0,0.047619047619047616,0,0,1,0,0,0,0,0,4.1392,6,0,0
https://www.spotify.com/dashboard/signup/orders,47,15,24,2,0,0,5,0,0,0,0,0,0,0.0,1,0,1,0,0,0,0,0,4.2143,9,0,0
https://www.twitter.com/products,32,15,9,2,0,0,3,0,0,0,0,0,0,0.0,1,0,1,0,0,0,0,0,3.7417,8,0,0
https://www.logitech.com,24,16,0,2,0,0,2,0,0,0,0,0,0,0.0,1,0,1,0,0,0,0,0,3.7721,8,0,0
https://digitalocean.com/?sort=2ojgfh,37,16,1,1,0,0,3,1,1,0,0,1,0,0.02702702702702703,0,0,1,0,0,0,0,0,4.3242,12,0,0
https://200.39.165.148/signin/20vmak,36,14,14,3,0,0,4,0,0,0,0,13,0,0.3611111111111111,2,1,1,0,0,1,1,0,4.3502,6,0,1
https://twitch.tv/orders/products,33,9,16,1,0,0,4,0,0,0,0,0,0,0.0,0,0,1,0,0,0,0,0,3.7408,8,0,0
https://wordpress.com/blog/help,31,13,10,1,0,0,4,0,0,0,0,0,0,0.0,0,0,1,0,0,0,0,0,3.9134,9,0,0
https://www.bing.com/news/services/checkout,43,12,23,2,0,0,5,0,0,0,0,0,0,0.0,1,0,1,0,0,0,0,0,4.069,8,0,0
https://www.figma.com/checkout?utm_source=z69uw,47,13,9,2,0,1,3,1,1,0,0,2,0,0.0425531914893617,1,0,1,0,0,0,0,0,4.4,8,0,0
http://office365.com@office365.com-i3jst.review/authenticate,60,26,13,2,1,0,3,0,0,1,0,7,0,0.11666666666666667,1,0,0,0,0,1,1,1,4.3318,13,1,1
http://hy3m2i3qm6dtecafvo5y0.wellsfargo.qnv4f0.link/confirm,59,44,8,3,0,0,3,0,0,0,0,8,0,0.13559322033898305,2,0,0,0,0,1,1,1,4.7633,21,1,1
https://www.github.com/cart/login/signup,40,14,18,2,0,0,5,0,0,0,0,0,0,0.0,1,0,1,0,0,1,1,0,4.0751,6,0,0
http://linkedin-verify-7xkp.zip/help,36,24,5,1,2,0,3,0,0,0,0,1,0,0.027777777777777776,0,0,0,0,0,1,1,1,4.128,8,1,1
https://www.youtube.com/contact/settings/login,46,15,23,2,0,0,5,0,0,0,0,0,0,0.0,1,0,1,0,0,1,1,0,4.0392,8,0,0
https://www.cisco.com/login/dashboard/settings,46,13,25,2,0,0,5,0,0,0,0,0,0,0.0,1,0,1,0,0,1,1,0,4.1,9,0,0
http://bankofamerica-verify.0l1q9r.xyz/unlock,45,31,7,2,1,0,3,0,0,0,0,3,0,0.06666666666666667,1,0,0,0,0,1,3,1,4.686,13,1,1
http://chase-suspend-31yu.loan/login,36,23,6,1,2,0,3,0,0,0,0,2,0,0.05555555555555555,0,0,0,0,0,1,2,1,4.2737,7,1,1
http://amazon.com@amazon.com-adapv.link/login,45,21,6,2,1,0,3,0,0,1,0,0,0,0.0,1,0,0,0,0,1,1,1,4.0556,10,1,1
https://airbnb.com/about/signup?utm_source=3fb,46,10,13,1,0,1,4,1,1,0,0,1,0,0.021739130434782608,0,0,1,0,0,0,0,0,4.3168,6,0,0
http://tbaqx16oem9nnc8yci0.amazon.8p3lbs.loan/account,53,38,8,3,0,0,3,0,0,0,0,7,0,0.1320754716981132,2,0,0,0,0,1,1,1,4.4689,19,1,1
http://office365.com@office365.com-caaff.link/verify,52,24,7,2,1,0,3,0,0,1,0,6,0,0.11538461538461539,1,0,0,0,0,1,1,1,4.2865,13,1,1
http://bk7596d4htuw52rb3bihf1.outlook.9j2vp8.top/suspend,56,41,8,3,0,0,3,0,0,0,0,12,0,0.21428571428571427,2,0,0,0,0,1,1,1,4.6755,22,1,1
https://www.udemy.com,21,13,0,2,0,0,2,0,0,0,0,0,0,0.0,1,0,1,0,0,0,0,0,3.7849,5,0,0
https://www.irs.gov/cart/news/home?page=q796&id=ge0q5,53,11,15,2,0,0,5,1,2,0,1,5,0,0.09433962264150944,1,0,1,0,0,0,0,0,4.5982,5,0,0
https://npmjs.com/home?q=2c1jlopo,33,9,5,1,0,0,3,1,1,0,0,2,0,0.06060606060606061,0,0,1,0,0,0,0,0,4.0667,8,0,0
https://www.github.com/docs/news/orders,39,14,17,2,0,0,5,0,0,0,0,0,0,0.0,1,0,1,0,0,0,0,0,4.0259,6,0,0
https://twitter.com/cart,24,11,5,1,0,0,3,0,0,0,0,0,0,0.0,0,0,1,0,0,0,0,0,3.5739,7,0,0
http://account-suspend-unlock-qeae.click/about?redirect=qail1yxi1q&token=e4x1uwr6v3ch,85,33,6,1,3,0,3,1,2,0,1,6,0,0.07058823529411765,0,0,0,0,0,1,4,0,4.7187,12,1,1
https://google.com/?lang=bpj8t2,31,10,1,1,0,0,3,1,1,0,0,2,0,0.06451612903225806,0,0,1,0,0,0,0,0,4.2116,6,0,0
http://netflix.com@netflix.com-sgqg0.cricket/billing,52,25,8,2,1,0,3,0,0,1,0,1,0,0.019230769230769232,1,0,0,0,0,1,1,1,4.3352,11,1,1
https://www.booking.com/services?sort=wbhk,42,15,9,2,0,0,3,1,1,0,0,0,0,0.0,1,0,1,0,0,0,0,0,4.2135,8,0,0
https://www.instacart.com/cart?q=403njb&page=wu,47,17,5,2,0,0,3,1,2,0,1,3,0,0.06382978723404255,1,0,1,0,0,0,0,0,4.5095,9,0,0
http://chase-validate.4f9byi.party/alert,40,27,6,2,1,0,3,0,0,0,0,2,0,0.05,1,0,0,0,0,1,2,1,4.1537,8,1,1
https://amd.com/cart/home/dashboard,35,7,20,1,0,0,5,0,0,0,0,0,0,0.0,0,0,1,0,0,0,0,0,3.7183,9,0,0
https://www.bbc.com/?id=02h6&category=cq,40,11,1,2,0,0,3,1,2,0,1,3,0,0.075,1,0,1,0,0,0,0,0,4.5153,8,0,0
https://python.org,18,10,0,1,0,0,2,0,0,0,0,0,0,0.0,0,0,1,0,0,0,0,0,3.4613,6,0,0
http://goo.gl/y6jztrh,21,6,8,1,0,0,3,0,0,0,0,1,0,0.047619047619047616,0,0,0,0,1,0,0,0,3.6538,7,0,1
https://www.bing.com/news?lang=gs2wpze,38,12,5,2,0,0,3,1,1,0,0,1,0,0.02631578947368421,1,0,1,0,0,0,0,0,4.2314,7,0,0
https://un.org/docs,19,6,5,1,0,0,3,0,0,0,0,0,0,0.0,0,0,1,0,0,0,0,0,3.6819,5,0,0
https://coursera.org/signup/contact,35,12,15,1,0,0,4,0,0,0,0,0,0,0.0,0,0,1,0,0,0,0,0,3.843,8,0,0
http://apple.com@apple.com-gghoh.link/security,46,20,9,2,1,0,3,0,0,1,0,0,0,0.0,1,0,0,0,0,1,1,1,4.2703,9,1,1
http://verify-alert-recover-21r9.cricket/contact?redirect=ixcdl9t15k&token=ck4zynfgj1yo,87,33,8,1,3,0,3,1,2,0,1,8,0,0.09195402298850575,0,0,0,0,0,1,3,0,4.5774,12,1,1
http://l5m5loipzksbwtsm.office365.cgxznv.zip/urgent,51,37,7,3,0,0,3,0,0,0,0,5,0,0.09803921568627451,2,0,0,0,0,1,1,1,4.6032,16,1,1
https://www.slack.com/help,26,13,5,2,0,0,3,0,0,0,0,0,0,0.0,1,0,1,0,0,0,0,0,3.7962,5,0,0
https://amazon.com/?page=181,28,10,1,1,0,0,3,1,1,0,0,3,0,0.10714285714285714,0,0,1,0,0,0,0,0,4.1106,6,0,0
http://t.co/auj1u6j,19,4,8,1,0,0,3,0,0,0,0,2,0,0.10526315789473684,0,0,0,0,1,0,0,0,3.5369,7,0,1
http://m2caml518dwkxdmnnv.bankofamerica.um2eni.review/account,61,46,8,3,0,0,3,0,0,0,0,5,0,0.08196721311475409,2,0,0,0,0,1,2,1,4.5234,18,1,1
https://www.bbc.com/blog,24,11,5,2,0,0,3,0,0,0,0,0,0,0.0,1,0,1,0,0,0,0,0,3.6573,5,0,0
https://www.trello.com/about/products/signup,44,14,22,2,0,0,5,0,0,0,0,0,0,0.0,1,0,1,0,0,0,0,0,4.1358,8,0,0
https://office.com/help,23,10,5,1,0,0,3,0,0,0,0,0,0,0.0,0,0,1,0,0,0,0,0,3.7081,6,0,0
http://alert-bfc14.cricket/psojdyua,35,19,9,1,1,0,3,0,0,0,0,2,0,0.05714285714285714,0,0,0,0,0,1,1,0,4.4004,8,1,1
http://whatsapp.com@whatsapp.com-8c1am.kim/password,51,22,9,2,1,0,3,0,0,1,0,2,0,0.0392156862745098,1,0,0,0,0,1,1,1,4.0342,12,1,1
http://secure-account-security-u5wm.gq/settings?redirect=mddx13tffr&token=8coo0fp64thu,86,31,9,1,3,0,3,1,2,0,1,7,0,0.08139534883720931,0,0,0,0,0,1,3,0,4.7271,12,1,1
http://linkedin-authenticate-gimr.loan/orders,45,31,7,1,2,0,3,0,0,0,0,0,0,0.0,0,0,0,0,0,1,1,1,4.1613,12,1,1
http://whatsapp-verify.8wzgl5.loan/verify,41,27,7,2,1,0,3,0,0,0,0,2,0,0.04878048780487805,1,0,0,0,0,1,1,1,4.4059,8,1,1
https://oracle.com/checkout/api/api,35,10,17,1,0,0,5,0,0,0,0,0,0,0.0,0,0,1,0,0,0,0,0,3.8542,8,0,0
http://whatsapp-security.1tqzfb.gq/wallet,41,27,7,2,1,0,3,0,0,0,0,1,0,0.024390243902439025,1,0,0,0,0,1,2,1,4.2899,8,1,1
https://nature.com/dashboard?ref=u6z,36,10,10,1,0,0,3,1,1,0,0,1,0,0.027777777777777776,0,0,1,0,0,0,0,0,4.3083,9,0,0
http://authenticate-validate-suspend-3rkw.loan/profile?redirect=vl7erdtomp&token=sdwx96ach245,93,39,8,1,3,0,3,1,2,0,1,7,0,0.07526881720430108,0,0,0,0,0,1,3,0,4.7159,12,1,1
https://www.w3.org/?utm_source=9dv3uy5e,39,10,1,2,0,1,3,1,1,0,0,4,0,0.10256410256410256,1,0,1,0,0,0,0,0,4.4068,8,0,0
http://authenticate-caxod.xyz/7qq1q81h,38,22,9,1,1,0,3,0,0,0,0,4,0,0.10526315789473684,0,0,0,0,0,1,1,0,4.2314,12,1,1
http://paypal-authenticate.wr2z0a.ml/password,45,29,9,2,1,0,3,0,0,0,0,2,0,0.044444444444444446,1,0,0,0,0,1,2,1,4.2946,12,1,1
http://h7cjjey7qwwo6nlpv.linkedin.ec9t5a.ml/update,50,36,7,3,0,0,3,0,0,0,0,5,0,0.1,2,0,0,0,0,1,1,1,4.5284,17,1,1
https://www.booking.com/dashboard/profile,41,15,18,2,0,0,4,0,0,0,0,0,0,0.0,1,0,1,0,0,0,0,0,4.2755,9,0,0
https://amd.com/?id=m9xhc&category=vlu8w,40,7,1,1,0,0,3,1,2,0,1,2,0,0.05,0,0,1,0,0,0,0,0,4.5964,8,0,0
https://www.atlassian.com/search/services/orders,48,17,23,2,0,0,5,0,0,0,0,0,0,0.0,1,0,1,0,0,0,0,0,3.9698,9,0,0
http://secure-unlock-urgent-ws58.top/services?redirect=neewkihpy3&token=6z6coxkq5p52,84,29,9,1,3,0,3,1,2,0,1,8,0,0.09523809523809523,0,0,0,0,0,1,3,0,4.6813,12,1,1
http://linkedin.com@linkedin.com-tl53c.loan/authenticate,56,23,13,2,1,0,3,0,0,1,0,2,0,0.03571428571428571,1,0,0,0,0,1,1,1,4.1351,12,1,1
https://www.facebook.com/services/services/support?utm_source=vqyw&page=g0v,75,16,26,2,0,1,5,1,2,0,1,1,0,0.013333333333333334,1,0,1,0,0,0,0,0,4.4837,8,0,0
http://s72rw556pnbxu6onrv.microsoft.537c2b.click/password,57,41,9,3,0,0,3,0,0,0,0,10,0,0.17543859649122806,2,0,0,0,0,1,2,1,4.6088,18,1,1
https://www.nytimes.com/profile/contact/services,48,15,25,2,0,0,5,0,0,0,0,0,0,0.0,1,0,1,0,0,0,0,0,4.0957,8,0,0
https://www.vmware.com/services/news?sort=rgoi,46,14,14,2,0,0,4,1,1,0,0,0,0,0.0,1,0,1,0,0,0,0,0,4.0729,8,0,0
https://usa.gov/profile,23,7,8,1,0,0,3,0,0,0,0,0,0,0.0,0,0,1,0,0,0,0,0,3.969,7,0,0
http://account-security-alert-odf7.zip/about?redirect=2cgxu5wahz&token=g85s9asj21gt,83,31,6,1,3,0,3,1,2,0,1,8,0,0.0963855421686747,0,0,0,0,0,1,3,0,4.8433,12,1,1
http://103.81.17.17/security/w34rcd,35,12,16,3,0,0,4,0,0,0,0,11,0,0.3142857142857143,2,1,0,0,0,1,1,0,4.1719,8,0,1
http://paypal.com@paypal.com-yol6l.xyz/validate,47,20,9,2,1,0,3,0,0,1,0,1,0,0.02127659574468085,1,0,0,0,0,1,1,1,4.0706,10,1,1
http://linkedin-suspend-pfi1.party/api,38,27,4,1,2,0,3,0,0,0,0,1,0,0.02631578947368421,0,0,0,0,0,1,1,1,4.0933,8,1,1
http://chase.com@chase.com-055s2.link/wallet,44,20,7,2,1,0,3,0,0,1,0,4,0,0.09090909090909091,1,0,0,0,0,1,1,1,4.2767,9,1,1
https://mit.edu/orders/support,30,7,15,1,0,0,4,0,0,0,0,0,0,0.0,0,0,1,0,0,0,0,0,3.6314,7,0,0
https://www.paypal.com/news,27,14,5,2,0,0,3,0,0,0,0,0,0,0.0,1,0,1,0,0,0,0,0,3.8101,6,0,0
http://billing-n7prw.tk/m3vqriqy,32,16,9,1,1,0,3,0,0,0,0,2,0,0.0625,0,0,0,0,0,1,1,0,4.2417,8,1,1
https://www.wellsfargo.com,26,18,0,2,0,0,2,0,0,0,0,0,0,0.0,1,0,1,0,0,0,0,0,3.9312,10,0,0
https://stackoverflow.com,25,17,0,1,0,0,2,0,0,0,0,0,0,0.0,0,0,1,0,0,0,0,0,4.0235,13,0,0
http://account-nz2k9.tk/39mh4qx4,32,16,9,1,1,0,3,0,0,0,0,6,0,0.1875,0,0,0,0,0,1,1,0,4.2264,8,1,1
http://netflix-account-gm5s.click/login,39,26,6,1,2,0,3,0,0,0,0,1,0,0.02564102564102564,0,0,0,0,0,1,3,1,4.2336,7,1,1
http://chase.com@chase.com-k4snv.kim/security,45,19,9,2,1,0,3,0,0,1,0,1,0,0.022222222222222223,1,0,0,0,0,1,1,1,4.2443,9,1,1
https://forbes.com/orders/settings,34,10,16,1,0,0,4,0,0,0,0,0,0,0.0,0,0,1,0,0,0,0,0,3.8559,8,0,0
https://www.dropbox.com/about/signup,36,15,13,2,0,0,4,0,0,0,0,0,0,0.0,1,0,1,0,0,0,0,0,4.107,7,0,0
http://t.co/ed0z4zm,19,4,8,1,0,0,3,0,0,0,0,2,0,0.10526315789473684,0,0,0,0,1,0,0,0,3.6421,7,0,1
http://tinyurl.com/fkmnau2,26,11,8,1,0,0,3,0,0,0,0,1,0,0.038461538461538464,0,0,0,0,1,0,0,0,4.1039,7,0,1
http://116.102.137.179/unlock/fqpii4,36,15,14,3,0,0,4,0,0,0,0,13,0,0.3611111111111111,2,1,0,0,0,1,1,0,4.2709,6,0,1
https://www.steam.com/news/contact/search,41,13,20,2,0,0,5,0,0,0,0,0,0,0.0,1,0,1,0,0,0,0,0,3.73,7,0,0
https://www.bestbuy.com/about/contact,37,15,14,2,0,0,4,0,0,0,0,0,0,0.0,1,0,1,0,0,0,0,0,3.8438,7,0,0
http://alert-5a0xu.cf/q1yj94ki,30,14,9,1,1,0,3,0,0,0,0,5,0,0.16666666666666666,0,0,0,0,0,1,1,0,4.5232,8,1,1
http://ms8e80975xqjqxk1viy3zt.amazon.3p6srd.review/account,58,43,8,3,0,0,3,0,0,0,0,10,0,0.1724137931034483,2,0,0,0,0,1,1,1,4.9094,22,1,1
https://twitter.com/news/orders/orders,38,11,19,1,0,0,5,0,0,0,0,0,0,0.0,0,0,1,0,0,0,0,0,3.6799,7,0,0
http://facebook-validate-t6d0.party/blog,40,28,5,1,2,0,3,0,0,0,0,2,0,0.05,0,0,0,0,0,1,1,1,4.2939,8,1,1
http://security-4k9jr.review/5qqjvwup,37,21,9,1,1,0,3,0,0,0,0,3,0,0.08108108108108109,0,0,0,0,0,1,1,0,4.317,8,1,1
http://login-recover-password-o762.tk/cart?redirect=x5dnsvbcq7&token=g4asmzx4nkio,81,30,5,1,3,0,3,1,2,0,1,7,0,0.08641975308641975,0,0,0,0,0,1,3,0,4.8007,12,1,1
https://www.twitter.com/search/docs,35,15,12,2,0,0,4,0,0,0,0,0,0,0.0,1,0,1,0,0,0,0,0,3.783,7,0,0
https://www.nytimes.com,23,15,0,2,0,0,2,0,0,0,0,0,0,0.0,1,0,1,0,0,0,0,0,3.7623,7,0,0
https://www.chase.com/settings,30,13,9,2,0,0,3,0,0,0,0,0,0,0.0,1,0,1,0,0,0,0,0,3.7899,8,0,0
http://verify-gypm2.gq/s9v7lp1l,31,15,9,1,1,0,3,0,0,0,0,4,0,0.12903225806451613,0,0,0,0,0,1,1,0,4.3248,8,1,1
http://netflix.com@netflix.com-sqc2v.top/validate,49,21,9,2,1,0,3,0,0,1,0,1,0,0.02040816326530612,1,0,0,0,0,1,1,1,4.3332,11,1,1
https://www.who.int/orders,26,11,7,2,0,0,3,0,0,0,0,0,0,0.0,1,0,1,0,0,0,0,0,3.6424,6,0,0
http://wallet-unlock-update-vmjo.xyz/news?redirect=dbfdpl7r81&token=b5xtj98ksfqe,80,29,5,1,3,0,3,1,2,0,1,6,0,0.075,0,0,0,0,0,1,3,0,4.9396,12,1,1
https://www.steam.com/settings/search/checkout?utm_source=3md6x7,64,13,25,2,0,1,5,1,1,0,0,3,0,0.046875,1,0,1,0,0,0,0,0,4.3905,8,0,0
https://forbes.com/help/api/api?lang=0mvzmuf8,45,10,13,1,0,0,5,1,1,0,0,2,0,0.044444444444444446,0,0,1,0,0,0,0,0,4.4892,8,0,0
https://www.chase.com/news/signup/api,37,13,16,2,0,0,5,0,0,0,0,0,0,0.0,1,0,1,0,0,0,0,0,3.9023,6,0,0
https://www.atlassian.com/about?ref=jui,39,17,6,2,0,0,3,1,1,0,0,0,0,0.0,1,0,1,0,0,0,0,0,4.3043,9,0,0
https://logitech.com/help/dashboard/dashboard,45,12,25,1,0,0,5,0,0,0,0,0,0,0.0,0,0,1,0,0,0,0,0,3.9645,9,0,0
http://office365.com@office365.com-14imd.kim/recover,52,23,8,2,1,0,3,0,0,1,0,8,0,0.15384615384615385,1,0,0,0,0,1,1,1,4.2633,13,1,1
https://pinterest.com/help/orders/contact,41,13,20,1,0,0,5,0,0,0,0,0,0,0.0,0,0,1,0,0,0,0,0,3.8236,9,0,0
http://99.22.7.68/wallet/725u03,31,10,14,3,0,0,4,0,0,0,0,12,0,0.3870967741935484,2,1,0,0,0,1,1,0,4.0424,6,0,1
http://account-authenticate-billing-allh.link/help?redirect=3n0mwfs58b&token=qzacgbvqcedn,89,38,5,1,3,0,3,1,2,0,1,4,0,0.0449438202247191,0,0,0,0,0,1,3,0,4.7026,12,1,1
https://docker.com/dashboard/home/help?id=e3yqy,47,10,20,1,0,0,5,1,1,0,0,1,0,0.02127659574468085,0,0,1,0,0,0,0,0,4.2863,9,0,0
http://icloud.com@icloud.com-p0lo2.cf/signin,44,19,7,2,1,0,3,0,0,1,0,2,0,0.045454545454545456,1,0,0,0,0,1,1,1,4.153,10,1,1
https://shopify.com/help,24,11,5,1,0,0,3,0,0,0,0,0,0,0.0,0,0,1,0,0,0,0,0,3.7406,7,0,0
http://tinyurl.com/qxgymym,26,11,8,1,0,0,3,0,0,0,0,0,0,0.0,0,0,0,0,1,0,0,0,3.9689,7,0,1
https://www.vmware.com/news/dashboard?category=3rzn9l3&q=71,59,14,15,2,0,0,4,1,2,0,1,5,0,0.0847457627118644,1,0,1,0,0,0,0,0,4.6855,9,0,0
https://www.cloudflare.com/docs/home/blog?q=je,46,18,15,2,0,0,5,1,1,0,0,0,0,0.0,1,0,1,0,0,0,0,0,4.3445,10,0,0
http://cutt.ly/w405g00,22,7,8,1,0,0,3,0,0,0,0,5,0,0.22727272727272727,0,0,0,0,1,0,0,0,3.6635,7,0,1
https://twitch.tv,17,9,0,1,0,0,2,0,0,0,0,0,0,0.0,0,0,1,0,0,0,0,0,3.1692,6,0,0
http://wxn91tfrsa8zfawty7kf.google.ghpas0.kim/secure,52,38,7,3,0,0,3,0,0,0,0,5,0,0.09615384615384616,2,0,0,0,0,1,1,1,4.6757,20,1,1
http://facebook.com@facebook.com-f2chs.tk/signin,48,21,7,2,1,0,3,0,0,1,0,1,0,0.020833333333333332,1,0,0,0,0,1,1,1,4.1913,12,1,1
https://20.83.222.123/security/7aewsb,37,13,16,3,0,0,4,0,0,0,0,11,0,0.2972972972972973,2,1,1,0,0,1,1,0,4.1858,8,0,1
http://security-suspend-validate-84wy.review/account?redirect=iksmv4qqj3&token=a1iopra5a5pm,91,37,8,1,3,0,3,1,2,0,1,7,0,0.07692307692307693,0,0,0,0,0,1,4,0,4.7543,12,1,1
https://www.citibank.com/?q=opm,31,16,1,2,0,0,3,1,1,0,0,0,0,0.0,1,0,1,0,0,1,1,0,4.1069,8,0,0
https://51.181.197.219/secure/x6yinw,36,14,14,3,0,0,4,0,0,0,0,12,0,0.3333333333333333,2,1,1,0,0,1,1,0,4.2709,6,0,1
https://www.docker.com/news/dashboard/services,46,14,24,2,0,0,5,0,0,0,0,0,0,0.0,1,0,1,0,0,0,0,0,4.0836,9,0,0
https://npmjs.com/search/support/api?page=flnc&id=trd,53,9,19,1,0,0,5,1,2,0,1,0,0,0.0,0,0,1,0,0,0,0,0,4.3433,7,0,0
http://secure-security-login-exz9.kim/support?redirect=7lxx08dw54&token=i3o6gil6dtxl,84,30,8,1,3,0,3,1,2,0,1,9,0,0.10714285714285714,0,0,0,0,0,1,3,0,4.8006,12,1,1
http://t.co/sak0ojw,19,4,8,1,0,0,3,0,0,0,0,1,0,0.05263157894736842,0,0,0,0,1,0,0,0,3.6421,7,0,1
http://security-update-wallet-kcek.cf/news?redirect=xhi7cyrbv6&token=qbjb2nznx9gw,81,30,5,1,3,0,3,1,2,0,1,4,0,0.04938271604938271,0,0,0,0,0,1,3,0,4.861,12,1,1
http://wellsfargo.com@wellsfargo.com-wap0o.kim/secure,53,24,7,2,1,0,3,0,0,1,0,1,0,0.018867924528301886,1,0,0,0,0,1,1,1,4.3383,14,1,1
http://chase-signin.5khl1c.xyz/security,39,23,9,2,1,0,3,0,0,0,0,2,0,0.05128205128205128,1,0,0,0,0,1,2,1,4.3488,8,1,1
http://icloud.com@icloud.com-45ry2.zip/password,47,20,9,2,1,0,3,0,0,1,0,3,0,0.06382978723404255,1,0,0,0,0,1,1,1,4.3762,10,1,1
https://www.slack.com/help/account,34,13,13,2,0,0,4,0,0,0,0,0,0,0.0,1,0,1,0,0,1,1,0,3.9254,7,0,0
https://www.instacart.com/services/products/settings?q=y3z1d&page=1630p,71,17,27,2,0,0,5,1,2,0,1,6,0,0.08450704225352113,1,0,1,0,0,0,0,0,4.6014,9,0,0
https://khanacademy.org/profile,31,15,8,1,0,0,3,0,0,0,0,0,0,0.0,0,0,1,0,0,0,0,0,4.2603,11,0,0
https://www.slack.com/blog,26,13,5,2,0,0,3,0,0,0,0,0,0,0.0,1,0,1,0,0,0,0,0,3.8731,5,0,0
http://tinyurl.com/5po7btp,26,11,8,1,0,0,3,0,0,0,0,2,0,0.07692307692307693,0,0,0,0,1,0,0,0,3.9501,7,0,1
http://bankofamerica-password-7611.tk/help,42,30,5,1,2,0,3,0,0,0,0,4,0,0.09523809523809523,0,0,0,0,0,1,2,1,4.4813,13,1,1
http://facebook.com@facebook.com-han15.loan/update,50,23,7,2,1,0,3,0,0,1,0,2,0,0.04,1,0,0,0,0,1,1,1,4.1982,12,1,1
https://www.nvidia.com/news/api/dashboard?id=13,47,14,19,2,0,0,5,1,1,0,0,2,0,0.0425531914893617,1,0,1,0,0,0,0,0,4.2702,9,0,0
http://instagram-suspend-zcga.top/contact,41,26,8,1,2,0,3,0,0,0,0,0,0,0.0,0,0,0,0,0,1,1,1,4.0579,9,1,1
http://alert-secure-signin-1ozx.gq/blog?redirect=26rl0nwrn5&token=7lws1yq6t0ot,78,27,5,1,3,0,3,1,2,0,1,9,0,0.11538461538461539,0,0,0,0,0,1,3,0,4.7975,12,1,1
https://epicgames.com/blog/orders,33,13,12,1,0,0,4,0,0,0,0,0,0,0.0,0,0,1,0,0,0,0,0,4.0061,9,0,0
https://harvard.edu/?lang=oxs&q=4gg244,38,11,1,1,0,0,3,1,2,0,1,4,0,0.10526315789473684,0,0,1,0,0,0,0,0,4.4316,7,0,0
https://177.226.189.173/login/aobk02,36,15,13,3,0,0,4,0,0,0,0,14,0,0.3888888888888889,2,1,1,0,0,1,1,0,4.3083,6,0,1
https://www.vmware.com/news/cart/docs,37,14,15,2,0,0,5,0,0,0,0,0,0,0.0,1,0,1,0,0,0,0,0,3.872,6,0,0
https://digitalocean.com/cart,29,16,5,1,0,0,3,0,0,0,0,0,0,0.0,0,0,1,0,0,0,0,0,3.9523,12,0,0
http://whatsapp.com@whatsapp.com-py9np.gq/password,50,21,9,2,1,0,3,0,0,1,0,1,0,0.02,1,0,0,0,0,1,1,1,4.0562,12,1,1
https://microsoft.com/checkout/products/news?page=pnqvut7,57,13,23,1,0,0,5,1,1,0,0,1,0,0.017543859649122806,0,0,1,0,0,0,0,0,4.3619,9,0,0
http://google-billing.wtejtu.gq/password,40,24,9,2,1,0,3,0,0,0,0,0,0,0.0,1,0,0,0,0,1,2,1,4.2653,8,1,1
http://cutt.ly/1xxx2n2,22,7,8,1,0,0,3,0,0,0,0,3,0,0.13636363636363635,0,0,0,0,1,0,0,0,3.5726,7,0,1
https://www.wordpress.com/support/services/orders?sort=jpi,58,17,24,2,0,0,5,1,1,0,0,0,0,0.0,1,0,1,0,0,0,0,0,3.9531,9,0,0
https://www.wordpress.com/contact?utm_source=i44,48,17,8,2,0,1,3,1,1,0,0,2,0,0.041666666666666664,1,0,1,0,0,0,0,0,4.2283,9,0,0
https://ibm.com/signup,22,7,7,1,0,0,3,0,0,0,0,0,0,0.0,0,0,1,0,0,0,0,0,3.7888,6,0,0
https://sciencedirect.com/checkout?id=6p,40,17,9,1,0,0,3,1,1,0,0,1,0,0.025,0,0,1,0,0,0,0,0,4.0464,13,0,0
http://8wj6zgylkcs2yx1zdnqsam.instagram.ctxtyh.party/unlock,59,45,7,3,0,0,3,0,0,0,0,4,0,0.06779661016949153,2,0,0,0,0,1,1,1,4.6405,22,1,1
http://netflix-signin-tsqa.top/about,36,23,6,1,2,0,3,0,0,0,0,0,0,0.0,0,0,0,0,0,1,1,1,4.0651,7,1,1
https://www.google.com/contact/orders,37,14,15,2,0,0,4,0,0,0,0,0,0,0.0,1,0,1,0,0,0,0,0,3.936,7,0,0
https://www.uber.com/checkout/orders/blog,41,12,21,2,0,0,5,0,0,0,0,0,0,0.0,1,0,1,0,0,0,0,0,4.0555,8,0,0
https://cloudflare.com/help/support/settings,44,14,22,1,0,0,5,0,0,0,0,0,0,0.0,0,0,1,0,0,0,0,0,4.0621,10,0,0
https://expedia.com/?lang=iyqfy75,33,11,1,1,0,0,3,1,1,0,0,2,0,0.06060606060606061,0,0,1,0,0,0,0,0,4.5367,7,0,0
http://6080yapig8ofsmnawy0peqlv.facebook.488pkw.link/update,59,45,7,3,0,0,3,0,0,0,0,9,0,0.15254237288135594,2,0,0,0,0,1,1,1,4.6472,24,1,1
http://paypal.com@paypal.com-0giz3.work/unlock,46,21,7,2,1,0,3,0,0,1,0,2,0,0.043478260869565216,1,0,0,0,0,1,1,1,4.336,10,1,1
http://98byte9afpp7sdw.wellsfargo.yqtuv2.zip/secure,51,37,7,3,0,0,3,0,0,0,0,5,0,0.09803921568627451,2,0,0,0,0,1,1,1,4.6084,15,1,1
https://www.target.com/?ref=gfjdlo&lang=aco,43,14,1,2,0,0,3,1,2,0,1,0,0,0.0,1,0,1,0,0,0,0,0,4.3617,6,0,0
https://www.medium.com/account/services/login?category=y8yb7,60,14,23,2,0,0,5,1,1,0,0,2,0,0.03333333333333333,1,0,1,0,0,1,2,0,4.5237,8,0,0
https://www.python.org/support/settings,39,14,17,2,0,0,4,0,0,0,0,0,0,0.0,1,0,1,0,0,0,0,0,3.7721,8,0,0
https://94.137.61.58/password/jh33ic,36,12,16,3,0,0,4,0,0,0,0,11,0,0.3055555555555556,2,1,1,0,0,1,1,0,4.3292,8,0,1
http://security-fedlb.ml/zj2o4q06,33,17,9,1,1,0,3,0,0,0,0,4,0,0.12121212121212122,0,0,0,0,0,1,1,0,4.635,8,1,1
http://linkedin.com@linkedin.com-p4jul.link/wallet,50,23,7,2,1,0,3,0,0,1,0,1,0,0.02,1,0,0,0,0,1,1,1,4.1938,12,1,1
http://zz8wxqdq851zfszf72.whatsapp.334nlx.party/login,53,40,6,3,0,0,3,0,0,0,0,9,0,0.16981132075471697,2,0,0,0,0,1,1,1,4.6286,18,1,1
https://paypal.com,18,10,0,1,0,0,2,0,0,0,0,0,0,0.0,0,0,1,0,0,0,0,0,3.5724,6,0,0
https://www.paypal.com,22,14,0,2,0,0,2,0,0,0,0,0,0,0.0,1,0,1,0,0,0,0,0,3.6635,6,0,0
http://facebook-account-1of7.review/home,40,28,5,1,2,0,3,0,0,0,0,2,0,0.05,0,0,0,0,0,1,1,1,4.2751,8,1,1
http://netflix.com@netflix.com-arpyy.gq/confirm,47,20,8,2,1,0,3,0,0,1,0,0,0,0.0,1,0,0,0,0,1,1,1,4.3197,11,1,1
https://notion.so/news,22,9,5,1,0,0,3,0,0,0,0,0,0,0.0,0,0,1,0,0,0,0,0,3.3788,6,0,0
https://www.who.int/blog?q=kqwj,31,11,5,2,0,0,3,1,1,0,0,0,0,0.0,1,0,1,0,0,0,0,0,4.0149,5,0,0
http://recover-secure-signin-jnc9.ml/account?redirect=hf2ykgicx7&token=fnba3vo6yvpd,83,29,8,1,3,0,3,1,2,0,1,5,0,0.060240963855421686,0,0,0,0,0,1,4,0,4.8052,12,1,1
https://zoom.us/search/news/api,31,7,16,1,0,0,5,0,0,0,0,0,0,0.0,0,0,1,0,0,0,0,0,3.9345,6,0,0
https://www.expedia.com/help/help,33,15,10,2,0,0,4,0,0,0,0,0,0,0.0,1,0,1,0,0,0,0,0,3.8471,7,0,0
http://chase.com@chase.com-82bmq.loan/authenticate,50,20,13,2,1,0,3,0,0,1,0,2,0,0.04,1,0,0,0,0,1,1,1,4.1669,12,1,1
http://h4er3urev2z1k3bdgr.google.b2d5lo.link/suspend,52,37,8,3,0,0,3,0,0,0,0,7,0,0.1346153846153846,2,0,0,0,0,1,1,1,4.5219,18,1,1
http://outlook-alert-dqhi.xyz/profile,37,22,8,1,2,0,3,0,0,0,0,0,0,0.0,0,0,0,0,0,1,1,1,4.1957,7,1,1
https://yahoo.com/help/home?ref=9w59sq,38,9,10,1,0,0,4,1,1,0,0,3,0,0.07894736842105263,0,0,1,0,0,0,0,0,4.2281,6,0,0
http://confirm-rx3xh.review/j2k3tydc,36,20,9,1,1,0,3,0,0,0,0,3,0,0.08333333333333333,0,0,0,0,0,1,1,0,4.4404,8,1,1
http://apple-signin.7nvkbj.click/recover,40,25,8,2,1,0,3,0,0,0,0,1,0,0.025,1,0,0,0,0,1,3,1,4.3087,7,1,1
https://51.114.164.72/wallet/52td2q,35,13,14,3,0,0,4,0,0,0,0,13,0,0.37142857142857144,2,1,1,0,0,1,1,0,4.0004,6,0,1
http://signin-secure-billing-htd6.work/blog?redirect=qe54pfmicx&token=9ullp5ep3nq6,82,31,5,1,3,0,3,1,2,0,1,7,0,0.08536585365853659,0,0,0,0,0,1,3,0,4.7751,12,1,1
http://whatsapp.com@whatsapp.com-wjipo.click/confirm,52,24,8,2,1,0,3,0,0,1,0,0,0,0.0,1,0,0,0,0,1,2,1,4.1303,12,1,1
https://trello.com/signup,25,10,7,1,0,0,3,0,0,0,0,0,0,0.0,0,0,1,0,0,0,0,0,3.9435,6,0,0
https://www.netflix.com/products/about/home?category=1aj8x2b&id=v917r,69,15,20,2,0,0,5,1,2,0,1,6,0,0.08695652173913043,1,0,1,0,0,0,0,0,4.8549,8,0,0
https://www.canva.com/?ref=2kd1,31,13,1,2,0,0,3,1,1,0,0,2,0,0.06451612903225806,1,0,1,0,0,0,0,0,4.3894,5,0,0
https://www.whatsapp.com,24,16,0,2,0,0,2,0,0,0,0,0,0,0.0,1,0,1,0,0,0,0,0,3.4387,8,0,0
https://un.org,14,6,0,1,0,0,2,0,0,0,0,0,0,0.0,0,0,1,0,0,0,0,0,3.5216,5,0,0
https://whatsapp.com/dashboard/news/account?page=bk2l0d1b,57,12,23,1,0,0,5,1,1,0,0,3,0,0.05263157894736842,0,0,1,0,0,1,1,0,4.4137,9,0,0
https://147.102.208.41/authenticate/gzv6su,42,14,20,3,0,0,4,0,0,0,0,12,0,0.2857142857142857,2,1,1,0,0,1,1,0,4.318,12,0,1
http://alert-billing-suspend-facz.tk/news?redirect=yovvt2is2j&token=c2fo8hbf5jcd,80,29,5,1,3,0,3,1,2,0,1,5,0,0.0625,0,0,0,0,0,1,3,0,4.8069,12,1,1
http://validate-9875t.click/9nbav4vj,36,20,9,1,1,0,3,0,0,0,0,6,0,0.16666666666666666,0,0,0,0,0,1,2,0,4.3292,8,1,1
http://account-unlock-authenticate-x8jr.review/contact?redirect=eb7c5ktsiq&token=uo2xqz21xg77,93,39,8,1,3,0,3,1,2,0,1,8,0,0.08602150537634409,0,0,0,0,0,1,3,0,4.6784,12,1,1
https://104.105.123.10/verify/lj0ua9,36,14,14,3,0,0,4,0,0,0,0,13,0,0.3611111111111111,2,1,1,0,0,1,1,0,4.3156,6,0,1
https://www.epicgames.com/orders/account/blog,45,17,20,2,0,0,5,0,0,0,0,0,0,0.0,1,0,1,0,0,1,1,0,4.189,9,0,0
https://www.booking.com,23,15,0,2,0,0,2,0,0,0,0,0,0,0.0,1,0,1,0,0,0,0,0,3.8492,7,0,0
https://logitech.com/orders/checkout,36,12,16,1,0,0,4,0,0,0,0,0,0,0.0,0,0,1,0,0,0,0,0,3.9058,8,0,0
http://outlook-secure.g4g9o6.link/security,42,26,9,2,1,0,3,0,0,0,0,3,0,0.07142857142857142,1,0,0,0,0,1,2,1,4.2908,8,1,1
https://wellsfargo.com/profile/login/account,44,14,22,1,0,0,5,0,0,0,0,0,0,0.0,0,0,1,0,0,1,2,0,4.1247,10,0,0
https://bbc.com/login/search,28,7,13,1,0,0,4,0,0,0,0,0,0,0.0,0,0,1,0,0,1,1,0,3.9947,6,0,0
https://www.whatsapp.com/news,29,16,5,2,0,0,3,0,0,0,0,0,0,0.0,1,0,1,0,0,0,0,0,3.5949,8,0,0
https://cloudflare.com/settings/checkout,40,14,18,1,0,0,4,0,0,0,0,0,0,0.0,0,0,1,0,0,0,0,0,4.1251,10,0,0
https://www.adobe.com/login,27,13,6,2,0,0,3,0,0,0,0,0,0,0.0,1,0,1,0,0,1,1,0,4.0784,5,0,0
https://coursera.org/products/search/cart?category=exnw,55,12,21,1,0,0,5,1,1,0,0,0,0,0.0,0,0,1,0,0,0,0,0,4.0635,8,0,0
http://urgent-z3q0e.review/rhy3zomg,35,19,9,1,1,0,3,0,0,0,0,3,0,0.08571428571428572,0,0,0,0,0,1,1,0,4.2646,8,1,1
https://harvard.edu/support?lang=rzrkbf,39,11,8,1,0,0,3,1,1,0,0,0,0,0.0,0,0,1,0,0,0,0,0,4.2949,7,0,0
https://salesforce.com/support,30,14,8,1,0,0,3,0,0,0,0,0,0,0.0,0,0,1,0,0,0,0,0,3.8062,10,0,0
http://secure-recover-signin-cmtg.tk/support?redirect=jvf9i60k23&token=z2y3c0eq4aw8,83,29,8,1,3,0,3,1,2,0,1,10,0,0.12048192771084337,0,0,0,0,0,1,3,0,4.8563,12,1,1
https://www.intel.com/about/account,35,13,14,2,0,0,4,0,0,0,0,0,0,0.0,1,0,1,0,0,1,1,0,3.9329,7,0,0
http://facebook.com@facebook.com-c0xfe.loan/suspend,51,23,8,2,1,0,3,0,0,1,0,1,0,0.0196078431372549,1,0,0,0,0,1,1,1,4.2552,12,1,1
http://apple-update.98uzzy.work/secure,38,24,7,2,1,0,3,0,0,0,0,2,0,0.05263157894736842,1,0,0,0,0,1,2,1,4.241,6,1,1
https://www.un.org/?lang=pf0ieo,31,10,1,2,0,0,3,1,1,0,0,1,0,0.03225806451612903,1,0,1,0,0,0,0,0,4.2603,6,0,0
http://rwarqcfk3ekwh1mq46pl5.bankofamerica.nbti1n.top/alert,59,46,6,3,0,0,3,0,0,0,0,6,0,0.1016949152542373,2,0,0,0,0,1,2,1,4.4971,21,1,1
http://is.gd/1kbw6gi,20,5,8,1,0,0,3,0,0,0,0,2,0,0.1,0,0,0,0,1,0,0,0,3.7842,7,0,1
https://cisco.com/support/help?page=oz0&lang=whwkmy,51,9,13,1,0,0,4,1,2,0,1,1,0,0.0196078431372549,0,0,1,0,0,0,0,0,4.4836,7,0,0
https://www.microsoft.com/checkout,34,17,9,2,0,0,3,0,0,0,0,0,0,0.0,1,0,1,0,0,0,0,0,3.8666,9,0,0
https://nasa.gov/docs/docs,26,8,10,1,0,0,4,0,0,0,0,0,0,0.0,0,0,1,0,0,0,0,0,3.5945,5,0,0
http://outlook.com@outlook.com-kvbka.loan/signin,48,22,7,2,1,0,3,0,0,1,0,0,0,0.0,1,0,0,0,0,1,1,1,4.0527,11,1,1
https://irs.gov/search/profile/support?category=pp7r93f&category=8st,68,7,23,1,0,0,5,1,2,0,1,4,0,0.058823529411764705,0,0,1,0,0,0,0,0,4.3556,8,0,0
http://pgzmkbf6x3l8tvf7mwtz568.paypal.d2iboc.link/billing,57,42,8,3,0,0,3,0,0,0,0,8,0,0.14035087719298245,2,0,0,0,0,1,1,1,4.6421,23,1,1
https://google.com/home/contact/support?q=ylqx1u,48,10,21,1,0,0,5,1,1,0,0,1,0,0.020833333333333332,0,0,1,0,0,0,0,0,4.2467,7,0,0
https://www.yahoo.com/cart?utm_source=8wr,41,13,5,2,0,1,3,1,1,0,0,1,0,0.024390243902439025,1,0,1,0,0,0,0,0,4.1316,6,0,0
http://facebook.com@facebook.com-6enmb.cricket/unlock,53,26,7,2,1,0,3,0,0,1,0,1,0,0.018867924528301886,1,0,0,0,0,1,1,1,4.1227,12,1,1
http://update-xunhu.cricket/ie8989gn,36,20,9,1,1,0,3,0,0,0,0,4,0,0.1111111111111111,0,0,0,0,0,1,1,0,4.1626,8,1,1
https://www.uber.com/about/help,31,12,11,2,0,0,4,0,0,0,0,0,0,0.0,1,0,1,0,0,0,0,0,3.9378,5,0,0
https://www.samsung.com/profile/about/login?page=16ye,53,15,20,2,0,0,5,1,1,0,0,2,0,0.03773584905660377,1,0,1,0,0,1,1,0,4.5035,7,0,0
https://www.walmart.com/orders,30,15,7,2,0,0,3,0,0,0,0,0,0,0.0,1,0,1,0,0,0,0,0,3.8314,7,0,0
http://paypal-urgent.9jntss.xyz/security,40,24,9,2,1,0,3,0,0,0,0,1,0,0.025,1,0,0,0,0,1,2,1,4.2562,8,1,1
http://hwryv7wf3xmbau1mz.instagram.7ko0ql.party/validate,56,40,9,3,0,0,3,0,0,0,0,5,0,0.08928571428571429,2,0,0,0,0,1,1,1,4.6977,17,1,1
http://google-password.7yd9mi.click/alert,41,28,6,2,1,0,3,0,0,0,0,2,0,0.04878048780487805,1,0,0,0,0,1,3,1,4.4059,8,1,1
https://www.udemy.com/search/cart/products,42,13,21,2,0,0,5,0,0,0,0,0,0,0.0,1,0,1,0,0,0,0,0,3.9667,8,0,0
https://www.harvard.edu/help/account/cart,41,15,18,2,0,0,5,0,0,0,0,0,0,0.0,1,0,1,0,0,1,1,0,3.9764,7,0,0
http://office365.com@office365.com-bxt6y.gq/password,52,22,9,2,1,0,3,0,0,1,0,7,0,0.1346153846153846,1,0,0,0,0,1,1,1,4.5345,13,1,1
http://suspend-hwe2c.zip/kf2v7mqj,33,17,9,1,1,0,3,0,0,0,0,3,0,0.09090909090909091,0,0,0,0,0,1,1,0,4.4532,8,1,1
https://pinterest.com/dashboard/home/support,44,13,23,1,0,0,5,0,0,0,0,0,0,0.0,0,0,1,0,0,0,0,0,3.9257,9,0,0
https://uber.com/settings/login/api?lang=5g77lk6&category=iv929,63,8,19,1,0,0,5,1,2,0,1,7,0,0.1111111111111111,0,0,1,0,0,1,1,0,4.6541,8,0,0
http://goo.gl/8yfkruy,21,6,8,1,0,0,3,0,0,0,0,1,0,0.047619047619047616,0,0,0,0,1,0,0,0,3.7849,7,0,1
https://www.google.com/products/account,39,14,17,2,0,0,4,0,0,0,0,0,0,0.0,1,0,1,0,0,1,1,0,3.994,8,0,0
http://wellsfargo-login.ddsy1z.click/authenticate,49,29,13,2,1,0,3,0,0,0,0,1,0,0.02040816326530612,1,0,0,0,0,1,3,1,4.4436,12,1,1
http://e09jneftz53c5dwumj.chase.acypz7.gq/login,47,34,6,3,0,0,3,0,0,0,0,6,0,0.1276595744680851,2,0,0,0,0,1,1,1,4.7083,18,1,1
http://netflix.com@netflix.com-f578o.cricket/login,50,25,6,2,1,0,3,0,0,1,0,3,0,0.06,1,0,0,0,0,1,1,1,4.2811,11,1,1
https://www.expedia.com/orders?id=68rervt9,42,15,7,2,0,0,3,1,1,0,0,3,0,0.07142857142857142,1,0,1,0,0,0,0,0,4.3204,8,0,0
https://www.yahoo.com/news?ref=owx1h4r,38,13,5,2,0,0,3,1,1,0,0,2,0,0.05263157894736842,1,0,1,0,0,0,0,0,4.2185,7,0,0
http://alert-confirm-billing-dlqh.cricket/news?redirect=hwcbzujboo&token=0f00ms8mxnmg,85,34,5,1,3,0,3,1,2,0,1,4,0,0.047058823529411764,0,0,0,0,0,1,3,0,4.7714,12,1,1
https://www.nasa.gov/news,25,12,5,2,0,0,3,0,0,0,0,0,0,0.0,1,0,1,0,0,0,0,0,3.6235,5,0,0
https://bbc.com,15,7,0,1,0,0,2,0,0,0,0,0,0,0.0,0,0,1,0,0,0,0,0,3.3736,5,0,0
https://www.walmart.com/support,31,15,8,2,0,0,3,0,0,0,0,0,0,0.0,1,0,1,0,0,0,0,0,3.7442,7,0,0
http://account-dnodk.top/lld0n53r,33,17,9,1,1,0,3,0,0,0,0,3,0,0.09090909090909091,0,0,0,0,0,1,1,0,4.0438,8,1,1
http://linkedin.com@linkedin.com-8una9.review/recover,53,25,8,2,1,0,3,0,0,1,0,2,0,0.03773584905660377,1,0,0,0,0,1,1,1,4.3222,12,1,1
http://bankofamerica.com@bankofamerica.com-3oxes.work/validate,62,28,9,2,1,0,3,0,0,1,0,1,0,0.016129032258064516,1,0,0,0,0,1,2,1,4.3729,17,1,1
https://www.canva.com/signup,28,13,7,2,0,0,3,0,0,0,0,0,0,0.0,1,0,1,0,0,0,0,0,3.9677,6,0,0
https://www.paypal.com/contact/signup,37,14,15,2,0,0,4,0,0,0,0,0,0,0.0,1,0,1,0,0,0,0,0,3.9591,7,0,0
http://t.co/m6s0ziu,19,4,8,1,0,0,3,0,0,0,0,2,0,0.10526315789473684,0,0,0,0,1,0,0,0,3.7474,7,0,1
https://bankofamerica.com/help/login,36,17,11,1,0,0,4,0,0,0,0,0,0,0.0,0,0,1,0,0,1,2,0,4.1835,13,0,0
http://k52bi86mtzhsp3v.amazon.5vs0jz.review/urgent,50,36,7,3,0,0,3,0,0,0,0,7,0,0.14,2,0,0,0,0,1,1,1,4.6484,15,1,1
https://yahoo.com/help,22,9,5,1,0,0,3,0,0,0,0,0,0,0.0,0,0,1,0,0,0,0,0,3.6292,5,0,0
https://www.nvidia.com/login?lang=00e9k&utm_source=mwa6tj,57,14,6,2,0,1,3,1,2,0,1,4,0,0.07017543859649122,1,0,1,0,0,1,1,0,4.7359,6,0,0
http://login-billing-secure-l2lj.kim/login?redirect=ficgxloarr&token=xc9midux8fmw,81,29,6,1,3,0,3,1,2,0,1,3,0,0.037037037037037035,0,0,0,0,0,1,3,0,4.6622,12,1,1
http://unlock-security-verify-1muy.click/settings?redirect=axmvw0nhjl&token=a9a1n3irw50l,88,33,9,1,3,0,3,1,2,0,1,7,0,0.07954545454545454,0,0,0,0,0,1,4,0,4.8369,12,1,1
https://www.zoom.us/signup/services/search,42,11,23,2,0,0,5,0,0,0,0,0,0,0.0,1,0,1,0,0,0,0,0,4.0916,8,0,0
http://icloud-wallet.nyb9xs.cf/alert,36,23,6,2,1,0,3,0,0,0,0,1,0,0.027777777777777776,1,0,0,0,0,1,2,1,4.3712,6,1,1
https://stackoverflow.com/home/checkout?category=ahths&category=0fzaux,70,17,14,1,0,0,4,1,2,0,1,1,0,0.014285714285714285,0,0,1,0,0,0,0,0,4.3985,13,0,0
https://www.cloudflare.com/?ref=20j1oulw,40,18,1,2,0,0,3,1,1,0,0,3,0,0.075,1,0,1,0,0,0,0,0,4.4153,10,0,0
https://www.sap.com/?id=ljh75lxo,32,11,1,2,0,0,3,1,1,0,0,2,0,0.0625,1,0,1,0,0,0,0,0,4.2653,8,0,0
https://www.hsbc.com/support/news/about?category=cl6p3fr&lang=lr,64,12,19,2,0,0,5,1,2,0,1,2,0,0.03125,1,0,1,0,0,0,0,0,4.4886,8,0,0
http://v10jh6zaz505t0rflkyn0bu8h.bankofamerica.rav858.link/validate,67,51,9,3,0,0,3,0,0,0,0,12,0,0.1791044776119403,2,0,0,0,0,1,2,1,4.6339,25,1,1
https://chase.com/docs/news/help,32,9,15,1,0,0,5,0,0,0,0,0,0,0.0,0,0,1,0,0,0,0,0,3.7539,5,0,0
https://241.197.194.196/billing/h3dr99,38,15,15,3,0,0,4,0,0,0,0,15,0,0.39473684210526316,2,1,1,0,0,1,1,0,4.1331,7,0,1
https://www.yahoo.com,21,13,0,2,0,0,2,0,0,0,0,0,0,0.0,1,0,1,0,0,0,0,0,3.5585,5,0,0
https://203.238.112.75/verify/x7mr9v,36,14,14,3,0,0,4,0,0,0,0,13,0,0.3611111111111111,2,1,1,0,0,1,1,0,4.3502,6,0,1
http://67.161.188.67/signin/tr5igz,34,13,14,3,0,0,4,0,0,0,0,11,0,0.3235294117647059,2,1,0,0,0,1,1,0,3.9176,6,0,1
http://linkedin.com@linkedin.com-tn0ab.tk/billing,49,21,8,2,1,0,3,0,0,1,0,1,0,0.02040816326530612,1,0,0,0,0,1,1,1,4.1191,12,1,1
https://ibm.com/signup/login,28,7,13,1,0,0,4,0,0,0,0,0,0,0.0,0,0,1,0,0,1,1,0,3.8518,6,0,0
https://www.vmware.com/dashboard,32,14,10,2,0,0,3,0,0,0,0,0,0,0.0,1,0,1,0,0,0,0,0,3.9528,9,0,0
https://mit.edu/help/services/checkout?utm_source=cpp9gkdl&category=zfpq06,74,7,23,1,0,1,5,1,2,0,1,3,0,0.04054054054054054,0,0,1,0,0,0,0,0,4.6128,8,0,0
https://vmware.com/support/account/services,43,10,25,1,0,0,5,0,0,0,0,0,0,0.0,0,0,1,0,0,1,1,0,3.9698,8,0,0
https://30.103.199.184/password/ujv1ci,38,14,16,3,0,0,4,0,0,0,0,12,0,0.3157894736842105,2,1,1,0,0,1,1,0,4.3135,8,0,1
https://www.chase.com/contact/news,34,13,13,2,0,0,4,0,0,0,0,0,0,0.0,1,0,1,0,0,0,0,0,3.6535,7,0,0
http://8ayix6xhggo6zhdqaibhyhhx.wellsfargo.2x5dao.cf/validate,61,45,9,3,0,0,3,0,0,0,0,5,0,0.08196721311475409,2,0,0,0,0,1,1,1,4.5363,24,1,1
https://quora.com/dashboard/contact?sort=jpx1,45,9,18,1,0,0,4,1,1,0,0,1,0,0.022222222222222223,0,0,1,0,0,0,0,0,4.17,9,0,0
http://linkedin.com@linkedin.com-4xaic.kim/update,49,22,7,2,1,0,3,0,0,1,0,1,0,0.02040816326530612,1,0,0,0,0,1,1,1,4.1953,12,1,1
http://recover-security-wallet-1onr.work/contact?redirect=n5roues0mx&token=vl57cnkwstvs,87,33,8,1,3,0,3,1,2,0,1,5,0,0.05747126436781609,0,0,0,0,0,1,3,0,4.5385,12,1,1
https://harvard.edu,19,11,0,1,0,0,2,0,0,0,0,0,0,0.0,0,0,1,0,0,0,0,0,3.6163,7,0,0
https://chase.com,17,9,0,1,0,0,2,0,0,0,0,0,0,0.0,0,0,1,0,0,0,0,0,3.4992,5,0,0
https://who.int/help/search,27,7,12,1,0,0,4,0,0,0,0,0,0,0.0,0,0,1,0,0,0,0,0,3.764,6,0,0
https://www.whatsapp.com/login/help/home?category=6zp1,54,16,16,2,0,0,5,1,1,0,0,2,0,0.037037037037037035,1,0,1,0,0,1,1,0,4.334,8,0,0
http://recover-billing-wallet-nymm.gq/dashboard?redirect=s2fnukm7y1&token=uvjytmp4nvv7,86,30,10,1,3,0,3,1,2,0,1,5,0,0.05813953488372093,0,0,0,0,0,1,3,0,4.8969,12,1,1
http://tinyurl.com/xswy0sz,26,11,8,1,0,0,3,0,0,0,0,1,0,0.038461538461538464,0,0,0,0,1,0,0,0,4.1808,7,0,1
http://9157khz22keuviv48ju.bankofamerica.kujoa1.party/validate,62,46,9,3,0,0,3,0,0,0,0,9,0,0.14516129032258066,2,0,0,0,0,1,2,1,4.6932,19,1,1
http://35g212klyyvunsvqr5u83yg.linkedin.mexf9l.work/update,58,44,7,3,0,0,3,0,0,0,0,9,0,0.15517241379310345,2,0,0,0,0,1,1,1,4.8098,23,1,1
https://cisco.com/home/settings?page=cyb,40,9,14,1,0,0,4,1,1,0,0,0,0,0.0,0,0,1,0,0,0,0,0,4.0342,8,0,0
https://www.yahoo.com/blog/account/blog,39,13,18,2,0,0,5,0,0,0,0,0,0,0.0,1,0,1,0,0,1,1,0,3.9166,7,0,0
http://chase-suspend.yfdmow.work/password,41,25,9,2,1,0,3,0,0,0,0,0,0,0.0,1,0,0,0,0,1,2,1,4.2018,8,1,1
https://chase.com/services,26,9,9,1,0,0,3,0,0,0,0,0,0,0.0,0,0,1,0,0,0,0,0,3.6903,8,0,0
http://whatsapp.com@whatsapp.com-bdpv4.click/login,50,24,6,2,1,0,3,0,0,1,0,1,0,0.02,1,0,0,0,0,1,2,1,4.2733,12,1,1
http://erp0iv1topi9xdulvnaa.google.xu3k8j.xyz/billing,53,38,8,3,0,0,3,0,0,0,0,5,0,0.09433962264150944,2,0,0,0,0,1,1,1,4.6094,20,1,1
http://confirm-u9ivw.zip/vaum2kn2,33,17,9,1,1,0,3,0,0,0,0,3,0,0.09090909090909091,0,0,0,0,0,1,1,0,4.332,8,1,1
https://spotify.com,19,11,0,1,0,0,2,0,0,0,0,0,0,0.0,0,0,1,0,0,0,0,0,3.5766,7,0,0
https://python.org/home?ref=cu3&page=00zko,42,10,5,1,0,0,3,1,2,0,1,3,0,0.07142857142857142,0,0,1,0,0,0,0,0,4.4453,6,0,0
https://google.com/search/profile,33,10,15,1,0,0,4,0,0,0,0,0,0,0.0,0,0,1,0,0,0,0,0,3.9306,7,0,0
http://password-wpd1o.link/6a2c9ypc,35,19,9,1,1,0,3,0,0,0,0,4,0,0.11428571428571428,0,0,0,0,0,1,1,0,4.3649,8,1,1
https://www.apple.com/signup,28,13,7,2,0,0,3,0,0,0,0,0,0,0.0,1,0,1,0,0,0,0,0,3.9677,6,0,0
http://2k5tsg5gqvaugs664fn80m9.instagram.eweupa.ml/billing,58,43,8,3,0,0,3,0,0,0,0,9,0,0.15517241379310345,2,0,0,0,0,1,1,1,4.6357,23,1,1
https://bestbuy.com/account/cart/news?category=d9q46,52,11,18,1,0,0,5,1,1,0,0,3,0,0.057692307692307696,0,0,1,0,0,1,1,0,4.3976,8,0,0
http://linkedin.com@linkedin.com-jlei6.review/confirm,53,25,8,2,1,0,3,0,0,1,0,1,0,0.018867924528301886,1,0,0,0,0,1,1,1,4.2298,12,1,1
http://signin-rq2v7.party/u62oedr9,34,18,9,1,1,0,3,0,0,0,0,5,0,0.14705882352941177,0,0,0,0,0,1,1,0,4.4326,8,1,1
https://lyft.com/docs,21,8,5,1,0,0,3,0,0,0,0,0,0,0.0,0,0,1,0,0,0,0,0,3.6538,5,0,0
https://www.quora.com/contact/search,36,13,15,2,0,0,4,0,0,0,0,0,0,0.0,1,0,1,0,0,0,0,0,3.8848,7,0,0
https://intel.com/account/about,31,9,14,1,0,0,4,0,0,0,0,0,0,0.0,0,0,1,0,0,1,1,0,3.8213,7,0,0
https://cloudflare.com/blog/support/orders,42,14,20,1,0,0,5,0,0,0,0,0,0,0.0,0,0,1,0,0,0,0,0,4.0057,10,0,0
http://linkedin-security-v2wv.cricket/home,42,30,5,1,2,0,3,0,0,0,0,1,0,0.023809523809523808,0,0,0,0,0,1,1,1,4.3088,8,1,1
https://www.pinterest.com/signup/account?utm_source=centoc,58,17,15,2,0,1,4,1,1,0,0,0,0,0.0,1,0,1,0,0,1,1,0,4.1223,9,0,0
http://230.184.177.142/wallet/artgbj,36,15,14,3,0,0,4,0,0,0,0,12,0,0.3333333333333333,2,1,0,0,0,1,1,0,4.1835,6,0,1
https://microsoft.com/support,29,13,8,1,0,0,3,0,0,0,0,0,0,0.0,0,0,1,0,0,0,0,0,3.6075,9,0,0
https://www.twitch.tv,21,13,0,2,0,0,2,0,0,0,0,0,0,0.0,1,0,1,0,0,0,0,0,3.1728,6,0,0
https://zoom.us/home/api/signup,31,7,16,1,0,0,5,0,0,0,0,0,0,0.0,0,0,1,0,0,0,0,0,3.797,6,0,0
http://instagram-wallet.lsu8mi.ml/suspend,41,26,8,2,1,0,3,0,0,0,0,1,0,0.024390243902439025,1,0,0,0,0,1,2,1,4.1316,9,1,1
https://www.linkedin.com/checkout/products,42,16,18,2,0,0,4,0,0,0,0,0,0,0.0,1,0,1,0,0,0,0,0,4.1183,8,0,0
https://whatsapp.com/?category=pfo5mn3,38,12,1,1,0,0,3,1,1,0,0,2,0,0.05263157894736842,0,0,1,0,0,0,0,0,4.241,8,0,0
https://www.forbes.com,22,14,0,2,0,0,2,0,0,0,0,0,0,0.0,1,0,1,0,0,0,0,0,3.7888,6,0,0
https://www.asus.com/help/dashboard/cart,40,12,20,2,0,0,5,0,0,0,0,0,0,0.0,1,0,1,0,0,0,0,0,3.9751,9,0,0
http://authenticate-gwhao.click/cyrveow0,40,24,9,1,1,0,3,0,0,0,0,1,0,0.025,0,0,0,0,0,1,2,0,4.2062,12,1,1
https://www.pinterest.com/profile/dashboard,43,17,18,2,0,0,4,0,0,0,0,0,0,0.0,1,0,1,0,0,0,0,0,4.1581,9,0,0
https://www.chase.com/signup/blog/contact,41,13,20,2,0,0,5,0,0,0,0,0,0,0.0,1,0,1,0,0,0,0,0,4.0435,7,0,0
https://paypal.com/?category=b7f6fdh&utm_source=kdot,52,10,1,1,0,1,3,1,2,0,1,2,0,0.038461538461538464,0,0,1,0,0,0,0,0,4.573,8,0,0
https://citibank.com/login/account/home?q=6ssg&lang=z2k1k,57,12,19,1,0,0,5,1,2,0,1,3,0,0.05263157894736842,0,0,1,0,0,1,3,0,4.5104,8,0,0
http://iy3xgwk1gpcxwaymh0it4.bankofamerica.bu4i4c.review/update,63,49,7,3,0,0,3,0,0,0,0,6,0,0.09523809523809523,2,0,0,0,0,1,2,1,4.6162,21,1,1
https://www.instagram.com/profile,33,17,8,2,0,0,3,0,0,0,0,0,0,0.0,1,0,1,0,0,0,0,0,4.1273,9,0,0
https://samsung.com/profile/blog/cart?ref=pg8sbi4q,50,11,18,1,0,0,5,1,1,0,0,2,0,0.04,0,0,1,0,0,0,0,0,4.4562,8,0,0
https://chase.com/home/orders/signup?id=sciqu,45,9,19,1,0,0,5,1,1,0,0,0,0,0.0,0,0,1,0,0,0,0,0,4.1809,6,0,0
http://uvwl47l6ojks1i7w10pe8e.bankofamerica.l8hpaz.xyz/urgent,61,47,7,3,0,0,3,0,0,0,0,9,0,0.14754098360655737,2,0,0,0,0,1,2,1,4.8853,22,1,1
https://www.logitech.com/signup,31,16,7,2,0,0,3,0,0,0,0,0,0,0.0,1,0,1,0,0,0,0,0,3.9779,8,0,0
http://bankofamerica-confirm-ywt3.ml/api,40,29,4,1,2,0,3,0,0,0,0,1,0,0.025,0,0,0,0,0,1,2,1,4.2964,13,1,1
http://billing-e0qqx.work/srp7b4hj,34,18,9,1,1,0,3,0,0,0,0,3,0,0.08823529411764706,0,0,0,0,0,1,1,0,4.477,8,1,1
http://office365-wallet-oi92.click/help,39,27,5,1,2,0,3,0,0,0,0,5,0,0.1282051282051282,0,0,0,0,0,1,2,1,4.2143,9,1,1
http://unlock-cepgj.link/ma2h5csr,33,17,9,1,1,0,3,0,0,0,0,2,0,0.06060606060606061,0,0,0,0,0,1,1,0,4.3926,8,1,1
http://jcj5doh59g5hg5ughn.netflix.bjn2e6.review/billing,55,40,8,3,0,0,3,0,0,0,0,7,0,0.12727272727272726,2,0,0,0,0,1,1,1,4.44,18,1,1
https://w3.org/home?q=gpjnvwr,29,6,5,1,0,0,3,1,1,0,0,1,0,0.034482758620689655,0,0,1,0,0,0,0,0,4.2113,7,0,0
http://is.gd/7p29euq,20,5,8,1,0,0,3,0,0,0,0,3,0,0.15,0,0,0,0,1,0,0,0,3.8842,7,0,1
https://nvidia.com/support/help/settings,40,10,22,1,0,0,5,0,0,0,0,0,0,0.0,0,0,1,0,0,0,0,0,4.0226,8,0,0
https://ebay.com/products/about,31,8,15,1,0,0,4,0,0,0,0,0,0,0.0,0,0,1,0,0,0,0,0,3.8976,8,0,0
https://www.youtube.com/help/profile?page=hs,44,15,13,2,0,0,4,1,1,0,0,0,0,0.0,1,0,1,0,0,0,0,0,4.2999,7,0,0
http://9eoizu7n9en0kertqhnol.linkedin.3obopa.xyz/login,54,41,6,3,0,0,3,0,0,0,0,5,0,0.09259259259259259,2,0,0,0,0,1,1,1,4.419,21,1,1
https://sap.com/products/search,31,7,16,1,0,0,4,0,0,0,0,0,0,0.0,0,0,1,0,0,0,0,0,3.7199,8,0,0
https://hsbc.com/api?q=26lh,27,8,4,1,0,0,3,1,1,0,0,2,0,0.07407407407407407,0,0,1,0,0,0,0,0,4.1064,5,0,0
https://www.steam.com/orders/home/cart,38,13,17,2,0,0,5,0,0,0,0,0,0,0.0,1,0,1,0,0,0,0,0,3.7706,6,0,0
https://intel.com/services/docs/services,40,9,23,1,0,0,5,0,0,0,0,0,0,0.0,0,0,1,0,0,0,0,0,3.766,8,0,0
https://www.salesforce.com,26,18,0,2,0,0,2,0,0,0,0,0,0,0.0,1,0,1,0,0,0,0,0,3.8731,10,0,0
http://authenticate-alert-wallet-7tca.link/search?redirect=brrd44ndvd&token=xdf6yv2vp6f0,88,35,7,1,3,0,3,1,2,0,1,7,0,0.07954545454545454,0,0,0,0,0,1,3,0,4.6455,12,1,1
https://www.chase.com/search/signup/support,43,13,22,2,0,0,5,0,0,0,0,0,0,0.0,1,0,1,0,0,0,0,0,3.9789,7,0,0
https://www.twitter.com/?sort=4qdbxv&utm_source=atq,51,15,1,2,0,1,3,1,2,0,1,1,0,0.0196078431372549,1,0,1,0,0,0,0,0,4.3975,7,0,0
https://www.telegram.org/cart/api/api,37,16,13,2,0,0,5,0,0,0,0,0,0,0.0,1,0,1,0,0,0,0,0,3.8615,8,0,0
http://amazon.com@amazon.com-loqvb.loan/validate,48,21,9,2,1,0,3,0,0,1,0,0,0,0.0,1,0,0,0,0,1,1,1,4.0655,10,1,1
https://www.un.org/signup,25,10,7,2,0,0,3,0,0,0,0,0,0,0.0,1,0,1,0,0,0,0,0,3.7035,6,0,0
https://telegram.org/login/support/contact,42,12,22,1,0,0,5,0,0,0,0,0,0,0.0,0,0,1,0,0,1,1,0,3.9308,8,0,0
http://instagram-billing-lz6i.work/login,40,27,6,1,2,0,3,0,0,0,0,1,0,0.025,0,0,0,0,0,1,2,1,4.1562,9,1,1
https://www.instagram.com,25,17,0,2,0,0,2,0,0,0,0,0,0,0.0,1,0,1,0,0,0,0,0,3.8635,9,0,0
https://www.bankofamerica.com/products?utm_source=211u,54,21,9,2,0,1,3,1,1,0,0,3,0,0.05555555555555555,1,0,1,0,0,1,1,0,4.4858,13,0,0
http://is.gd/1ctae3h,20,5,8,1,0,0,3,0,0,0,0,2,0,0.1,0,0,0,0,1,0,0,0,3.7464,7,0,1
https://www.asus.com/help,25,12,5,2,0,0,3,0,0,0,0,0,0,0.0,1,0,1,0,0,0,0,0,3.7533,5,0,0
https://www.bankofamerica.com/dashboard/contact/orders?q=tj546,62,21,25,2,0,0,5,1,1,0,0,3,0,0.04838709677419355,1,0,1,0,0,1,1,0,4.4606,13,0,0
http://uo5q5lf7gdxfae7.whatsapp.wn08ep.party/secure,51,37,7,3,0,0,3,0,0,0,0,6,0,0.11764705882352941,2,0,0,0,0,1,1,1,4.474,15,1,1
https://slack.com,17,9,0,1,0,0,2,0,0,0,0,0,0,0.0,0,0,1,0,0,0,0,0,3.6169,5,0,0
https://epicgames.com,21,13,0,1,0,0,2,0,0,0,0,0,0,0.0,0,0,1,0,0,0,0,0,3.7257,9,0,0
https://salesforce.com/home/contact,35,14,13,1,0,0,4,0,0,0,0,0,0,0.0,0,0,1,0,0,0,0,0,3.7719,10,0,0
http://authenticate-urgent-suspend-895t.review/signup?redirect=ul0hhgwq5p&token=43fw2enh6be8,92,39,7,1,3,0,3,1,2,0,1,10,0,0.10869565217391304,0,0,0,0,0,1,3,0,4.7291,12,1,1
https://www.doordash.com/?ref=uid&id=5wfw,41,16,1,2,0,0,3,1,2,0,1,1,0,0.024390243902439025,1,0,1,0,0,0,0,0,4.2571,8,0,0
https://amd.com/?lang=rwtf,26,7,1,1,0,0,3,1,1,0,0,0,0,0.0,0,0,1,0,0,0,0,0,4.1808,5,0,0
http://netflix-update-yafv.tk/login,35,22,6,1,2,0,3,0,0,0,0,0,0,0.0,0,0,0,0,0,1,2,1,4.2046,7,1,1
https://microsoft.com/blog/account,34,13,13,1,0,0,4,0,0,0,0,0,0,0.0,0,0,1,0,0,1,1,0,3.9225,9,0,0
https://www.who.int/api/services/docs,37,11,18,2,0,0,5,0,0,0,0,0,0,0.0,1,0,1,0,0,0,0,0,3.8819,8,0,0
https://kubernetes.io/checkout/help/api,39,13,18,1,0,0,5,0,0,0,0,0,0,0.0,0,0,1,0,0,0,0,0,3.9334,10,0,0
https://npmjs.com/home/help,27,9,10,1,0,0,4,0,0,0,0,0,0,0.0,0,0,1,0,0,0,0,0,3.634,5,0,0
https://www.salesforce.com/api/api?q=1p0bq,42,18,8,2,0,0,4,1,1,0,0,2,0,0.047619047619047616,1,0,1,0,0,0,0,0,4.3384,10,0,0
http://chase-validate-0i7m.link/cart,36,24,5,1,2,0,3,0,0,0,0,2,0,0.05555555555555555,0,0,0,0,0,1,1,1,4.1835,8,1,1
https://whatsapp.com/about?q=gues,33,12,6,1,0,0,3,1,1,0,0,0,0,0.0,0,0,1,0,0,0,0,0,4.0438,8,0,0
http://mnstouifjilxn32nbzwbho4uw.whatsapp.2aww77.gq/login,57,44,6,3,0,0,3,0,0,0,0,6,0,0.10526315789473684,2,0,0,0,0,1,1,1,4.519,25,1,1
https://digitalocean.com/cart/docs/signup,41,16,17,1,0,0,5,0,0,0,0,0,0,0.0,0,0,1,0,0,0,0,0,4.0251,12,0,0
http://alert-authenticate-security-asvi.cricket/blog?redirect=5o2uxxk509&token=y5ba0l2nzvto,91,40,5,1,3,0,3,1,2,0,1,8,0,0.08791208791208792,0,0,0,0,0,1,3,0,4.6641,12,1,1
http://recover-bs8vm.review/zwi7plc1,36,20,9,1,1,0,3,0,0,0,0,3,0,0.08333333333333333,0,0,0,0,0,1,1,0,4.2737,8,1,1
http://outlook.com@outlook.com-rt7aw.click/unlock,49,23,7,2,1,0,3,0,0,1,0,1,0,0.02040816326530612,1,0,0,0,0,1,2,1,3.9002,11,1,1
http://goo.gl/yxj2j4b,21,6,8,1,0,0,3,0,0,0,0,2,0,0.09523809523809523,0,0,0,0,1,0,0,0,3.7849,7,0,1
https://www.coursera.org/about?page=0zpbd,41,16,6,2,0,0,3,1,1,0,0,1,0,0.024390243902439025,1,0,1,0,0,0,0,0,4.2531,8,0,0
https://www.wellsfargo.com/blog?page=d32lx2,43,18,5,2,0,0,3,1,1,0,0,3,0,0.06976744186046512,1,0,1,0,0,0,0,0,4.3969,10,0,0
https://apple.com/products/search/news?category=lov,51,9,21,1,0,0,5,1,1,0,0,0,0,0.0,0,0,1,0,0,0,0,0,4.2387,8,0,0
https://dropbox.com/search/support/search,41,11,22,1,0,0,5,0,0,0,0,0,0,0.0,0,0,1,0,0,0,0,0,3.8484,7,0,0
http://office365-suspend-tesu.cricket/help,42,30,5,1,2,0,3,0,0,0,0,3,0,0.07142857142857142,0,0,0,0,0,1,1,1,4.2345,9,1,1
https://samsung.com/checkout/home/settings?lang=ko&category=mym8,64,11,23,1,0,0,5,1,2,0,1,1,0,0.015625,0,0,1,0,0,0,0,0,4.3092,8,0,0
https://www.figma.com/support/login,35,13,14,2,0,0,4,0,0,0,0,0,0,0.0,1,0,1,0,0,1,1,0,4.0716,7,0,0
https://www.wordpress.com/?lang=if&q=a6gh7i,43,17,1,2,0,0,3,1,2,0,1,2,0,0.046511627906976744,1,0,1,0,0,0,0,0,4.5539,9,0,0
https://sap.com/?page=tdrluxm,29,7,1,1,0,0,3,1,1,0,0,0,0,0.0,0,0,1,0,0,0,0,0,4.1592,7,0,0
https://www.npmjs.com/news/services/news?ref=f4hra13,52,13,19,2,0,0,5,1,1,0,0,3,0,0.057692307692307696,1,0,1,0,0,0,0,0,4.2803,8,0,0
http://wallet-recover-verify-5y4l.xyz/search?redirect=xashvfhzla&token=6ovm8l10i187,83,30,7,1,3,0,3,1,2,0,1,9,0,0.10843373493975904,0,0,0,0,0,1,3,0,4.8177,12,1,1
http://200.192.27.227/recover/5f9mz9,36,14,15,3,0,0,4,0,0,0,0,14,0,0.3888888888888889,2,1,0,0,0,1,1,0,4.0833,7,0,1
https://uber.com,16,8,0,1,0,0,2,0,0,0,0,0,0,0.0,0,0,1,0,0,0,0,0,3.75,5,0,0
https://25.251.228.69/signin/yj3ct5,35,13,14,3,0,0,4,0,0,0,0,12,0,0.34285714285714286,2,1,1,0,0,1,1,0,4.0931,6,0,1
https://www.sciencedirect.com/docs?page=i88tb38w,48,21,5,2,0,0,3,1,1,0,0,4,0,0.08333333333333333,1,0,1,0,0,0,0,0,4.2802,13,0,0
http://cutt.ly/n3dn1gz,22,7,8,1,0,0,3,0,0,0,0,2,0,0.09090909090909091,0,0,0,0,1,0,0,0,3.7888,7,0,1
http://is.gd/x6aftav,20,5,8,1,0,0,3,0,0,0,0,1,0,0.05,0,0,0,0,1,0,0,0,3.7464,7,0,1
https://atlassian.com/account,29,13,8,1,0,0,3,0,0,0,0,0,0,0.0,0,0,1,0,0,1,1,0,3.6764,9,0,0
http://cutt.ly/ujqm2ub,22,7,8,1,0,0,3,0,0,0,0,1,0,0.045454545454545456,0,0,0,0,1,0,0,0,3.6635,7,0,1
https://www.forbes.com/contact/search/dashboard?utm_source=rd4hqfgh&q=p44q,74,14,25,2,0,1,5,1,2,0,1,3,0,0.04054054054054054,1,0,1,0,0,0,0,0,4.4927,9,0,0
https://www.chase.com/home/login/signup?sort=vsfa6d9e,53,13,18,2,0,0,5,1,1,0,0,2,0,0.03773584905660377,1,0,1,0,0,1,1,0,4.4781,8,0,0
http://97.18.187.13/recover/lqi1n6,34,12,15,3,0,0,4,0,0,0,0,11,0,0.3235294117647059,2,1,0,0,0,1,1,0,4.1829,7,0,1
https://youtube.com/orders,26,11,7,1,0,0,3,0,0,0,0,0,0,0.0,0,0,1,0,0,0,0,0,3.8441,7,0,0
https://www.vmware.com/services/dashboard?ref=d4v30,51,14,19,2,0,0,4,1,1,0,0,3,0,0.058823529411764705,1,0,1,0,0,0,0,0,4.3731,9,0,0
https://dell.com/?utm_source=ba117,34,8,1,1,0,1,3,1,1,0,0,3,0,0.08823529411764706,0,0,1,0,0,0,0,0,4.3372,6,0,0
http://recover-vzslt.zip/fytk5lbc,33,17,9,1,1,0,3,0,0,0,0,1,0,0.030303030303030304,0,0,0,0,0,1,1,0,4.2336,8,1,1
https://paypal.com/services?sort=uwz&q=xf,41,10,9,1,0,0,3,1,2,0,1,0,0,0.0,0,0,1,0,0,0,0,0,4.5218,8,0,0
http://authenticate-alert-signin-fent.top/cart?redirect=6ulh3x0g6s&token=qjy6reg857yy,85,34,5,1,3,0,3,1,2,0,1,8,0,0.09411764705882353,0,0,0,0,0,1,3,0,4.6852,12,1,1
https://www.bbc.com/blog/products,33,11,14,2,0,0,4,0,0,0,0,0,0,0.0,1,0,1,0,0,0,0,0,3.8997,8,0,0
http://whatsapp.com@whatsapp.com-b2pn4.loan/wallet,50,23,7,2,1,0,3,0,0,1,0,2,0,0.04,1,0,0,0,0,1,1,1,4.0607,12,1,1
https://92.47.2.144/validate/huhxun,35,11,16,3,0,0,4,0,0,0,0,8,0,0.22857142857142856,2,1,1,0,0,1,1,0,4.1859,8,0,1
https://yahoo.com/help/support/search,37,9,20,1,0,0,5,0,0,0,0,0,0,0.0,0,0,1,0,0,0,0,0,3.7738,7,0,0
http://yf6nxxx5f6z61dhihpsmt.instagram.k7p6xs.loan/recover,58,43,8,3,0,0,3,0,0,0,0,7,0,0.1206896551724138,2,0,0,0,0,1,1,1,4.6159,21,1,1
https://www.oracle.com/support/search/about,43,14,21,2,0,0,5,0,0,0,0,0,0,0.0,1,0,1,0,0,0,0,0,3.9347,7,0,0
https://www.kubernetes.io/signup/orders,39,17,14,2,0,0,4,0,0,0,0,0,0,0.0,1,0,1,0,0,0,0,0,3.9966,10,0,0
https://whatsapp.com,20,12,0,1,0,0,2,0,0,0,0,0,0,0.0,0,0,1,0,0,0,0,0,3.4464,8,0,0
http://whatsapp-recover-ov31.work/contact,41,26,8,1,2,0,3,0,0,0,0,2,0,0.04878048780487805,0,0,0,0,0,1,1,1,4.0555,8,1,1
http://whatsapp-confirm-5n8l.zip/login,38,25,6,1,2,0,3,0,0,0,0,2,0,0.05263157894736842,0,0,0,0,0,1,2,1,4.2737,8,1,1
https://epicgames.com/settings?category=mgpp1n,46,13,9,1,0,0,3,1,1,0,0,1,0,0.021739130434782608,0,0,1,0,0,0,0,0,4.0915,9,0,0
https://intel.com/home,22,9,5,1,0,0,3,0,0,0,0,0,0,0.0,0,0,1,0,0,0,0,0,3.6635,5,0,0
https://133.25.208.187/alert/qfbz9z,35,14,13,3,0,0,4,0,0,0,0,12,0,0.34285714285714286,2,1,1,0,0,1,1,0,4.3433,6,0,1
http://linkedin-security.ydafv8.top/wallet,42,28,7,2,1,0,3,0,0,0,0,1,0,0.023809523809523808,1,0,0,0,0,1,2,1,4.3773,8,1,1
http://b2aubnbwgskwd3x2kb6jy5.chase.r1sppn.zip/secure,53,39,7,3,0,0,3,0,0,0,0,6,0,0.11320754716981132,2,0,0,0,0,1,1,1,4.6286,22,1,1
https://bankofamerica.com/api/dashboard?lang=xsy4vy3,52,17,14,1,0,0,4,1,1,0,0,2,0,0.038461538461538464,0,0,1,0,0,1,1,0,4.5627,13,0,0
http://secure-alert-billing-ribe.click/help?redirect=2vc8bzbo3f&token=asemuhjqmqu4,82,31,5,1,3,0,3,1,2,0,1,4,0,0.04878048780487805,0,0,0,0,0,1,4,0,4.7527,12,1,1
http://2.230.18.75/billing/b9z7fw,33,11,15,3,0,0,4,0,0,0,0,10,0,0.30303030303030304,2,1,0,0,0,1,1,0,4.2942,7,0,1
http://unlock-password-billing-n8dd.ml/docs?redirect=ar0wh0rfiu&token=prog710eq8o9,82,31,5,1,3,0,3,1,2,0,1,8,0,0.0975609756097561,0,0,0,0,0,1,3,0,4.8068,12,1,1
https://www.reddit.com/about,28,14,6,2,0,0,3,0,0,0,0,0,0,0.0,1,0,1,0,0,0,0,0,3.9677,6,0,0
https://www.spotify.com/about/blog,34,15,11,2,0,0,4,0,0,0,0,0,0,0.0,1,0,1,0,0,0,0,0,4.0064,7,0,0
https://201.72.188.152/update/0x96kn,36,14,14,3,0,0,4,0,0,0,0,14,0,0.3888888888888889,2,1,1,0,0,1,1,0,4.2527,6,0,1
https://www.trello.com/orders/support/account?sort=6fvdhr5,58,14,23,2,0,0,5,1,1,0,0,2,0,0.034482758620689655,1,0,1,0,0,1,1,0,4.2648,7,0,0
https://www.shopify.com,23,15,0,2,0,0,2,0,0,0,0,0,0,0.0,1,0,1,0,0,0,0,0,3.7081,7,0,0
https://www.hp.com/search,25,10,7,2,0,0,3,0,0,0,0,0,0,0.0,1,0,1,0,0,0,0,0,3.6733,6,0,0
https://www.mozilla.org,23,15,0,2,0,0,2,0,0,0,0,0,0,0.0,1,0,1,0,0,0,0,0,3.882,7,0,0
https://www.usa.gov/api,23,11,4,2,0,0,3,0,0,0,0,0,0,0.0,1,0,1,0,0,0,0,0,3.6753,5,0,0
https://www.medium.com/account/checkout,39,14,17,2,0,0,4,0,0,0,0,0,0,0.0,1,0,1,0,0,1,1,0,3.9359,8,0,0
https://www.oracle.com,22,14,0,2,0,0,2,0,0,0,0,0,0,0.0,1,0,1,0,0,0,0,0,3.7888,6,0,0
http://outlook-urgent-rzjk.loan/services,40,24,9,1,2,0,3,0,0,0,0,0,0,0.0,0,0,0,0,0,1,1,1,4.2653,8,1,1
http://apple-login-sp55.party/signup,36,22,7,1,2,0,3,0,0,0,0,2,0,0.05555555555555555,0,0,0,0,0,1,1,1,4.0305,6,1,1
http://facebook-unlock-xmd7.click/cart,38,26,5,1,2,0,3,0,0,0,0,1,0,0.02631578947368421,0,0,0,0,0,1,2,1,4.284,8,1,1
http://security-o4pya.work/58pzj3mn,35,19,9,1,1,0,3,0,0,0,0,4,0,0.11428571428571428,0,0,0,0,0,1,1,0,4.5503,8,1,1
http://gcrkfkj6xhpd3bgnp.netflix.yhrfoz.gq/account,50,35,8,3,0,0,3,0,0,0,0,2,0,0.04,2,0,0,0,0,1,1,1,4.5631,17,1,1
https://www.grubhub.com,23,15,0,2,0,0,2,0,0,0,0,0,0,0.0,1,0,1,0,0,0,0,0,3.7951,7,0,0
https://www.hp.com/login/support?ref=nb&utm_source=9yf,54,10,14,2,0,1,4,1,2,0,1,1,0,0.018518518518518517,1,0,1,0,0,1,1,0,4.5138,7,0,0
https://lenovo.com/?id=vyqlg0&ref=kmu,37,10,1,1,0,0,3,1,2,0,1,1,0,0.02702702702702703,0,0,1,0,0,0,0,0,4.6281,6,0,0
http://chase-login-ieze.loan/products,37,21,9,1,2,0,3,0,0,0,0,0,0,0.0,0,0,0,0,0,1,1,1,4.2089,8,1,1
http://update-5ulzz.ml/3fuqvu5o,31,15,9,1,1,0,3,0,0,0,0,3,0,0.0967741935483871,0,0,0,0,0,1,1,0,4.1313,8,1,1
http://instagram-update.rvd511.tk/recover,41,26,8,2,1,0,3,0,0,0,0,3,0,0.07317073170731707,1,0,0,0,0,1,2,1,4.2874,9,1,1
https://www.quora.com/?lang=farmg&ref=y4v,41,13,1,2,0,0,3,1,2,0,1,1,0,0.024390243902439025,1,0,1,0,0,0,0,0,4.5522,5,0,0
https://www.usa.gov/?lang=hvl66s&utm_source=xx,46,11,1,2,0,1,3,1,2,0,1,2,0,0.043478260869565216,1,0,1,0,0,0,0,0,4.5014,6,0,0
http://office365-validate.t9ka1d.work/urgent,44,30,7,2,1,0,3,0,0,0,0,5,0,0.11363636363636363,1,0,0,0,0,1,2,1,4.5532,9,1,1
https://www.instagram.com/?lang=08l&lang=6qmgk2,47,17,1,2,0,0,3,1,2,0,1,4,0,0.0851063829787234,1,0,1,0,0,0,0,0,4.4795,9,0,0
http://121.237.43.143/authenticate/y4saeq,41,14,20,3,0,0,4,0,0,0,0,12,0,0.2926829268292683,2,1,0,0,0,1,1,0,4.0859,12,0,1
http://225.55.110.12/authenticate/w9kckw,40,13,20,3,0,0,4,0,0,0,0,11,0,0.275,2,1,0,0,0,1,1,0,4.0562,12,0,1
http://onsrhdvnff2wcfie6kn.instagram.0q48gc.tk/authenticate,59,39,13,3,0,0,3,0,0,0,0,5,0,0.0847457627118644,2,0,0,0,0,1,1,1,4.5175,19,1,1
http://o5jmq0njvjpcmw0jpjlbwj1i.whatsapp.rva0y0.loan/recover,60,45,8,3,0,0,3,0,0,0,0,6,0,0.1,2,0,0,0,0,1,1,1,4.4335,24,1,1
https://www.stackoverflow.com/home,34,21,5,2,0,0,3,0,0,0,0,0,0,0.0,1,0,1,0,0,0,0,0,3.9842,13,0,0
http://cutt.ly/nnseqv6,22,7,8,1,0,0,3,0,0,0,0,1,0,0.045454545454545456,0,0,0,0,1,0,0,0,3.7888,7,0,1
http://google-billing-7ar0.kim/settings,39,23,9,1,2,0,3,0,0,0,0,2,0,0.05128205128205128,0,0,0,0,0,1,1,1,4.1698,8,1,1
https://discord.com/docs/dashboard/checkout?category=3nwqaeex,61,11,24,1,0,0,5,1,1,0,0,1,0,0.01639344262295082,0,0,1,0,0,0,0,0,4.3611,9,0,0
http://4lr9cm19attkprehvy.microsoft.ronadc.loan/verify,54,40,7,3,0,0,3,0,0,0,0,4,0,0.07407407407407407,2,0,0,0,0,1,1,1,4.4171,18,1,1
https://twitter.com/checkout,28,11,9,1,0,0,3,0,0,0,0,0,0,0.0,0,0,1,0,0,0,0,0,3.6995,8,0,0
https://paypal.com/?category=nsn2s8n,36,10,1,1,0,0,3,1,1,0,0,2,0,0.05555555555555555,0,0,1,0,0,0,0,0,4.2108,8,0,0
http://cutt.ly/hc0dj96,22,7,8,1,0,0,3,0,0,0,0,3,0,0.13636363636363635,0,0,0,0,1,0,0,0,3.6978,7,0,1
https://vmware.com/settings/docs/cart?id=3qe8nvn4,49,10,19,1,0,0,5,1,1,0,0,3,0,0.061224489795918366,0,0,1,0,0,0,0,0,4.4008,8,0,0
http://269ryohcknewjr73.chase.cknu2m.loan/urgent,48,34,7,3,0,0,3,0,0,0,0,6,0,0.125,2,0,0,0,0,1,1,1,4.5165,16,1,1
https://figma.com/docs/account/profile?utm_source=fwdu&category=ifwr0u,70,9,21,1,0,1,5,1,2,0,1,1,0,0.014285714285714285,0,0,1,0,0,1,1,0,4.4775,8,0,0
http://update-wallet-authenticate-6ohx.review/help?redirect=x0rb5tngcr&token=zxc4vniblwbv,89,38,5,1,3,0,3,1,2,0,1,4,0,0.0449438202247191,0,0,0,0,0,1,3,0,4.5956,12,1,1
https://canva.com/login/account/profile?sort=759in,50,9,22,1,0,0,5,1,1,0,0,3,0,0.06,0,0,1,0,0,1,2,0,4.3493,7,0,0
http://bankofamerica-validate.bzopso.xyz/suspend,48,33,8,2,1,0,3,0,0,0,0,0,0,0.0,1,0,0,0,0,1,3,1,4.4987,13,1,1
https://www.expedia.com/services/help?q=pa,42,15,14,2,0,0,4,1,1,0,0,0,0,0.0,1,0,1,0,0,0,0,0,4.2228,8,0,0
http://bankofamerica-alert-1tgf.party/checkout,46,30,9,1,2,0,3,0,0,0,0,1,0,0.021739130434782608,0,0,0,0,0,1,2,1,4.2597,13,1,1
https://www.office.com,22,14,0,2,0,0,2,0,0,0,0,0,0,0.0,1,0,1,0,0,0,0,0,3.6978,6,0,0
https://www.mit.edu,19,11,0,2,0,0,2,0,0,0,0,0,0,0.0,1,0,1,0,0,0,0,0,3.5369,5,0,0
https://walmart.com/about?sort=qv,33,11,6,1,0,0,3,1,1,0,0,0,0,0.0,0,0,1,0,0,0,0,0,4.0785,7,0,0
http://paypal-password.ec1g7h.loan/suspend,42,27,8,2,1,0,3,0,0,0,0,2,0,0.047619047619047616,1,0,0,0,0,1,2,1,4.2408,8,1,1
http://signin-p7wzi.link/5xbiguj9,33,17,9,1,1,0,3,0,0,0,0,3,0,0.09090909090909091,0,0,0,0,0,1,1,0,4.2226,8,1,1
http://microsoft-authenticate-12j2.cricket/api,46,35,4,1,2,0,3,0,0,0,0,3,0,0.06521739130434782,0,0,0,0,0,1,1,1,4.1776,12,1,1
http://bit.ly/nr1v1zn,21,6,8,1,0,0,3,0,0,0,0,2,0,0.09523809523809523,0,0,0,0,1,0,0,0,3.749,7,0,1
https://slack.com/support,25,9,8,1,0,0,3,0,0,0,0,0,0,0.0,0,0,1,0,0,0,0,0,3.7231,7,0,0
http://wallet-523ar.xyz/pajn32iq,32,16,9,1,1,0,3,0,0,0,0,5,0,0.15625,0,0,0,0,0,1,1,0,4.3042,8,1,1
http://password-unlock-signin-6cbc.zip/help?redirect=dnbrqit4j0&token=sgq53aljd70y,82,31,5,1,3,0,3,1,2,0,1,7,0,0.08536585365853659,0,0,0,0,0,1,3,0,4.896,12,1,1
https://www.cisco.com/home/services/settings,44,13,23,2,0,0,5,0,0,0,0,0,0,0.0,1,0,1,0,0,0,0,0,3.8371,8,0,0
http://amazon-verify.gc0s6e.party/alert,39,26,6,2,1,0,3,0,0,0,0,2,0,0.05128205128205128,1,0,0,0,0,1,2,1,4.3555,6,1,1
http://outlook-wallet-pqzd.tk/login,35,22,6,1,2,0,3,0,0,0,0,0,0,0.0,0,0,0,0,0,1,2,1,4.0332,7,1,1
https://www.salesforce.com/about/profile/dashboard,50,18,24,2,0,0,5,0,0,0,0,0,0,0.0,1,0,1,0,0,0,0,0,4.1591,10,0,0
http://rci2afi41jip23rb1w0xw.facebook.xvtx6p.work/security,58,42,9,3,0,0,3,0,0,0,0,8,0,0.13793103448275862,2,0,0,0,0,1,1,1,4.6289,21,1,1
https://microsoft.com/help?ref=yr8l,35,13,5,1,0,0,3,1,1,0,0,1,0,0.02857142857142857,0,0,1,0,0,0,0,0,4.1287,9,0,0
http://4k9i14yn6zjuy3k0e34tkwih7.microsoft.3p4m7b.kim/recover,61,46,8,3,0,0,3,0,0,0,0,13,0,0.21311475409836064,2,0,0,0,0,1,1,1,4.6966,25,1,1
https://173.255.59.119/validate/vefhx0,38,14,16,3,0,0,4,0,0,0,0,12,0,0.3157894736842105,2,1,1,0,0,1,1,0,4.2737,8,0,1
http://unlock-45zyr.top/j2tiplk5,32,16,9,1,1,0,3,0,0,0,0,4,0,0.125,0,0,0,0,0,1,1,0,4.2028,8,1,1
https://www.asus.com/cart/cart?id=xf,36,12,10,2,0,0,4,1,1,0,0,0,0,0.0,1,0,1,0,0,0,0,0,4.086,5,0,0
http://whatsapp-urgent.y2skkf.work/validate,43,27,9,2,1,0,3,0,0,0,0,1,0,0.023255813953488372,1,0,0,0,0,1,2,1,4.3594,8,1,1
http://instagram-secure-rcel.tk/news,36,24,5,1,2,0,3,0,0,0,0,0,0,0.0,0,0,0,0,0,1,1,1,4.107,9,1,1
http://facebook-validate-pd57.gq/profile,40,25,8,1,2,0,3,0,0,0,0,2,0,0.05,0,0,0,0,0,1,1,1,4.3587,8,1,1
https://www.twitter.com,23,15,0,2,0,0,2,0,0,0,0,0,0,0.0,1,0,1,0,0,0,0,0,3.4971,7,0,0
http://t1kt7ga8sr6yhtxp25m9fe.google.rjxmzw.click/secure,56,42,7,3,0,0,3,0,0,0,0,7,0,0.125,2,0,0,0,0,1,2,1,4.7469,22,1,1
http://ooatyyxz90vqszxpgbmczdbra.apple.eiu5ax.link/urgent,57,43,7,3,0,0,3,0,0,0,0,3,0,0.05263157894736842,2,0,0,0,0,1,1,1,4.679,25,1,1
http://167.59.235.16/recover/v37prd,35,13,15,3,0,0,4,0,0,0,0,12,0,0.34285714285714286,2,1,0,0,0,1,1,0,4.1147,7,0,1
http://cutt.ly/t3j6lil,22,7,8,1,0,0,3,0,0,0,0,2,0,0.09090909090909091,0,0,0,0,1,0,0,0,3.4995,7,0,1
http://netflix.com@netflix.com-b26xn.ml/validate,48,20,9,2,1,0,3,0,0,1,0,2,0,0.041666666666666664,1,0,0,0,0,1,1,1,4.3163,11,1,1
https://www.github.com/settings/docs,36,14,14,2,0,0,4,0,0,0,0,0,0,0.0,1,0,1,0,0,0,0,0,3.9376,8,0,0
https://udemy.com/support/orders?category=nrmtn2,48,9,15,1,0,0,4,1,1,0,0,1,0,0.020833333333333332,0,0,1,0,0,0,0,0,4.1633,8,0,0
https://dell.com/contact/blog/signup?ref=ns6g29,47,8,20,1,0,0,5,1,1,0,0,3,0,0.06382978723404255,0,0,1,0,0,0,0,0,4.4452,7,0,0
https://un.org/services?ref=kto&id=fmhb,39,6,9,1,0,0,3,1,2,0,1,0,0,0.0,0,0,1,0,0,0,0,0,4.4194,8,0,0
https://dell.com/orders/profile/support,39,8,23,1,0,0,5,0,0,0,0,0,0,0.0,0,0,1,0,0,0,0,0,3.8334,7,0,0
https://npmjs.com/dashboard/cart,32,9,15,1,0,0,4,0,0,0,0,0,0,0.0,0,0,1,0,0,0,0,0,3.8667,9,0,0
https://oracle.com/about/about,30,10,12,1,0,0,4,0,0,0,0,0,0,0.0,0,0,1,0,0,0,0,0,3.7484,6,0,0
http://microsoft-confirm-rex9.xyz/cart,38,26,5,1,2,0,3,0,0,0,0,1,0,0.02631578947368421,0,0,0,0,0,1,1,1,4.1883,9,1,1
https://ieee.org/services/orders/about,38,8,22,1,0,0,5,0,0,0,0,0,0,0.0,0,0,1,0,0,0,0,0,3.8103,8,0,0
http://google-suspend-padu.link/contact,39,24,8,1,2,0,3,0,0,0,0,0,0,0.0,0,0,0,0,0,1,1,1,4.1311,7,1,1
https://cnn.com/?ref=24n9ygc,28,7,1,1,0,0,3,1,1,0,0,3,0,0.10714285714285714,0,0,1,0,0,0,0,0,4.2265,7,0,0
https://www.wikipedia.org,25,17,0,2,0,0,2,0,0,0,0,0,0,0.0,1,0,1,0,0,0,0,0,3.8137,9,0,0
https://lyft.com/signup/news/settings,37,8,21,1,0,0,5,0,0,0,0,0,0,0.0,0,0,1,0,0,0,0,0,3.9234,8,0,0
http://microsoft-confirm.zr4ur1.link/account,44,29,8,2,1,0,3,0,0,0,0,2,0,0.045454545454545456,1,0,0,0,0,1,2,1,4.2261,9,1,1
https://www.amazon.com,22,14,0,2,0,0,2,0,0,0,0,0,0,0.0,1,0,1,0,0,0,0,0,3.6978,6,0,0
https://ebay.com,16,8,0,1,0,0,2,0,0,0,0,0,0,0.0,0,0,1,0,0,0,0,0,3.75,5,0,0
https://47.205.50.35/confirm/mnimch,35,12,15,3,0,0,4,0,0,0,0,9,0,0.2571428571428571,2,1,1,0,0,1,1,0,4.1503,7,0,1
http://account-p6u5p.link/05z4mljc,34,18,9,1,1,0,3,0,0,0,0,5,0,0.14705882352941177,0,0,0,0,0,1,1,0,4.2928,8,1,1
http://account-mslza.click/6pqvp7eg,35,19,9,1,1,0,3,0,0,0,0,2,0,0.05714285714285714,0,0,0,0,0,1,2,0,4.3789,8,1,1
http://confirm-wallet-login-sx69.zip/cart?redirect=3xybd8cd5n&token=9h32isnktkp2,80,29,5,1,3,0,3,1,2,0,1,9,0,0.1125,0,0,0,0,0,1,3,0,4.87,12,1,1
https://www.un.org/profile?category=8wm9lb&lang=3v1w,52,10,8,2,0,0,3,1,2,0,1,4,0,0.07692307692307693,1,0,1,0,0,0,0,0,4.6978,8,0,0
http://icloud-security.boo703.review/account,44,29,8,2,1,0,3,0,0,0,0,3,0,0.06818181818181818,1,0,0,0,0,1,2,1,4.3908,8,1,1
https://www.medium.com/support/support/account,46,14,24,2,0,0,5,0,0,0,0,0,0,0.0,1,0,1,0,0,1,1,0,3.9182,7,0,0
http://apple-login.mw4v1f.top/suspend,37,22,8,2,1,0,3,0,0,0,0,2,0,0.05405405405405406,1,0,0,0,0,1,2,1,4.3143,7,1,1
http://bp12uj3a3tsazk8zy7.facebook.eskzad.xyz/login,51,38,6,3,0,0,3,0,0,0,0,6,0,0.11764705882352941,2,0,0,0,0,1,1,1,4.6572,18,1,1
http://wellsfargo-alert.9d4xny.loan/confirm,43,28,8,2,1,0,3,0,0,0,0,2,0,0.046511627906976744,1,0,0,0,0,1,2,1,4.4372,10,1,1
https://www.digitalocean.com/cart/dashboard?utm_source=e6k9wam,62,20,15,2,0,1,4,1,1,0,0,2,0,0.03225806451612903,1,0,1,0,0,0,0,0,4.4882,12,0,0
http://zss8v5x6e9d70qfx7a1l1c.icloud.egoynr.kim/secure,54,40,7,3,0,0,3,0,0,0,0,9,0,0.16666666666666666,2,0,0,0,0,1,1,1,4.8842,22,1,1
http://jz5qde2y3znp8kaiwj.microsoft.wxyouh.ml/signin,52,38,7,3,0,0,3,0,0,0,0,4,0,0.07692307692307693,2,0,0,0,0,1,1,1,4.7817,18,1,1
https://www.doordash.com/?utm_source=hjg,40,16,1,2,0,1,3,1,1,0,0,0,0,0.0,1,0,1,0,0,0,0,0,4.2276,8,0,0
https://www.figma.com/contact/account/support,45,13,24,2,0,0,5,0,0,0,0,0,0,0.0,1,0,1,0,0,1,1,0,3.9142,7,0,0
http://authenticate-n646u.loan/mfl0xn3c,39,23,9,1,1,0,3,0,0,0,0,5,0,0.1282051282051282,0,0,0,0,0,1,1,0,4.2311,12,1,1
https://nvidia.com/dashboard/products/dashboard?ref=4d6af58c,60,10,29,1,0,0,5,1,1,0,0,4,0,0.06666666666666667,0,0,1,0,0,0,0,0,4.3563,9,0,0
http://chase.com@chase.com-n29mr.click/password,47,21,9,2,1,0,3,0,0,1,0,2,0,0.0425531914893617,1,0,0,0,0,1,2,1,4.2772,9,1,1
http://227.42.23.57/verify/dqmkt6,33,12,14,3,0,0,4,0,0,0,0,10,0,0.30303030303030304,2,1,0,0,0,1,1,0,4.2108,6,0,1
http://t061atm13qvbnk0scjwsh.icloud.3mokbm.cf/suspend,53,38,8,3,0,0,3,0,0,0,0,7,0,0.1320754716981132,2,0,0,0,0,1,1,1,4.6521,21,1,1
http://office365-suspend.x0wuzl.link/urgent,43,29,7,2,1,0,3,0,0,0,0,4,0,0.09302325581395349,1,0,0,0,0,1,2,1,4.5943,9,1,1
https://www.netflix.com/account,31,15,8,2,0,0,3,0,0,0,0,0,0,0.0,1,0,1,0,0,1,1,0,4.0424,7,0,0
http://secure-biob6.gq/spgy5a9u,31,15,9,1,1,0,3,0,0,0,0,3,0,0.0967741935483871,0,0,0,0,0,1,1,0,4.3492,8,1,1
https://www.khanacademy.org/settings/contact/settings,53,19,26,2,0,0,5,0,0,0,0,0,0,0.0,1,0,1,0,0,0,0,0,4.0253,11,0,0
http://15.251.69.104/unlock/pllv12,34,13,14,3,0,0,4,0,0,0,0,12,0,0.35294117647058826,2,1,0,0,0,1,1,0,4.1019,6,0,1
https://190.169.203.16/signin/56kvwp,36,14,14,3,0,0,4,0,0,0,0,13,0,0.3611111111111111,2,1,1,0,0,1,1,0,4.1626,6,0,1
https://www.asus.com/about/docs/orders?ref=v6ny,47,12,18,2,0,0,5,1,1,0,0,1,0,0.02127659574468085,1,0,1,0,0,0,0,0,4.3315,6,0,0
http://102.147.110.242/validate/ctzrbz,38,15,16,3,0,0,4,0,0,0,0,12,0,0.3157894736842105,2,1,0,0,0,1,1,0,4.1556,8,0,1
https://intel.com/support/products,34,9,17,1,0,0,4,0,0,0,0,0,0,0.0,0,0,1,0,0,0,0,0,3.8192,8,0,0
https://atlassian.com/about/blog/blog,37,13,16,1,0,0,5,0,0,0,0,0,0,0.0,0,0,1,0,0,0,0,0,3.8074,9,0,0
http://facebook.com@facebook.com-scrv3.ml/recover,49,21,8,2,1,0,3,0,0,1,0,1,0,0.02040816326530612,1,0,0,0,0,1,1,1,4.1008,12,1,1
http://suspend-3mxyw.click/pfhj1oyc,35,19,9,1,1,0,3,0,0,0,0,2,0,0.05714285714285714,0,0,0,0,0,1,2,0,4.4931,8,1,1
https://93.84.78.186/suspend/xzwl9p,35,12,15,3,0,0,4,0,0,0,0,10,0,0.2857142857142857,2,1,1,0,0,1,1,0,4.243,7,0,1
https://www.harvard.edu/blog/about,34,15,11,2,0,0,4,0,0,0,0,0,0,0.0,1,0,1,0,0,0,0,0,4.0209,7,0,0
http://instagram-unlock.jqrlg6.ml/login,39,26,6,2,1,0,3,0,0,0,0,1,0,0.02564102564102564,1,0,0,0,0,1,2,1,4.2849,9,1,1
https://www.quora.com/checkout?lang=7awudtse,44,13,9,2,0,0,3,1,1,0,0,1,0,0.022727272727272728,1,0,1,0,0,0,0,0,4.3736,8,0,0
http://goo.gl/f9tu8pv,21,6,8,1,0,0,3,0,0,0,0,2,0,0.09523809523809523,0,0,0,0,1,0,0,0,3.6538,7,0,1
https://wellsfargo.com/orders,29,14,7,1,0,0,3,0,0,0,0,0,0,0.0,0,0,1,0,0,0,0,0,3.9952,10,0,0
https://www.youtube.com/checkout?ref=4x0bs3lw,45,15,9,2,0,0,3,1,1,0,0,3,0,0.06666666666666667,1,0,1,0,0,0,0,0,4.4302,8,0,0
https://usa.gov/profile?lang=25a5p&utm_source=ffv,49,7,8,1,0,1,3,1,2,0,1,3,0,0.061224489795918366,0,0,1,0,0,0,0,0,4.5527,7,0,0
https://notion.so/signup?sort=vejklcp,37,9,7,1,0,0,3,1,1,0,0,0,0,0.0,0,0,1,0,0,0,0,0,4.1212,7,0,0
http://billing-signin-authenticate-uw48.review/about?redirect=1wy6rr79iv&token=2f1fk0ilbhva,91,39,6,1,3,0,3,1,2,0,1,9,0,0.0989010989010989,0,0,0,0,0,1,3,0,4.7997,12,1,1
http://facebook-unlock-a8pm.link/api,36,25,4,1,2,0,3,0,0,0,0,1,0,0.027777777777777776,0,0,0,0,0,1,1,1,4.1762,8,1,1
http://chase.com@chase.com-c9e69.ml/alert,41,18,6,2,1,0,3,0,0,1,0,3,0,0.07317073170731707,1,0,0,0,0,1,1,1,3.9883,9,1,1
https://amd.com/contact/support,31,7,16,1,0,0,4,0,0,0,0,0,0,0.0,0,0,1,0,0,0,0,0,3.6679,7,0,0
http://yovm5cv35xudkitmaf9h3fhv.paypal.fijmcj.xyz/billing,57,42,8,3,0,0,3,0,0,0,0,5,0,0.08771929824561403,2,0,0,0,0,1,1,1,4.5995,24,1,1
https://213.124.213.88/update/x6z7vc,36,14,14,3,0,0,4,0,0,0,0,13,0,0.3611111111111111,2,1,1,0,0,1,1,0,4.2527,6,0,1
https://www.npmjs.com/home/about,32,13,11,2,0,0,4,0,0,0,0,0,0,0.0,1,0,1,0,0,0,0,0,3.9056,5,0,0
http://5vo1tk5ezs96kw0pn524.google.kskwec.kim/unlock,52,38,7,3,0,0,3,0,0,0,0,9,0,0.17307692307692307,2,0,0,0,0,1,1,1,4.5219,20,1,1
https://medium.com/contact/home?page=mrzzqo17,45,10,13,1,0,0,4,1,1,0,0,2,0,0.044444444444444446,0,0,1,0,0,0,0,0,4.3114,8,0,0
https://159.235.107.107/billing/dr9hou,38,15,15,3,0,0,4,0,0,0,0,13,0,0.34210526315789475,2,1,1,0,0,1,1,0,4.3661,7,0,1
http://paypal-validate-scpa.loan/account,40,25,8,1,2,0,3,0,0,0,0,0,0,0.0,0,0,0,0,0,1,2,1,3.924,8,1,1
http://amazon-signin.46u2sl.ml/security,39,23,9,2,1,0,3,0,0,0,0,3,0,0.07692307692307693,1,0,0,0,0,1,2,1,4.4194,8,1,1
https://www.w3.org/news/products/checkout,41,10,23,2,0,0,5,0,0,0,0,1,0,0.024390243902439025,1,0,1,0,0,0,0,0,3.9555,8,0,0
http://chase-verify.l57obv.top/urgent,37,23,7,2,1,0,3,0,0,0,0,2,0,0.05405405405405406,1,0,0,0,0,1,2,1,4.4119,6,1,1
https://adobe.com/home/services/about,37,9,20,1,0,0,5,0,0,0,0,0,0,0.0,0,0,1,0,0,0,0,0,3.936,8,0,0
http://7syr7s9r37v3869.microsoft.ojrghr.party/security,54,38,9,3,0,0,3,0,0,0,0,9,0,0.16666666666666666,2,0,0,0,0,1,1,1,4.3653,15,1,1
http://paypal.com@paypal.com-xz3ad.ml/wallet,44,19,7,2,1,0,3,0,0,1,0,1,0,0.022727272727272728,1,0,0,0,0,1,1,1,4.0106,10,1,1
https://nvidia.com/checkout,27,10,9,1,0,0,3,0,0,0,0,0,0,0.0,0,0,1,0,0,0,0,0,4.0043,8,0,0
https://www.forbes.com/settings/news/support?id=iy87hlc,55,14,22,2,0,0,5,1,1,0,0,2,0,0.03636363636363636,1,0,1,0,0,0,0,0,4.4041,8,0,0
http://linkedin.com@linkedin.com-uv41a.tk/login,47,21,6,2,1,0,3,0,0,1,0,2,0,0.0425531914893617,1,0,0,0,0,1,1,1,4.2833,12,1,1
http://validate-8gx8m.cf/ct71wb0b,33,17,9,1,1,0,3,0,0,0,0,5,0,0.15151515151515152,0,0,0,0,0,1,1,0,4.4155,8,1,1
https://hsbc.com/news?page=49it&category=l3vzzx,47,8,5,1,0,0,3,1,2,0,1,3,0,0.06382978723404255,0,0,1,0,0,0,0,0,4.6818,8,0,0
https://dropbox.com/news?category=cu8kd9gn,42,11,5,1,0,0,3,1,1,0,0,2,0,0.047619047619047616,0,0,1,0,0,0,0,0,4.5289,8,0,0
http://apple-validate.gnqvno.zip/unlock,39,25,7,2,1,0,3,0,0,0,0,0,0,0.0,1,0,0,0,0,1,2,1,4.2143,8,1,1
https://airbnb.com/account,26,10,8,1,0,0,3,0,0,0,0,0,0,0.0,0,0,1,0,0,1,1,0,3.8441,7,0,0
http://bvh2vft6i6s7pk67.google.ilplso.link/password,51,35,9,3,0,0,3,0,0,0,0,6,0,0.11764705882352941,2,0,0,0,0,1,1,1,4.3827,16,1,1
https://dell.com/about/news/cart,32,8,16,1,0,0,5,0,0,0,0,0,0,0.0,0,0,1,0,0,0,0,0,4.0122,5,0,0
http://secure-recover-signin-7u9s.link/services?redirect=7zuhfbegga&token=csqnbb4v57yz,86,31,9,1,3,0,3,1,2,0,1,6,0,0.06976744186046512,0,0,0,0,0,1,3,0,4.678,12,1,1
https://kubernetes.io/login/signup?ref=0y,41,13,13,1,0,0,4,1,1,0,0,1,0,0.024390243902439025,0,0,1,0,0,1,1,0,4.2595,10,0,0
https://www.lyft.com/?sort=jwlrkx&q=julp,40,12,1,2,0,0,3,1,2,0,1,0,0,0.0,1,0,1,0,0,0,0,0,4.3342,6,0,0
https://whatsapp.com/cart/checkout,34,12,14,1,0,0,4,0,0,0,0,0,0,0.0,0,0,1,0,0,0,0,0,3.7382,8,0,0
http://recover-confirm-verify-1d35.ml/account?redirect=qyasyinpfg&token=omqxmqo0fvlc,84,30,8,1,3,0,3,1,2,0,1,4,0,0.047619047619047616,0,0,0,0,0,1,4,0,4.7325,12,1,1
http://outlook.com@outlook.com-ao1l9.tk/login,45,20,6,2,1,0,3,0,0,1,0,2,0,0.044444444444444446,1,0,0,0,0,1,1,1,3.8676,11,1,1
https://www.amd.com/products/home/contact?sort=ns&utm_source=tk3lir,67,11,22,2,0,1,5,1,2,0,1,1,0,0.014925373134328358,1,0,1,0,0,0,0,0,4.337,8,0,0
https://www.mit.edu/checkout/about,34,11,15,2,0,0,4,0,0,0,0,0,0,0.0,1,0,1,0,0,0,0,0,3.9369,8,0,0
https://cisco.com/profile/settings,34,9,17,1,0,0,4,0,0,0,0,0,0,0.0,0,0,1,0,0,0,0,0,3.8444,8,0,0
https://epicgames.com/checkout?category=1p0,43,13,9,1,0,0,3,1,1,0,0,2,0,0.046511627906976744,0,0,1,0,0,0,0,0,4.2199,9,0,0
http://apple.com@apple.com-25uak.party/suspend,46,21,8,2,1,0,3,0,0,1,0,2,0,0.043478260869565216,1,0,0,0,0,1,1,1,4.2481,9,1,1
https://www.twitch.tv/?sort=p00cdnzy,36,13,1,2,0,0,3,1,1,0,0,2,0,0.05555555555555555,1,0,1,0,0,0,0,0,4.0515,8,0,0
http://password-verify-secure-as1u.top/profile?redirect=ee2a84n1w3&token=er70ut100wnt,85,31,8,1,3,0,3,1,2,0,1,11,0,0.12941176470588237,0,0,0,0,0,1,3,0,4.6763,12,1,1
https://hsbc.com/api/blog,25,8,9,1,0,0,4,0,0,0,0,0,0,0.0,0,0,1,0,0,0,0,0,3.7639,5,0,0
http://bit.ly/evgxbt6,21,6,8,1,0,0,3,0,0,0,0,1,0,0.047619047619047616,0,0,0,0,1,0,0,0,3.6897,7,0,1
http://30.156.198.191/update/end6bw,35,14,14,3,0,0,4,0,0,0,0,12,0,0.34285714285714286,2,1,0,0,0,1,1,0,4.1147,6,0,1
https://ibm.com,15,7,0,1,0,0,2,0,0,0,0,0,0,0.0,0,0,1,0,0,0,0,0,3.5069,5,0,0
http://suspend-bnsh8.cf/c58xz179,32,16,9,1,1,0,3,0,0,0,0,6,0,0.1875,0,0,0,0,0,1,1,0,4.3278,8,1,1
http://urgent-verify-login-inus.tk/docs?redirect=nf4x13qinf&token=2p091pqfmpah,78,27,5,1,3,0,3,1,2,0,1,7,0,0.08974358974358974,0,0,0,0,0,1,3,0,4.843,12,1,1
http://wellsfargo-login-f7zf.cricket/docs,41,29,5,1,2,0,3,0,0,0,0,1,0,0.024390243902439025,0,0,0,0,0,1,1,1,4.369,10,1,1
http://40.74.241.30/secure/2dcq81,33,12,14,3,0,0,4,0,0,0,0,12,0,0.36363636363636365,2,1,0,0,0,1,1,0,4.1502,6,0,1
http://login-ajbv6.cf/exqwwfb4,30,14,9,1,1,0,3,0,0,0,0,2,0,0.06666666666666667,0,0,0,0,0,1,1,0,4.4817,8,1,1
http://validate-signin-urgent-s0hc.tk/login?redirect=pkl48hb1no&token=6c6zh6du9zz9,82,30,6,1,3,0,3,1,2,0,1,9,0,0.10975609756097561,0,0,0,0,0,1,4,0,4.7638,12,1,1
https://ieee.org/api/api,24,8,8,1,0,0,4,0,0,0,0,0,0,0.0,0,0,1,0,0,0,0,0,3.4906,5,0,0
http://microsoft.com@microsoft.com-kflab.kim/password,53,23,9,2,1,0,3,0,0,1,0,0,0,0.0,1,0,0,0,0,1,1,1,4.1235,13,1,1
https://www.twitter.com/signup/signup,37,15,14,2,0,0,4,0,0,0,0,0,0,0.0,1,0,1,0,0,0,0,0,3.8615,7,0,0
https://adobe.com/dashboard/services/login,42,9,25,1,0,0,5,0,0,0,0,0,0,0.0,0,0,1,0,0,1,1,0,4.1096,9,0,0
https://whatsapp.com/?category=vhp&category=vuv5yb,50,12,1,1,0,0,3,1,2,0,1,1,0,0.02,0,0,1,0,0,0,0,0,4.3211,8,0,0
https://cisco.com/about/products?id=84hxxpw,43,9,15,1,0,0,4,1,1,0,0,2,0,0.046511627906976744,0,0,1,0,0,0,0,0,4.2284,8,0,0
http://9.196.3.200/secure/1y50df,32,11,14,3,0,0,4,0,0,0,0,11,0,0.34375,2,1,0,0,0,1,1,0,4.2028,6,0,1
https://adobe.com/?utm_source=8xpnmjq,37,9,1,1,0,1,3,1,1,0,0,1,0,0.02702702702702703,0,0,1,0,0,0,0,0,4.4251,7,0,0
http://office365.com@office365.com-jate4.loan/account,53,24,8,2,1,0,3,0,0,1,0,7,0,0.1320754716981132,1,0,0,0,0,1,1,1,4.2555,13,1,1
https://asus.com/blog?utm_source=i3hz3zs&page=eoj,49,8,5,1,0,1,3,1,2,0,1,2,0,0.04081632653061224,0,0,1,0,0,0,0,0,4.459,7,0,0
http://netflix-account.haqelf.xyz/authenticate,46,26,13,2,1,0,3,0,0,0,0,0,0,0.0,1,0,0,0,0,1,2,1,4.0742,12,1,1
https://www.oracle.com/?ref=gr,30,14,1,2,0,0,3,1,1,0,0,0,0,0.0,1,0,1,0,0,0,0,0,4.0981,6,0,0
http://tinyurl.com/i4gybvj,26,11,8,1,0,0,3,0,0,0,0,1,0,0.038461538461538464,0,0,0,0,1,0,0,0,4.1808,7,0,1
http://eh3rprgygo2ype4.facebook.cwsjb4.cf/account,49,34,8,3,0,0,3,0,0,0,0,4,0,0.08163265306122448,2,0,0,0,0,1,1,1,4.4028,15,1,1
http://account-suspend-validate-vie6.top/cart?redirect=2pmb6xgk6y&token=ulnd7u4xxgx5,84,33,5,1,3,0,3,1,2,0,1,7,0,0.08333333333333333,0,0,0,0,0,1,3,0,4.7728,12,1,1
https://www.instagram.com/?ref=dhthr,36,17,1,2,0,0,3,1,1,0,0,0,0,0.0,1,0,1,0,0,0,0,0,4.1972,9,0,0
https://www.w3.org/signup/settings,34,10,16,2,0,0,4,0,0,0,0,1,0,0.029411764705882353,1,0,1,0,0,0,0,0,3.7711,8,0,0
http://linkedin-secure-r8nk.click/about,39,26,6,1,2,0,3,0,0,0,0,1,0,0.02564102564102564,0,0,0,0,0,1,2,1,4.2268,8,1,1
https://www.intel.com/orders/docs/products?category=pki,55,13,21,2,0,0,5,1,1,0,0,0,0,0.0,1,0,1,0,0,0,0,0,4.2932,8,0,0
http://instagram.com@instagram.com-tlk87.work/signin,52,24,7,2,1,0,3,0,0,1,0,2,0,0.038461538461538464,1,0,0,0,0,1,1,1,4.2362,13,1,1
http://t.co/y0tr2zi,19,4,8,1,0,0,3,0,0,0,0,2,0,0.10526315789473684,0,0,0,0,1,0,0,0,3.5766,7,0,1
https://www.stanford.edu/orders?sort=fln4,41,16,7,2,0,0,3,1,1,0,0,1,0,0.024390243902439025,1,0,1,0,0,0,0,0,4.1132,8,0,0
http://facebook-update.glckwt.ml/verify,39,25,7,2,1,0,3,0,0,0,0,0,0,0.0,1,0,0,0,0,1,2,1,4.4262,8,1,1
https://www.lenovo.com/cart/products/blog,41,14,19,2,0,0,5,0,0,0,0,0,0,0.0,1,0,1,0,0,0,0,0,4.1203,8,0,0
http://outlook.com@outlook.com-3pydr.work/login,47,22,6,2,1,0,3,0,0,1,0,1,0,0.02127659574468085,1,0,0,0,0,1,1,1,4.0601,11,1,1
http://7gfppsyazhxdo3gtxyz8ak.facebook.v3udlw.click/wallet,58,44,7,3,0,0,3,0,0,0,0,4,0,0.06896551724137931,2,0,0,0,0,1,2,1,4.6075,22,1,1
http://signin-wallet-validate-w5gw.tk/settings?redirect=z6wf6b3isx&token=hvt1kkeqvi0o,85,30,9,1,3,0,3,1,2,0,1,6,0,0.07058823529411765,0,0,0,0,0,1,3,0,4.7029,12,1,1
http://linkedin.com@linkedin.com-pmjo2.top/alert,48,22,6,2,1,0,3,0,0,1,0,1,0,0.020833333333333332,1,0,0,0,0,1,1,1,4.1989,12,1,1
https://www.ea.com/?lang=xvkdc9,31,10,1,2,0,0,3,1,1,0,0,1,0,0.03225806451612903,1,0,1,0,0,0,0,0,4.3894,6,0,0
http://update-fs1o7.top/deeh2cwf,32,16,9,1,1,0,3,0,0,0,0,3,0,0.09375,0,0,0,0,0,1,1,0,4.0542,8,1,1
http://is.gd/so2z6m8,20,5,8,1,0,0,3,0,0,0,0,3,0,0.15,0,0,0,0,1,0,0,0,3.8842,7,0,1
https://canva.com/products,26,9,9,1,0,0,3,0,0,0,0,0,0,0.0,0,0,1,0,0,0,0,0,3.8441,8,0,0
https://citibank.com/services/docs,34,12,14,1,0,0,4,0,0,0,0,0,0,0.0,0,0,1,0,0,1,1,0,3.9842,8,0,0
http://password-65x4w.loan/b3jtakku,35,19,9,1,1,0,3,0,0,0,0,4,0,0.11428571428571428,0,0,0,0,0,1,1,0,4.436,8,1,1
http://google.com@google.com-5jo5l.kim/secure,45,20,7,2,1,0,3,0,0,1,0,2,0,0.044444444444444446,1,0,0,0,0,1,1,1,4.0824,10,1,1
https://hsbc.com/support/orders?lang=og0nq4i6,45,8,15,1,0,0,4,1,1,0,0,3,0,0.06666666666666667,0,0,1,0,0,0,0,0,4.4637,8,0,0
https://www.logitech.com/products?utm_source=uiiymy,51,16,9,2,0,1,3,1,1,0,0,0,0,0.0,1,0,1,0,0,0,0,0,4.2727,8,0,0
http://billing-24zn0.tk/0utx7r07,32,16,9,1,1,0,3,0,0,0,0,7,0,0.21875,0,0,0,0,0,1,1,0,4.2028,8,1,1
http://signin-ifjhs.cricket/bczlzm7o,36,20,9,1,1,0,3,0,0,0,0,1,0,0.027777777777777776,0,0,0,0,0,1,1,0,4.3292,8,1,1
http://tatc9s8qgi1pu7xnm3edep.microsoft.9mnrn8.loan/alert,57,44,6,3,0,0,3,0,0,0,0,7,0,0.12280701754385964,2,0,0,0,0,1,1,1,4.5426,22,1,1
https://www.atlassian.com/?sort=zs13c9x,39,17,1,2,0,0,3,1,1,0,0,3,0,0.07692307692307693,1,0,1,0,0,0,0,0,4.263,9,0,0
http://by0t0i91kcjuvpcvv.google.5765ej.gq/validate,50,34,9,3,0,0,3,0,0,0,0,8,0,0.16,2,0,0,0,0,1,1,1,4.5835,17,1,1
http://whatsapp.com@whatsapp.com-6v1lk.party/secure,51,24,7,2,1,0,3,0,0,1,0,2,0,0.0392156862745098,1,0,0,0,0,1,1,1,4.2508,12,1,1
http://goo.gl/otz60fi,21,6,8,1,0,0,3,0,0,0,0,2,0,0.09523809523809523,0,0,0,0,1,0,0,0,3.6178,7,0,1
http://secure-update-validate-102k.cf/cart?redirect=kvnzz3zw0s&token=d7sbz75eufvh,81,30,5,1,3,0,3,1,2,0,1,8,0,0.09876543209876543,0,0,0,0,0,1,3,0,4.7574,12,1,1
http://facebook.com@facebook.com-z5vai.gq/signin,48,21,7,2,1,0,3,0,0,1,0,1,0,0.020833333333333332,1,0,0,0,0,1,1,1,4.3656,12,1,1
http://security-urgent-alert-jpcz.xyz/cart?redirect=i2j4r40e0g&token=zgxrdcqn5per,81,30,5,1,3,0,3,1,2,0,1,6,0,0.07407407407407407,0,0,0,0,0,1,3,0,4.6186,12,1,1
https://microsoft.com/dashboard/products,40,13,19,1,0,0,4,0,0,0,0,0,0,0.0,0,0,1,0,0,0,0,0,3.8751,9,0,0
http://outlook-alert-gx8i.click/support,39,24,8,1,2,0,3,0,0,0,0,1,0,0.02564102564102564,0,0,0,0,0,1,2,1,4.1091,7,1,1
https://www.discord.com/news/dashboard/login,44,15,21,2,0,0,5,0,0,0,0,0,0,0.0,1,0,1,0,0,1,1,0,4.1047,9,0,0
https://www.mit.edu/services,28,11,9,2,0,0,3,0,0,0,0,0,0,0.0,1,0,1,0,0,0,0,0,3.8154,8,0,0
https://sciencedirect.com/blog,30,17,5,1,0,0,3,0,0,0,0,0,0,0.0,0,0,1,0,0,0,0,0,3.9647,13,0,0
http://unlock-urgent-update-1v2w.zip/checkout?redirect=y49dz8ftmj&token=n8b3umam003l,84,29,9,1,3,0,3,1,2,0,1,10,0,0.11904761904761904,0,0,0,0,0,1,3,0,4.9261,12,1,1
http://chase-update.7dv5by.work/recover,39,24,8,2,1,0,3,0,0,0,0,2,0,0.05128205128205128,1,0,0,0,0,1,2,1,4.3043,7,1,1
http://chase.com@chase.com-fpi90.tk/secure,42,18,7,2,1,0,3,0,0,1,0,2,0,0.047619047619047616,1,0,0,0,0,1,1,1,4.1689,9,1,1
https://amd.com/services?id=0clbr7,34,7,9,1,0,0,3,1,1,0,0,2,0,0.058823529411764705,0,0,1,0,0,0,0,0,4.315,8,0,0
http://confirm-m4f7a.party/sctxo6we,35,19,9,1,1,0,3,0,0,0,0,3,0,0.08571428571428572,0,0,0,0,0,1,1,0,4.3649,8,1,1
https://www.slack.com,21,13,0,2,0,0,2,0,0,0,0,0,0,0.0,1,0,1,0,0,0,0,0,3.6897,5,0,0
https://96.45.241.27/unlock/8av3g6,34,12,14,3,0,0,4,0,0,0,0,12,0,0.35294117647058826,2,1,1,0,0,1,1,0,4.477,6,0,1
https://docker.com/profile?q=hsa7he,35,10,8,1,0,0,3,1,1,0,0,1,0,0.02857142857142857,0,0,1,0,0,0,0,0,4.3002,7,0,0
https://www.lenovo.com/signup/dashboard/settings,48,14,26,2,0,0,5,0,0,0,0,0,0,0.0,1,0,1,0,0,0,0,0,4.2364,9,0,0
http://verify-password-recover-xh2m.gq/support?redirect=g9lf52p9i1&token=3uylpeo8l1uv,85,31,8,1,3,0,3,1,2,0,1,9,0,0.10588235294117647,0,0,0,0,0,1,3,0,4.8645,12,1,1
http://suspend-8j2p7.click/c3yd8xna,35,19,9,1,1,0,3,0,0,0,0,5,0,0.14285714285714285,0,0,0,0,0,1,2,0,4.436,8,1,1
https://quora.com,17,9,0,1,0,0,2,0,0,0,0,0,0,0.0,0,0,1,0,0,0,0,0,3.7345,5,0,0
https://sciencedirect.com/news,30,17,5,1,0,0,3,0,0,0,0,0,0,0.0,0,0,1,0,0,0,0,0,3.7647,13,0,0
https://sciencedirect.com/checkout,34,17,9,1,0,0,3,0,0,0,0,0,0,0.0,0,0,1,0,0,0,0,0,3.7856,13,0,0
https://un.org/profile?id=usu9f8,32,6,8,1,0,0,3,1,1,0,0,2,0,0.0625,0,0,1,0,0,0,0,0,4.2653,7,0,0
http://facebook-signin-mgha.gq/help,35,23,5,1,2,0,3,0,0,0,0,0,0,0.0,0,0,0,0,0,1,1,1,4.2646,8,1,1
https://w3.org/account,22,6,8,1,0,0,3,0,0,0,0,1,0,0.045454545454545456,0,0,1,0,0,1,1,0,3.8454,7,0,0
https://yahoo.com/dashboard?ref=hrm3,36,9,10,1,0,0,3,1,1,0,0,1,0,0.027777777777777776,0,0,1,0,0,0,0,0,4.107,9,0,0
https://lyft.com/support,24,8,8,1,0,0,3,0,0,0,0,0,0,0.0,0,0,1,0,0,0,0,0,3.6887,7,0,0
https://www.sony.com/cart/news?sort=qyfo,40,12,10,2,0,0,4,1,1,0,0,0,0,0.0,1,0,1,0,0,0,0,0,4.0719,5,0,0
https://www.stackoverflow.com,29,21,0,2,0,0,2,0,0,0,0,0,0,0.0,1,0,1,0,0,0,0,0,3.9783,13,0,0
http://82.8.237.19/billing/ep62lt,33,11,15,3,0,0,4,0,0,0,0,10,0,0.30303030303030304,2,1,0,0,0,1,1,0,4.0438,7,0,1
http://whatsapp.com@whatsapp.com-4fh06.party/update,51,24,7,2,1,0,3,0,0,1,0,3,0,0.058823529411764705,1,0,0,0,0,1,1,1,4.1395,12,1,1
http://confirm-signin-update-yutf.top/help?redirect=upl5h2qq6a&token=p3vgvfhzt8i5,81,30,5,1,3,0,3,1,2,0,1,6,0,0.07407407407407407,0,0,0,0,0,1,3,0,4.7935,12,1,1
https://docker.com/news,23,10,5,1,0,0,3,0,0,0,0,0,0,0.0,0,0,1,0,0,0,0,0,3.882,6,0,0
http://wellsfargo-urgent-uv48.work/support,42,27,8,1,2,0,3,0,0,0,0,2,0,0.047619047619047616,0,0,0,0,0,1,1,1,4.2728,10,1,1
http://office365-unlock.w6ya8j.xyz/secure,41,27,7,2,1,0,3,0,0,0,0,5,0,0.12195121951219512,1,0,0,0,0,1,2,1,4.6682,9,1,1
http://whatsapp-recover-i747.review/checkout,44,28,9,1,2,0,3,0,0,0,0,3,0,0.06818181818181818,0,0,0,0,0,1,1,1,4.1552,8,1,1
http://9.142.203.231/urgent/z6uk18,34,13,14,3,0,0,4,0,0,0,0,13,0,0.38235294117647056,2,1,0,0,0,1,1,0,4.1751,6,0,1
https://www.forbes.com/blog/orders/docs?category=zkelz5t,56,14,17,2,0,0,5,1,1,0,0,1,0,0.017857142857142856,1,0,1,0,0,0,0,0,4.3675,8,0,0
https://forbes.com/settings/products/login,42,10,24,1,0,0,5,0,0,0,0,0,0,0.0,0,0,1,0,0,1,1,0,4.0392,8,0,0
https://www.walmart.com/?utm_source=zvh4fz8o&utm_source=3g84,60,15,1,2,0,2,3,1,2,0,1,5,0,0.08333333333333333,1,0,1,0,0,0,0,0,4.5631,8,0,0
http://verify-signin-authenticate-frnj.ml/home?redirect=uga4fegyyj&token=5n860ath9kp6,85,34,5,1,3,0,3,1,2,0,1,7,0,0.08235294117647059,0,0,0,0,0,1,3,0,4.7518,12,1,1
https://epicgames.com/cart/docs?sort=s0fb,41,13,10,1,0,0,4,1,1,0,0,1,0,0.024390243902439025,0,0,1,0,0,0,0,0,4.1291,9,0,0
https://logitech.com/help?lang=l4zklo,37,12,5,1,0,0,3,1,1,0,0,1,0,0.02702702702702703,0,0,1,0,0,0,0,0,4.1654,8,0,0
http://nj62sqry1eyn70w1pfxmbes.linkedin.b2lcrz.party/security,61,45,9,3,0,0,3,0,0,0,0,7,0,0.11475409836065574,2,0,0,0,0,1,1,1,4.7213,23,1,1
http://bit.ly/k7u1kdj,21,6,8,1,0,0,3,0,0,0,0,2,0,0.09523809523809523,0,0,0,0,1,0,0,0,3.8442,7,0,1
http://icloud-security.umehcy.link/billing,42,27,8,2,1,0,3,0,0,0,0,0,0,0.0,1,0,0,0,0,1,2,1,4.2345,8,1,1
http://account-billing-update-e6za.top/login?redirect=8j31wvhque&token=u1oqy4akl7xz,83,31,6,1,3,0,3,1,2,0,1,7,0,0.08433734939759036,0,0,0,0,0,1,4,0,4.8836,12,1,1
http://verify-hdy4q.gq/r9p95uzy,31,15,9,1,1,0,3,0,0,0,0,4,0,0.12903225806451613,0,0,0,0,0,1,1,0,4.2603,8,1,1
http://microsoft.com@microsoft.com-v1svo.tk/update,50,22,7,2,1,0,3,0,0,1,0,1,0,0.02,1,0,0,0,0,1,1,1,4.1353,13,1,1
https://www.intel.com/services/login/home,41,13,20,2,0,0,5,0,0,0,0,0,0,0.0,1,0,1,0,0,1,1,0,4.0067,8,0,0
https://www.cnn.com/account?sort=e6wtl,38,11,8,2,0,0,3,1,1,0,0,1,0,0.02631578947368421,1,0,1,0,0,1,1,0,4.0407,7,0,0
https://31.217.177.141/password/emdf3j,38,14,16,3,0,0,4,0,0,0,0,12,0,0.3157894736842105,2,1,1,0,0,1,1,0,4.146,8,0,1
http://urgent-account-wallet-k8r1.kim/contact?redirect=gevbm0yx6x&token=3b9kyhkzh6ej,84,30,8,1,3,0,3,1,2,0,1,7,0,0.08333333333333333,0,0,0,0,0,1,3,0,4.8307,12,1,1
https://www.sony.com/news/products/home?lang=jegqtoam&lang=ao20u,64,12,19,2,0,0,5,1,2,0,1,2,0,0.03125,1,0,1,0,0,0,0,0,4.5096,8,0,0
http://google.com@google.com-o3px9.cf/update,44,19,7,2,1,0,3,0,0,1,0,2,0,0.045454545454545456,1,0,0,0,0,1,1,1,4.0917,10,1,1
http://6vi7ep03lk0qd2azktve.microsoft.zlbuxk.kim/billing,56,41,8,3,0,0,3,0,0,0,0,6,0,0.10714285714285714,2,0,0,0,0,1,1,1,4.7159,20,1,1
https://www.telegram.org,24,16,0,2,0,0,2,0,0,0,0,0,0,0.0,1,0,1,0,0,0,0,0,3.7721,8,0,0
https://www.intel.com/dashboard/profile/services?category=kb&id=7s9t,68,13,27,2,0,0,5,1,2,0,1,2,0,0.029411764705882353,1,0,1,0,0,0,0,0,4.5954,9,0,0
http://wallet-login-secure-jkaz.click/support?redirect=y4jufn24xc&token=rwdwf1tqv0r0,84,30,8,1,3,0,3,1,2,0,1,6,0,0.07142857142857142,0,0,0,0,0,1,4,0,4.8557,12,1,1
https://bestbuy.com/checkout?page=tkduw,39,11,9,1,0,0,3,1,1,0,0,0,0,0.0,0,0,1,0,0,0,0,0,4.1923,8,0,0
http://wellsfargo-billing-7ddm.zip/login,40,27,6,1,2,0,3,0,0,0,0,1,0,0.025,0,0,0,0,0,1,2,1,4.2939,10,1,1
http://instagram.com@instagram.com-dhzg5.cricket/suspend,56,27,8,2,1,0,3,0,0,1,0,1,0,0.017857142857142856,1,0,0,0,0,1,1,1,4.3406,13,1,1
http://rb7eyb4iwh7dca6wor9p7hp.google.kji6nr.click/verify,57,43,7,3,0,0,3,0,0,0,0,7,0,0.12280701754385964,2,0,0,0,0,1,2,1,4.6041,23,1,1
http://apple-password.zb1edm.tk/account,39,24,8,2,1,0,3,0,0,0,0,1,0,0.02564102564102564,1,0,0,0,0,1,2,1,4.3236,8,1,1
http://226.166.179.186/confirm/9lpxhv,37,15,15,3,0,0,4,0,0,0,0,13,0,0.35135135135135137,2,1,0,0,0,1,1,0,4.2497,7,0,1
http://yix79pbrtg6c2rra.microsoft.3plcgq.cf/unlock,50,36,7,3,0,0,3,0,0,0,0,5,0,0.1,2,0,0,0,0,1,1,1,4.5513,16,1,1
https://adobe.com/?q=z7c,24,9,1,1,0,0,3,1,1,0,0,1,0,0.041666666666666664,0,0,1,0,0,0,0,0,4.1368,5,0,0
https://www.atlassian.com/news/cart?ref=4e,42,17,10,2,0,0,4,1,1,0,0,1,0,0.023809523809523808,1,0,1,0,0,0,0,0,4.1362,9,0,0
http://wfpivd2igdxbz392n9.icloud.bo0akg.ml/alert,48,35,6,3,0,0,3,0,0,0,0,6,0,0.125,2,0,0,0,0,1,1,1,4.6989,18,1,1
https://www.netflix.com/cart?id=9yo18p&utm_source=ssu,53,15,5,2,0,1,3,1,2,0,1,3,0,0.05660377358490566,1,0,1,0,0,0,0,0,4.6452,7,0,0
https://instagram.com/blog/docs,31,13,10,1,0,0,4,0,0,0,0,0,0,0.0,0,0,1,0,0,0,0,0,3.9779,9,0,0
https://www.sony.com/services/cart,34,12,14,2,0,0,4,0,0,0,0,0,0,0.0,1,0,1,0,0,0,0,0,3.962,8,0,0
http://linkedin.com@linkedin.com-8l8dj.kim/suspend,50,22,8,2,1,0,3,0,0,1,0,2,0,0.04,1,0,0,0,0,1,1,1,4.2089,12,1,1
https://bing.com/profile/search/checkout?utm_source=9e,54,8,24,1,0,1,5,1,1,0,0,1,0,0.018518518518518517,0,0,1,0,0,0,0,0,4.3503,8,0,0
http://icloud-update-ba3r.work/about,36,23,6,1,2,0,3,0,0,0,0,1,0,0.027777777777777776,0,0,0,0,0,1,1,1,4.1416,6,1,1
https://141.22.210.76/confirm/n2k7it,36,13,15,3,0,0,4,0,0,0,0,12,0,0.3333333333333333,2,1,1,0,0,1,1,0,4.1626,7,0,1
https://heroku.com/search/login,31,10,13,1,0,0,4,0,0,0,0,0,0,0.0,0,0,1,0,0,1,1,0,4.0668,6,0,0
https://expedia.com/login/blog,30,11,11,1,0,0,4,0,0,0,0,0,0,0.0,0,0,1,0,0,1,1,0,4.0817,7,0,0
https://expedia.com/settings/home,33,11,14,1,0,0,4,0,0,0,0,0,0,0.0,0,0,1,0,0,0,0,0,3.87,8,0,0
http://06alumwfrgn1f32l0fi8z573v.facebook.f80jg2.review/password,64,48,9,3,0,0,3,0,0,0,0,13,0,0.203125,2,0,0,0,0,1,1,1,4.9117,25,1,1
https://lenovo.com,18,10,0,1,0,0,2,0,0,0,0,0,0,0.0,0,0,1,0,0,0,0,0,3.6835,6,0,0
https://www.asus.com,20,12,0,2,0,0,2,0,0,0,0,0,0,0.0,1,0,1,0,0,0,0,0,3.5464,5,0,0
https://www.docker.com/checkout?id=48wumh9,42,14,9,2,0,0,3,1,1,0,0,3,0,0.07142857142857142,1,0,1,0,0,0,0,0,4.2728,8,0,0
http://6rj09weew0oz2wcvft9o07fs.google.0gd5ml.zip/confirm,57,42,8,3,0,0,3,0,0,0,0,10,0,0.17543859649122806,2,0,0,0,0,1,1,1,4.6242,24,1,1
https://www.amd.com/?lang=jgqpq8r4&id=7jvlcg,44,11,1,2,0,0,3,1,2,0,1,3,0,0.06818181818181818,1,0,1,0,0,0,0,0,4.6352,8,0,0
https://www.intel.com/services,30,13,9,2,0,0,3,0,0,0,0,0,0,0.0,1,0,1,0,0,0,0,0,3.9144,8,0,0
https://www.docker.com/dashboard/help/blog,42,14,20,2,0,0,5,0,0,0,0,0,0,0.0,1,0,1,0,0,0,0,0,4.1096,9,0,0
http://login-recover-unlock-yvmt.top/blog?redirect=0rwrnbfzv1&token=jostchhi78lz,80,29,5,1,3,0,3,1,2,0,1,4,0,0.05,0,0,0,0,0,1,3,0,4.7445,12,1,1
http://tinyurl.com/s8ehivm,26,11,8,1,0,0,3,0,0,0,0,1,0,0.038461538461538464,0,0,0,0,1,0,0,0,4.1039,7,0,1
https://28.122.151.133/recover/rruhcu,37,14,15,3,0,0,4,0,0,0,0,11,0,0.2972972972972973,2,1,1,0,0,1,1,0,3.9795,7,0,1
https://195.234.239.243/password/rojvvf,39,15,16,3,0,0,4,0,0,0,0,12,0,0.3076923076923077,2,1,1,0,0,1,1,0,4.2336,8,0,1
https://asus.com/products/news/news?sort=2qd6vas&page=pwio,58,8,19,1,0,0,5,1,2,0,1,2,0,0.034482758620689655,0,0,1,0,0,0,0,0,4.3774,8,0,0
http://bankofamerica-secure.qiijnn.cf/update,44,30,7,2,1,0,3,0,0,0,0,0,0,0.0,1,0,0,0,0,1,3,1,4.3282,13,1,1
https://www.microsoft.com/news,30,17,5,2,0,0,3,0,0,0,0,0,0,0.0,1,0,1,0,0,0,0,0,3.8062,9,0,0
https://wikipedia.org/support/login?lang=p3,43,13,14,1,0,0,4,1,1,0,0,1,0,0.023255813953488372,0,0,1,0,0,1,1,0,4.2199,9,0,0
http://tinyurl.com/l2pf1te,26,11,8,1,0,0,3,0,0,0,0,2,0,0.07692307692307693,0,0,0,0,1,0,0,0,4.056,7,0,1
https://www.google.com/?category=nf74,37,14,1,2,0,0,3,1,1,0,0,2,0,0.05405405405405406,1,0,1,0,0,0,0,0,4.317,8,0,0
http://chase-login.qgdm1i.party/wallet,38,24,7,2,1,0,3,0,0,0,0,1,0,0.02631578947368421,1,0,0,0,0,1,2,1,4.3462,6,1,1
http://linkedin-authenticate.fa11pm.xyz/security,48,32,9,2,1,0,3,0,0,0,0,2,0,0.041666666666666664,1,0,0,0,0,1,2,1,4.3397,12,1,1
http://secure-unlock-confirm-ay1t.party/about?redirect=zvii8tpwd0&token=g2vorfsl0jjm,84,32,6,1,3,0,3,1,2,0,1,5,0,0.05952380952380952,0,0,0,0,0,1,3,0,4.8535,12,1,1
http://verify-ot760.click/yggafdr3,34,18,9,1,1,0,3,0,0,0,0,4,0,0.11764705882352941,0,0,0,0,0,1,2,0,4.4548,8,1,1
https://mit.edu,15,7,0,1,0,0,2,0,0,0,0,0,0,0.0,0,0,1,0,0,0,0,0,3.4566,5,0,0
https://vmware.com/dashboard/help,33,10,15,1,0,0,4,0,0,0,0,0,0,0.0,0,0,1,0,0,0,0,0,4.0289,9,0,0
https://www.sciencedirect.com/dashboard,39,21,10,2,0,0,3,0,0,0,0,0,0,0.0,1,0,1,0,0,0,0,0,4.0411,13,0,0
https://stackoverflow.com/cart,30,17,5,1,0,0,3,0,0,0,0,0,0,0.0,0,0,1,0,0,0,0,0,3.9647,13,0,0
http://account-ad0tq.cricket/en2z7mb4,37,21,9,1,1,0,3,0,0,0,0,4,0,0.10810810810810811,0,0,0,0,0,1,1,0,4.3888,8,1,1
http://amazon-signin.uktq5s.gq/alert,36,23,6,2,1,0,3,0,0,0,0,1,0,0.027777777777777776,1,0,0,0,0,1,2,1,4.2737,6,1,1
http://20.70.49.13/wallet/6lrlwp,32,11,14,3,0,0,4,0,0,0,0,9,0,0.28125,2,1,0,0,0,1,1,0,4.0153,6,0,1
http://amazon.com@amazon.com-imb9g.tk/signin,44,19,7,2,1,0,3,0,0,1,0,1,0,0.022727272727272728,1,0,0,0,0,1,1,1,4.0815,10,1,1
https://www.steam.com/login/products,36,13,15,2,0,0,4,0,0,0,0,0,0,0.0,1,0,1,0,0,1,1,0,4.107,8,0,0
https://www.facebook.com/signup/blog,36,16,12,2,0,0,4,0,0,0,0,0,0,0.0,1,0,1,0,0,0,0,0,4.2045,8,0,0
https://www.heroku.com/orders/settings?lang=goqmk,49,14,16,2,0,0,4,1,1,0,0,0,0,0.0,1,0,1,0,0,0,0,0,4.3694,8,0,0
http://eksk2vpajspj00vmpqyw.chase.5ixtwg.click/password,55,39,9,3,0,0,3,0,0,0,0,4,0,0.07272727272727272,2,0,0,0,0,1,2,1,4.5358,20,1,1
https://www.steam.com/login/search/login,40,13,19,2,0,0,5,0,0,0,0,0,0,0.0,1,0,1,0,0,1,1,0,4.0562,6,0,0
http://suspend-n2364.work/u9zyawxg,34,18,9,1,1,0,3,0,0,0,0,5,0,0.14705882352941177,0,0,0,0,0,1,1,0,4.5947,8,1,1
http://google-signin.xy7in1.top/security,40,24,9,2,1,0,3,0,0,0,0,2,0,0.05,1,0,0,0,0,1,2,1,4.1964,8,1,1
http://instagram-signin-mjrj.click/dashboard,44,27,10,1,2,0,3,0,0,0,0,0,0,0.0,0,0,0,0,0,1,2,1,4.2373,9,1,1
http://whatsapp-recover-fel3.cricket/cart,41,29,5,1,2,0,3,0,0,0,0,1,0,0.024390243902439025,0,0,0,0,0,1,1,1,4.0435,8,1,1
https://medium.com/?utm_source=30l,34,10,1,1,0,1,3,1,1,0,0,2,0,0.058823529411764705,0,0,1,0,0,0,0,0,4.1973,6,0,0
https://target.com/?sort=8rc64sk,32,10,1,1,0,0,3,1,1,0,0,3,0,0.09375,0,0,1,0,0,0,0,0,4.0664,7,0,0
http://520uprb2ja2lpn1m6u2llh22b.outlook.e4n252.party/signin,60,46,7,3,0,0,3,0,0,0,0,14,0,0.23333333333333334,2,0,0,0,0,1,1,1,4.4566,25,1,1
https://www.w3.org,18,10,0,2,0,0,2,0,0,0,0,1,0,0.05555555555555555,1,0,1,0,0,0,0,0,3.3921,5,0,0
https://khanacademy.org/login/search?ref=nhqnjvdp,49,15,13,1,0,0,4,1,1,0,0,0,0,0.0,0,0,1,0,0,1,1,0,4.4819,11,0,0
https://www.walmart.com/home?category=5u6jzv9,45,15,5,2,0,0,3,1,1,0,0,3,0,0.06666666666666667,1,0,1,0,0,0,0,0,4.4914,8,0,0
https://www.nvidia.com/login/about,34,14,12,2,0,0,4,0,0,0,0,0,0,0.0,1,0,1,0,0,1,1,0,4.1163,6,0,0
https://www.github.com,22,14,0,2,0,0,2,0,0,0,0,0,0,0.0,1,0,1,0,0,0,0,0,3.7544,6,0,0
https://www.hsbc.com/about,26,12,6,2,0,0,3,0,0,0,0,0,0,0.0,1,0,1,0,0,0,0,0,3.6903,5,0,0
https://22.122.169.94/password/wawo7p,37,13,16,3,0,0,4,0,0,0,0,11,0,0.2972972972972973,2,1,1,0,0,1,1,0,3.9927,8,0,1
http://update-gw8c4.xyz/ip3m7zum,32,16,9,1,1,0,3,0,0,0,0,4,0,0.125,0,0,0,0,0,1,1,0,4.3667,8,1,1
https://www.ibm.com/checkout,28,11,9,2,0,0,3,0,0,0,0,0,0,0.0,1,0,1,0,0,0,0,0,3.8424,8,0,0
http://whatsapp-confirm-3jlz.work/help,38,26,5,1,2,0,3,0,0,0,0,1,0,0.02631578947368421,0,0,0,0,0,1,1,1,4.3462,8,1,1
https://stackoverflow.com/profile/news,38,17,13,1,0,0,4,0,0,0,0,0,0,0.0,0,0,1,0,0,0,0,0,4.1357,13,0,0
http://amazon-login.kot16m.xyz/password,39,23,9,2,1,0,3,0,0,0,0,2,0,0.05128205128205128,1,0,0,0,0,1,2,1,4.4068,8,1,1
http://icloud-wallet-1ftt.link/api,34,23,4,1,2,0,3,0,0,0,0,1,0,0.029411764705882353,0,0,0,0,0,1,1,1,4.0545,6,1,1
https://www.udemy.com/products/help?q=kcqy2,43,13,14,2,0,0,4,1,1,0,0,1,0,0.023255813953488372,1,0,1,0,0,0,0,0,4.3328,8,0,0
https://expedia.com/checkout/news/api?ref=v20ya,47,11,18,1,0,0,5,1,1,0,0,2,0,0.0425531914893617,0,0,1,0,0,0,0,0,4.4857,8,0,0
http://recover-secure-alert-9j52.work/products?redirect=6ujlqv62j1&token=6w8minq4o7vs,85,30,9,1,3,0,3,1,2,0,1,11,0,0.12941176470588237,0,0,0,0,0,1,3,0,4.8046,12,1,1
http://microsoft.com@microsoft.com-72i2f.click/security,55,25,9,2,1,0,3,0,0,1,0,3,0,0.05454545454545454,1,0,0,0,0,1,2,1,4.1058,13,1,1
http://account-suspend-wallet-9uzc.cricket/search?redirect=qrlvc35ty4&token=0qculvuksvzo,88,35,7,1,3,0,3,1,2,0,1,5,0,0.056818181818181816,0,0,0,0,0,1,3,0,4.6562,12,1,1
https://56.102.211.147/suspend/sx9dxz,37,14,15,3,0,0,4,0,0,0,0,12,0,0.32432432432432434,2,1,1,0,0,1,1,0,4.162,7,0,1
https://www.booking.com/dashboard,33,15,10,2,0,0,3,0,0,0,0,0,0,0.0,1,0,1,0,0,0,0,0,4.0896,9,0,0
http://goo.gl/g3rxokp,21,6,8,1,0,0,3,0,0,0,0,1,0,0.047619047619047616,0,0,0,0,1,0,0,0,3.5226,7,0,1
http://iadpz9q8su5nkc419u772ns8.paypal.erkd0r.work/signin,57,43,7,3,0,0,3,0,0,0,0,11,0,0.19298245614035087,2,0,0,0,0,1,1,1,4.7577,24,1,1
http://ymomlf65j1vrkf4ht69.amazon.a14350.click/secure,53,39,7,3,0,0,3,0,0,0,0,11,0,0.20754716981132076,2,0,0,0,0,1,2,1,4.7745,19,1,1
https://www.intel.com,21,13,0,2,0,0,2,0,0,0,0,0,0,0.0,1,0,1,0,0,0,0,0,3.749,5,0,0
https://www.steam.com/?q=h6k6h&ref=6zzoi,40,13,1,2,0,0,3,1,2,0,1,3,0,0.075,1,0,1,0,0,0,0,0,4.3776,5,0,0
http://bit.ly/rizk7c5,21,6,8,1,0,0,3,0,0,0,0,2,0,0.09523809523809523,0,0,0,0,1,0,0,0,3.8442,7,0,1
https://www.yahoo.com/contact,29,13,8,2,0,0,3,0,0,0,0,0,0,0.0,1,0,1,0,0,0,0,0,3.6075,7,0,0
https://www.hsbc.com,20,12,0,2,0,0,2,0,0,0,0,0,0,0.0,1,0,1,0,0,0,0,0,3.4842,5,0,0
https://google.com,18,10,0,1,0,0,2,0,0,0,0,0,0,0.0,0,0,1,0,0,0,0,0,3.5724,6,0,0
http://linkedin-urgent.bj2w6p.link/unlock,41,27,7,2,1,0,3,0,0,0,0,2,0,0.04878048780487805,1,0,0,0,0,1,2,1,4.2994,8,1,1
https://www.sony.com/orders/settings/home,41,12,21,2,0,0,5,0,0,0,0,0,0,0.0,1,0,1,0,0,0,0,0,3.9251,8,0,0
https://samsung.com/products?utm_source=re,42,11,9,1,0,1,3,1,1,0,0,0,0,0.0,0,0,1,0,0,0,0,0,4.0736,8,0,0
https://www.paypal.com/profile/contact/dashboard?id=dut076g5&id=2g05k,69,14,26,2,0,0,5,1,2,0,1,7,0,0.10144927536231885,1,0,1,0,0,0,0,0,4.736,9,0,0
https://www.figma.com/orders,28,13,7,2,0,0,3,0,0,0,0,0,0,0.0,1,0,1,0,0,0,0,0,4.0391,6,0,0
https://canva.com/?q=70,23,9,1,1,0,0,3,1,1,0,0,2,0,0.08695652173913043,0,0,1,0,0,0,0,0,4.056,5,0,0
https://www.un.org/?ref=03uvule,31,10,1,2,0,0,3,1,1,0,0,2,0,0.06451612903225806,1,0,1,0,0,0,0,0,4.236,7,0,0
https://www.zoom.us/?lang=2vajepec,34,11,1,2,0,0,3,1,1,0,0,1,0,0.029411764705882353,1,0,1,0,0,0,0,0,4.396,8,0,0
https://www.cisco.com/services/support?category=2lk2n7&page=a07h23,66,13,17,2,0,0,4,1,2,0,1,7,0,0.10606060606060606,1,0,1,0,0,0,0,0,4.6165,8,0,0
http://6bu9xrdt1n0nrxyco8rbt4.chase.obks3i.ml/signin,52,38,7,3,0,0,3,0,0,0,0,7,0,0.1346153846153846,2,0,0,0,0,1,1,1,4.6903,22,1,1
http://paypal-recover.o88uog.work/alert,39,26,6,2,1,0,3,0,0,0,0,2,0,0.05128205128205128,1,0,0,0,0,1,2,1,4.1117,7,1,1
https://www.un.org/services/account/dashboard?q=ytl&category=fmuiw7,67,10,27,2,0,0,5,1,2,0,1,1,0,0.014925373134328358,1,0,1,0,0,1,1,0,4.6224,9,0,0
https://www.khanacademy.org/api,31,19,4,2,0,0,3,0,0,0,0,0,0,0.0,1,0,1,0,0,0,0,0,4.1313,11,0,0
http://unlock-validate-account-u2ma.cricket/cart?redirect=0ds1bhrnlq&token=lfwuuiu52w85,87,36,5,1,3,0,3,1,2,0,1,7,0,0.08045977011494253,0,0,0,0,0,1,3,0,4.6985,12,1,1
https://www.facebook.com/api/cart/products,42,16,18,2,0,0,5,0,0,0,0,0,0,0.0,1,0,1,0,0,0,0,0,4.062,8,0,0
https://www.samsung.com/?sort=7yjf30kh,38,15,1,2,0,0,3,1,1,0,0,3,0,0.07894736842105263,1,0,1,0,0,0,0,0,4.4515,8,0,0
https://www.zoom.us/search,26,11,7,2,0,0,3,0,0,0,0,0,0,0.0,1,0,1,0,0,0,0,0,3.8441,6,0,0
https://www.cnn.com/api/services/help?page=d835k,48,11,18,2,0,0,5,1,1,0,0,3,0,0.0625,1,0,1,0,0,0,0,0,4.4626,8,0,0
https://www.stanford.edu,24,16,0,2,0,0,2,0,0,0,0,0,0,0.0,1,0,1,0,0,0,0,0,3.8554,8,0,0
https://www.chase.com/login/products/profile?ref=fqjg,53,13,23,2,0,0,5,1,1,0,0,0,0,0.0,1,0,1,0,0,1,1,0,4.4515,8,0,0
https://220.236.221.180/verify/szork6,37,15,14,3,0,0,4,0,0,0,0,13,0,0.35135135135135137,2,1,1,0,0,1,1,0,4.2266,6,0,1
http://password-wallet-confirm-b2jm.kim/search?redirect=5h3z4lb0fm&token=itwphkokpy98,85,32,7,1,3,0,3,1,2,0,1,7,0,0.08235294117647059,0,0,0,0,0,1,3,0,4.8798,12,1,1
http://validate-login-billing-cpkj.kim/docs?redirect=g8z44j9lko&token=pj1fi4x65ecc,82,31,5,1,3,0,3,1,2,0,1,8,0,0.0975609756097561,0,0,0,0,0,1,3,0,4.8194,12,1,1
https://www.python.org/orders,29,14,7,2,0,0,3,0,0,0,0,0,0,0.0,1,0,1,0,0,0,0,0,3.7623,6,0,0
http://tinyurl.com/wj6pvoc,26,11,8,1,0,0,3,0,0,0,0,1,0,0.038461538461538464,0,0,0,0,1,0,0,0,4.1039,7,0,1
http://apple-update.qefrsa.link/validate,40,24,9,2,1,0,3,0,0,0,0,0,0,0.0,1,0,0,0,0,1,2,1,4.0439,8,1,1
http://2.140.178.150/billing/fh7b0a,35,13,15,3,0,0,4,0,0,0,0,12,0,0.34285714285714286,2,1,0,0,0,1,1,0,4.1503,7,0,1
https://stackoverflow.com/?q=szn9dde3&id=xek47,46,17,1,1,0,0,3,1,2,0,1,4,0,0.08695652173913043,0,0,1,0,0,0,0,0,4.7729,13,0,0
http://amazon-update.57paco.cricket/alert,41,28,6,2,1,0,3,0,0,0,0,2,0,0.04878048780487805,1,0,0,0,0,1,2,1,4.181,7,1,1
https://www.sony.com/blog/products?ref=pbhsah,45,12,14,2,0,0,4,1,1,0,0,0,0,0.0,1,0,1,0,0,0,0,0,4.3581,8,0,0
http://my93pomv7mbci56fjpz.linkedin.42q8bz.zip/signin,53,39,7,3,0,0,3,0,0,0,0,8,0,0.1509433962264151,2,0,0,0,0,1,1,1,4.6991,19,1,1
https://www.office.com/home?category=18a4jvk,44,14,5,2,0,0,3,1,1,0,0,3,0,0.06818181818181818,1,0,1,0,0,0,0,0,4.51,8,0,0
https://www.irs.gov/settings?id=7187f,37,11,9,2,0,0,3,1,1,0,0,4,0,0.10810810810810811,1,0,1,0,0,0,0,0,4.2293,8,0,0
https://logitech.com/services/home,34,12,14,1,0,0,4,0,0,0,0,0,0,0.0,0,0,1,0,0,0,0,0,3.8,8,0,0
https://www.wikipedia.org/cart/checkout?lang=1n,47,17,14,2,0,0,4,1,1,0,0,1,0,0.02127659574468085,1,0,1,0,0,0,0,0,4.3575,9,0,0
http://instagram-unlock-05t1.review/cart,40,28,5,1,2,0,3,0,0,0,0,3,0,0.075,0,0,0,0,0,1,1,1,4.4251,9,1,1
http://outlook.com@outlook.com-ubb9m.ml/security,48,20,9,2,1,0,3,0,0,1,0,1,0,0.020833333333333332,1,0,0,0,0,1,1,1,4.0302,11,1,1
https://twitter.com/docs/about/login?utm_source=c86y5o44&ref=xu1srd,67,11,17,1,0,1,5,1,2,0,1,6,0,0.08955223880597014,0,0,1,0,0,1,1,0,4.6702,8,0,0
https://www.bankofamerica.com/api/services,42,21,13,2,0,0,4,0,0,0,0,0,0,0.0,1,0,1,0,0,1,1,0,4.1596,13,0,0
http://update-unlock-billing-o3t9.cricket/about?redirect=z3g9r304ab&token=iscw1pz117ib,86,34,6,1,3,0,3,1,2,0,1,11,0,0.12790697674418605,0,0,0,0,0,1,3,0,4.7486,12,1,1
https://telegram.org/blog/checkout/orders,41,12,21,1,0,0,5,0,0,0,0,0,0,0.0,0,0,1,0,0,0,0,0,3.9828,8,0,0
http://rcw9ibgjewvpg6vc.chase.4paiiu.top/password,49,33,9,3,0,0,3,0,0,0,0,3,0,0.061224489795918366,2,0,0,0,0,1,1,1,4.3566,16,1,1
https://oracle.com/?q=xn8bfqnp&page=nlk8ag,42,10,1,1,0,0,3,1,2,0,1,2,0,0.047619047619047616,0,0,1,0,0,0,0,0,4.5109,8,0,0
http://office365-security-00o7.cricket/checkout,47,31,9,1,2,0,3,0,0,0,0,6,0,0.1276595744680851,0,0,0,0,0,1,1,1,4.206,9,1,1
https://python.org/?page=q5dz53x,32,10,1,1,0,0,3,1,1,0,0,3,0,0.09375,0,0,1,0,0,0,0,0,4.3042,7,0,0
http://bit.ly/uupgnif,21,6,8,1,0,0,3,0,0,0,0,0,0,0.0,0,0,0,0,1,0,0,0,3.6538,7,0,1
http://icloud-verify-8day.top/signup,36,22,7,1,2,0,3,0,0,0,0,1,0,0.027777777777777776,0,0,0,0,0,1,1,1,4.3638,6,1,1
https://www.cnn.com,19,11,0,2,0,0,2,0,0,0,0,0,0,0.0,1,0,1,0,0,0,0,0,3.4714,5,0,0
http://linkedin.com@linkedin.com-im28a.click/confirm,52,24,8,2,1,0,3,0,0,1,0,2,0,0.038461538461538464,1,0,0,0,0,1,2,1,4.1496,12,1,1
https://intel.com,17,9,0,1,0,0,2,0,0,0,0,0,0,0.0,0,0,1,0,0,0,0,0,3.6901,5,0,0
https://www.hsbc.com/checkout/docs,34,12,14,2,0,0,4,0,0,0,0,0,0,0.0,1,0,1,0,0,0,0,0,3.7526,8,0,0
https://www.notion.so,21,13,0,2,0,0,2,0,0,0,0,0,0,0.0,1,0,1,0,0,0,0,0,3.3321,6,0,0
https://bbc.com/?category=7cm,29,7,1,1,0,0,3,1,1,0,0,1,0,0.034482758620689655,0,0,1,0,0,0,0,0,4.0473,8,0,0
http://paypal-login-7ac6.top/signup,35,21,7,1,2,0,3,0,0,0,0,2,0,0.05714285714285714,0,0,0,0,0,1,1,1,4.0472,6,1,1
https://harvard.edu/about/support?ref=n0jnw,43,11,14,1,0,0,4,1,1,0,0,1,0,0.023255813953488372,0,0,1,0,0,0,0,0,4.2573,7,0,0
http://google-confirm.jzf4ep.xyz/alert,38,25,6,2,1,0,3,0,0,0,0,1,0,0.02631578947368421,1,0,0,0,0,1,2,1,4.379,7,1,1
https://lyft.com/home,21,8,5,1,0,0,3,0,0,0,0,0,0,0.0,0,0,1,0,0,0,0,0,3.6538,5,0,0
http://paypal-recover.y2xdey.review/security,44,28,9,2,1,0,3,0,0,0,0,1,0,0.022727272727272728,1,0,0,0,0,1,2,1,4.1918,8,1,1
https://expedia.com/orders/search/help,38,11,19,1,0,0,5,0,0,0,0,0,0,0.0,0,0,1,0,0,0,0,0,3.8732,7,0,0
https://www.facebook.com/support,32,16,8,2,0,0,3,0,0,0,0,0,0,0.0,1,0,1,0,0,0,0,0,3.9681,8,0,0
https://www.nvidia.com/checkout/profile/login,45,14,23,2,0,0,5,0,0,0,0,0,0,0.0,1,0,1,0,0,1,1,0,4.2946,8,0,0
http://chase.com@chase.com-i4sp7.click/login,44,21,6,2,1,0,3,0,0,1,0,2,0,0.045454545454545456,1,0,0,0,0,1,2,1,4.1858,9,1,1
https://www.booking.com/?page=lqhr,34,15,1,2,0,0,3,1,1,0,0,0,0,0.0,1,0,1,0,0,0,0,0,4.3738,7,0,0
http://amazon-verify.82xeu7.party/authenticate,46,26,13,2,1,0,3,0,0,0,0,3,0,0.06521739130434782,1,0,0,0,0,1,2,1,4.3089,12,1,1
https://udemy.com,17,9,0,1,0,0,2,0,0,0,0,0,0,0.0,0,0,1,0,0,0,0,0,3.7345,5,0,0
http://validate-8kkls.top/uwetowtk,34,18,9,1,1,0,3,0,0,0,0,1,0,0.029411764705882353,0,0,0,0,0,1,1,0,3.9987,8,1,1
http://security-1nidt.cricket/lvqbrw3g,38,22,9,1,1,0,3,0,0,0,0,2,0,0.05263157894736842,0,0,0,0,0,1,1,0,4.3893,8,1,1
https://lyft.com/home?q=yme,27,8,5,1,0,0,3,1,1,0,0,0,0,0.0,0,0,1,0,0,0,0,0,3.9303,5,0,0
https://www.nature.com/orders/home,34,14,12,2,0,0,4,0,0,0,0,0,0,0.0,1,0,1,0,0,0,0,0,3.9176,6,0,0
http://login-r4dto.kim/uflv4ba7,31,15,9,1,1,0,3,0,0,0,0,3,0,0.0967741935483871,0,0,0,0,0,1,1,0,4.3894,8,1,1
http://urgent-alert-security-86o2.gq/contact?redirect=8weji4p0e4&token=y5x6zie5apcb,83,29,8,1,3,0,3,1,2,0,1,10,0,0.12048192771084337,0,0,0,0,0,1,3,0,4.775,12,1,1
http://facebook-verify-0zpz.cf/login,36,23,6,1,2,0,3,0,0,0,0,1,0,0.027777777777777776,0,0,0,0,0,1,2,1,4.3848,8,1,1
https://www.wikipedia.org/products/signup/home,46,17,21,2,0,0,5,0,0,0,0,0,0,0.0,1,0,1,0,0,0,0,0,4.135,9,0,0
http://validate-authenticate-alert-5fnx.link/support?redirect=4ssd1jiuoi&token=z6aaivw947xk,91,37,8,1,3,0,3,1,2,0,1,7,0,0.07692307692307693,0,0,0,0,0,1,3,0,4.7169,12,1,1
https://www.nasa.gov/news/support,33,12,13,2,0,0,4,0,0,0,0,0,0,0.0,1,0,1,0,0,0,0,0,3.7865,7,0,0
https://nytimes.com/services/orders,35,11,16,1,0,0,4,0,0,0,0,0,0,0.0,0,0,1,0,0,0,0,0,3.8402,8,0,0
https://www.medium.com/docs,27,14,5,2,0,0,3,0,0,0,0,0,0,0.0,1,0,1,0,0,0,0,0,3.7821,6,0,0
http://urgent-alert-security-vy4h.kim/contact?redirect=gvxbcvlmei&token=lnb0cikgo40q,84,30,8,1,3,0,3,1,2,0,1,4,0,0.047619047619047616,0,0,0,0,0,1,3,0,4.6519,12,1,1
https://pinterest.com/checkout?utm_source=jfgj&ref=jiwv,55,13,9,1,0,1,3,1,2,0,1,0,0,0.0,0,0,1,0,0,0,0,0,4.4059,9,0,0
https://twitter.com/cart/news/home,34,11,15,1,0,0,5,0,0,0,0,0,0,0.0,0,0,1,0,0,0,0,0,3.7382,7,0,0
http://signin-urgent-recover-pqcm.link/login?redirect=vzbdgvvvvd&token=kt97axuhzd9o,83,31,6,1,3,0,3,1,2,0,1,3,0,0.03614457831325301,0,0,0,0,0,1,4,0,4.6608,12,1,1
https://ibm.com/search?lang=pa5&q=wf,36,7,7,1,0,0,3,1,2,0,1,1,0,0.027777777777777776,0,0,1,0,0,0,0,0,4.5169,6,0,0
https://www.docker.com/services/contact/services?page=ww,56,14,26,2,0,0,5,1,1,0,0,0,0,0.0,1,0,1,0,0,0,0,0,4.1402,8,0,0
https://www.facebook.com/blog/products,38,16,14,2,0,0,4,0,0,0,0,0,0,0.0,1,0,1,0,0,0,0,0,4.146,8,0,0
https://www.w3.org/blog?q=7ppc&ref=uvl9,39,10,5,2,0,0,3,1,2,0,1,3,0,0.07692307692307693,1,0,1,0,0,0,0,0,4.4775,5,0,0
https://www.airbnb.com/search/blog/cart,39,14,17,2,0,0,5,0,0,0,0,0,0,0.0,1,0,1,0,0,0,0,0,4.0511,6,0,0
https://www.atlassian.com/cart/help?utm_source=5ia,50,17,10,2,0,1,4,1,1,0,0,1,0,0.02,1,0,1,0,0,0,0,0,4.2693,9,0,0
http://209.223.74.93/authenticate/8rhoeh,40,13,20,3,0,0,4,0,0,0,0,11,0,0.275,2,1,0,0,0,1,1,0,4.1251,12,0,1
https://www.reddit.com/dashboard/support/cart,45,14,23,2,0,0,5,0,0,0,0,0,0,0.0,1,0,1,0,0,0,0,0,3.9587,9,0,0
http://amazon-wallet.7prjhh.cricket/suspend,43,28,8,2,1,0,3,0,0,0,0,1,0,0.023255813953488372,1,0,0,0,0,1,2,1,4.4083,7,1,1
http://bit.ly/70n6jbp,21,6,8,1,0,0,3,0,0,0,0,3,0,0.14285714285714285,0,0,0,0,1,0,0,0,3.749,7,0,1
http://alert-update-wallet-cmb4.xyz/signup?redirect=nvjqjinh1k&token=504k34euz9qj,81,28,7,1,3,0,3,1,2,0,1,8,0,0.09876543209876543,0,0,0,0,0,1,3,0,4.962,12,1,1
https://www.instacart.com/support/cart/contact?category=am9,59,17,21,2,0,0,5,1,1,0,0,1,0,0.01694915254237288,1,0,1,0,0,0,0,0,4.0619,9,0,0
http://65.44.112.250/signin/xc5rex,34,13,14,3,0,0,4,0,0,0,0,11,0,0.3235294117647059,2,1,0,0,0,1,1,0,4.1607,6,0,1
http://unlock-7qirj.click/vbaxiaqj,34,18,9,1,1,0,3,0,0,0,0,1,0,0.029411764705882353,0,0,0,0,0,1,2,0,4.315,8,1,1
https://www.expedia.com/settings/api/blog?utm_source=70e,56,15,18,2,0,1,5,1,1,0,0,2,0,0.03571428571428571,1,0,1,0,0,0,0,0,4.4886,8,0,0
http://cmnia2y7vfhpd6vq8.bankofamerica.1ly0oc.click/authenticate,64,44,13,3,0,0,3,0,0,0,0,6,0,0.09375,2,0,0,0,0,1,3,1,4.5874,17,1,1
https://www.discord.com/profile/products/about?ref=e6u&ref=iwzo,63,15,23,2,0,0,5,1,2,0,1,1,0,0.015873015873015872,1,0,1,0,0,0,0,0,4.3898,8,0,0
https://www.heroku.com/blog/account/api?lang=146vey,51,14,17,2,0,0,5,1,1,0,0,3,0,0.058823529411764705,1,0,1,0,0,1,1,0,4.6013,7,0,0
https://wikipedia.org/dashboard/cart/profile,44,13,23,1,0,0,5,0,0,0,0,0,0,0.0,0,0,1,0,0,0,0,0,4.0815,9,0,0
http://t.co/ctftt7i,19,4,8,1,0,0,3,0,0,0,0,1,0,0.05263157894736842,0,0,0,0,1,0,0,0,3.0761,7,0,1
https://www.notion.so/search/services,37,13,16,2,0,0,4,0,0,0,0,0,0,0.0,1,0,1,0,0,0,0,0,3.8411,8,0,0
https://lyft.com/?lang=ix7ib,28,8,1,1,0,0,3,1,1,0,0,1,0,0.03571428571428571,0,0,1,0,0,0,0,0,4.3249,5,0,0
http://apple-login-321d.zip/login,33,20,6,1,2,0,3,0,0,0,0,3,0,0.09090909090909091,0,0,0,0,0,1,1,1,4.0667,5,1,1
https://www.atlassian.com,25,17,0,2,0,0,2,0,0,0,0,0,0,0.0,1,0,1,0,0,0,0,0,3.7231,9,0,0
https://harvard.edu/news/blog?q=2vf&category=ot8h,49,11,10,1,0,0,4,1,2,0,1,2,0,0.04081632653061224,0,0,1,0,0,0,0,0,4.5989,8,0,0
https://www.hsbc.com/login/help/signup?id=nkf,45,12,18,2,0,0,5,1,1,0,0,0,0,0.0,1,0,1,0,0,1,1,0,4.3332,6,0,0
https://kubernetes.io/about/home/account?utm_source=d8,54,13,19,1,0,1,5,1,1,0,0,1,0,0.018518518518518517,0,0,1,0,0,1,1,0,4.2094,10,0,0
https://www.airbnb.com/home/dashboard/support?ref=3m0xo,55,14,23,2,0,0,5,1,1,0,0,2,0,0.03636363636363636,1,0,1,0,0,0,0,0,4.413,9,0,0
http://linkedin.com@linkedin.com-0jq9r.loan/password,52,23,9,2,1,0,3,0,0,1,0,2,0,0.038461538461538464,1,0,0,0,0,1,1,1,4.4576,12,1,1
https://www.forbes.com/signup/support,37,14,15,2,0,0,4,0,0,0,0,0,0,0.0,1,0,1,0,0,0,0,0,4.0131,7,0,0
https://spotify.com/services/checkout/home,42,11,23,1,0,0,5,0,0,0,0,0,0,0.0,0,0,1,0,0,0,0,0,3.9074,8,0,0
http://office365-password-psxm.top/dashboard,44,27,10,1,2,0,3,0,0,0,0,3,0,0.06818181818181818,0,0,0,0,0,1,1,1,4.2999,9,1,1
https://logitech.com/products,29,12,9,1,0,0,3,0,0,0,0,0,0,0.0,0,0,1,0,0,0,0,0,3.8833,8,0,0
https://www.nvidia.com/dashboard,32,14,10,2,0,0,3,0,0,0,0,0,0,0.0,1,0,1,0,0,0,0,0,4.0306,9,0,0
http://apple-urgent-lwy1.click/about,36,23,6,1,2,0,3,0,0,0,0,1,0,0.027777777777777776,0,0,0,0,0,1,2,1,4.2737,6,1,1
https://www.grubhub.com/api,27,15,4,2,0,0,3,0,0,0,0,0,0,0.0,1,0,1,0,0,0,0,0,3.9582,7,0,0
https://linkedin.com/contact/settings?category=wy,49,12,17,1,0,0,4,1,1,0,0,0,0,0.0,0,0,1,0,0,0,0,0,4.2133,8,0,0
https://www.walmart.com/services/products?q=g5gkzjru,52,15,18,2,0,0,4,1,1,0,0,1,0,0.019230769230769232,1,0,1,0,0,0,0,0,4.5321,8,0,0
https://target.com/login/support,32,10,14,1,0,0,4,0,0,0,0,0,0,0.0,0,0,1,0,0,1,1,0,3.9025,7,0,0
https://www.stackoverflow.com/dashboard,39,21,10,2,0,0,3,0,0,0,0,0,0,0.0,1,0,1,0,0,0,0,0,4.1311,13,0,0
http://cgw33a8ncxcwc0bo.netflix.gwhupo.gq/account,49,34,8,3,0,0,3,0,0,0,0,4,0,0.08163265306122448,2,0,0,0,0,1,1,1,4.3078,16,1,1
http://234.48.54.211/secure/9bd2ee,34,13,14,3,0,0,4,0,0,0,0,12,0,0.35294117647058826,2,1,0,0,0,1,1,0,4.0797,6,0,1
https://www.office.com/checkout?q=9p1&id=1bd2s,46,14,9,2,0,0,3,1,2,0,1,4,0,0.08695652173913043,1,0,1,0,0,0,0,0,4.5014,8,0,0
http://login-1pu8b.loan/z9roe19b,32,16,9,1,1,0,3,0,0,0,0,5,0,0.15625,0,0,0,0,0,1,1,0,4.2653,8,1,1
http://rj174wyags1kwqjl8ez31.google.t6erq5.xyz/unlock,53,39,7,3,0,0,3,0,0,0,0,9,0,0.16981132075471697,2,0,0,0,0,1,1,1,4.7461,21,1,1
https://uber.com/checkout/blog?ref=get1ghr,42,8,14,1,0,0,4,1,1,0,0,1,0,0.023809523809523808,0,0,1,0,0,0,0,0,4.1596,8,0,0
https://twitch.tv/profile/help,30,9,13,1,0,0,4,0,0,0,0,0,0,0.0,0,0,1,0,0,0,0,0,3.7362,7,0,0
http://1vaa4ltv5lx9beahza9t0z.apple.6m9zmx.kim/unlock,53,39,7,3,0,0,3,0,0,0,0,8,0,0.1509433962264151,2,0,0,0,0,1,1,1,4.48,22,1,1
https://www.notion.so/?lang=t8vt43pt,36,13,1,2,0,0,3,1,1,0,0,3,0,0.08333333333333333,1,0,1,0,0,0,0,0,4.0441,8,0,0
http://7erc4r6s34a1nfxgimydo5n1t.outlook.qdju0s.cricket/signin,62,48,7,3,0,0,3,0,0,0,0,9,0,0.14516129032258066,2,0,0,0,0,1,1,1,4.7706,25,1,1
http://icloud.com@icloud.com-4kzt2.cricket/password,51,24,9,2,1,0,3,0,0,1,0,2,0,0.0392156862745098,1,0,0,0,0,1,1,1,4.3364,10,1,1
http://login-rswg5.link/5s222j0c,32,16,9,1,1,0,3,0,0,0,0,6,0,0.1875,0,0,0,0,0,1,1,0,4.2653,8,1,1
https://bbc.com/profile/help/login,34,7,19,1,0,0,5,0,0,0,0,0,0,0.0,0,0,1,0,0,1,1,0,3.9735,7,0,0
http://4io2xm43o8jocuj.facebook.vxhshv.cricket/security,55,39,9,3,0,0,3,0,0,0,0,5,0,0.09090909090909091,2,0,0,0,0,1,1,1,4.4906,15,1,1
http://confirm-security-validate-5m8n.kim/settings?redirect=7vzfpdou0z&token=e3lnzkf3ikn9,89,34,9,1,3,0,3,1,2,0,1,7,0,0.07865168539325842,0,0,0,0,0,1,3,0,4.7723,12,1,1
http://bankofamerica-confirm.x5y7zj.click/update,48,34,7,2,1,0,3,0,0,0,0,2,0,0.041666666666666664,1,0,0,0,0,1,4,1,4.5794,13,1,1
https://www.linkedin.com/home/news?ref=evvhybf0&lang=fs0i,57,16,10,2,0,0,4,1,2,0,1,2,0,0.03508771929824561,1,0,1,0,0,0,0,0,4.5938,8,0,0
http://icloud.com@icloud.com-8l6m5.review/billing,49,23,8,2,1,0,3,0,0,1,0,3,0,0.061224489795918366,1,0,0,0,0,1,1,1,4.3599,10,1,1
http://kctq7vin5lvdo8yu98gfex6d.whatsapp.cledo5.cricket/signin,62,48,7,3,0,0,3,0,0,0,0,7,0,0.11290322580645161,2,0,0,0,0,1,1,1,4.7261,24,1,1
http://wallet-account-billing-do8t.top/products?redirect=mvw5oxio25&token=na8ky60p0hzw,86,31,9,1,3,0,3,1,2,0,1,8,0,0.09302325581395349,0,0,0,0,0,1,3,0,4.8134,12,1,1
https://www.mit.edu/contact?utm_source=r9p6h&id=2jtx,52,11,8,2,0,1,3,1,2,0,1,3,0,0.057692307692307696,1,0,1,0,0,0,0,0,4.5337,7,0,0
http://amazon-recover.ba9vqn.review/password,44,28,9,2,1,0,3,0,0,0,0,1,0,0.022727272727272728,1,0,0,0,0,1,2,1,4.3171,8,1,1
https://twitter.com/account?lang=mf&category=ig7jv,50,11,8,1,0,0,3,1,2,0,1,1,0,0.02,0,0,1,0,0,1,1,0,4.4704,8,0,0
http://netflix-authenticate.k83w1y.party/validate,49,33,9,2,1,0,3,0,0,0,0,3,0,0.061224489795918366,1,0,0,0,0,1,2,1,4.2857,12,1,1
http://netflix-recover.bzoujj.cricket/confirm,45,30,8,2,1,0,3,0,0,0,0,0,0,0.0,1,0,0,0,0,1,2,1,4.286,7,1,1
http://verify-unlock-validate-yurn.kim/checkout?redirect=vmo1obvysi&token=kjazf7489nzh,86,31,9,1,3,0,3,1,2,0,1,5,0,0.05813953488372093,0,0,0,0,0,1,3,0,4.8172,12,1,1
https://www.canva.com/orders?page=nm88ua,40,13,7,2,0,0,3,1,1,0,0,2,0,0.05,1,0,1,0,0,0,0,0,4.3342,6,0,0
https://235.195.254.60/unlock/0pkap7,36,14,14,3,0,0,4,0,0,0,0,13,0,0.3611111111111111,2,1,1,0,0,1,1,0,4.3292,6,0,1
http://wallet-veyje.top/si3wyztd,32,16,9,1,1,0,3,0,0,0,0,1,0,0.03125,0,0,0,0,0,1,1,0,4.09,8,1,1
http://whatsapp-account-lcbi.gq/profile,39,24,8,1,2,0,3,0,0,0,0,0,0,0.0,0,0,0,0,0,1,1,1,4.253,8,1,1
http://security-4e3qa.xyz/t12sba62,34,18,9,1,1,0,3,0,0,0,0,6,0,0.17647058823529413,0,0,0,0,0,1,1,0,4.4182,8,1,1
https://airbnb.com/products?id=zrp,34,10,9,1,0,0,3,1,1,0,0,0,0,0.0,0,0,1,0,0,0,0,0,4.1751,8,0,0
https://87.231.10.59/password/p6viar,36,12,16,3,0,0,4,0,0,0,0,10,0,0.2777777777777778,2,1,1,0,0,1,1,0,4.3292,8,0,1
https://www.ibm.com/checkout/account/api?id=rbjeqvvi&id=96k4o6,62,11,21,2,0,0,5,1,2,0,1,4,0,0.06451612903225806,1,0,1,0,0,1,1,0,4.6383,8,0,0
http://update-suspend-recover-i6so.review/about?redirect=nk33ah78y3&token=on2fol4vfzyk,86,34,6,1,3,0,3,1,2,0,1,8,0,0.09302325581395349,0,0,0,0,0,1,3,0,4.7814,12,1,1
https://www.dell.com/?utm_source=0kz,36,12,1,2,0,1,3,1,1,0,0,1,0,0.027777777777777776,1,0,1,0,0,0,0,0,4.3292,6,0,0
http://bankofamerica-update.0oqf8r.link/urgent,46,32,7,2,1,0,3,0,0,0,0,2,0,0.043478260869565216,1,0,0,0,0,1,3,1,4.4579,13,1,1
https://dropbox.com/docs/blog,29,11,10,1,0,0,4,0,0,0,0,0,0,0.0,0,0,1,0,0,0,0,0,3.768,7,0,0
http://r0g6hqhuxkup5gsu572.icloud.f08d28.zip/password,53,37,9,3,0,0,3,0,0,0,0,10,0,0.18867924528301888,2,0,0,0,0,1,1,1,4.6378,19,1,1
http://verify-ida6u.gq/cg41rk4m,31,15,9,1,1,0,3,0,0,0,0,4,0,0.12903225806451613,0,0,0,0,0,1,1,0,4.4782,8,1,1
https://www.apple.com/products/services?q=8aoy7r,48,13,18,2,0,0,4,1,1,0,0,2,0,0.041666666666666664,1,0,1,0,0,0,0,0,4.4073,8,0,0
https://www.stackoverflow.com/news/dashboard,44,21,15,2,0,0,4,0,0,0,0,0,0,0.0,1,0,1,0,0,0,0,0,4.1613,13,0,0
http://microsoft.com@microsoft.com-mu50c.link/wallet,52,24,7,2,1,0,3,0,0,1,0,2,0,0.038461538461538464,1,0,0,0,0,1,1,1,4.2512,13,1,1
http://billing-recover-confirm-0lyi.tk/services?redirect=4cuyf84typ&token=3zus98xuhxxc,86,31,9,1,3,0,3,1,2,0,1,7,0,0.08139534883720931,0,0,0,0,0,1,3,0,4.7927,12,1,1
http://icloud.com@icloud.com-xdnrg.xyz/urgent,45,20,7,2,1,0,3,0,0,1,0,0,0,0.0,1,0,0,0,0,1,1,1,4.2969,10,1,1
https://www.reddit.com/checkout?lang=frq8lx3,44,14,9,2,0,0,3,1,1,0,0,2,0,0.045454545454545456,1,0,1,0,0,0,0,0,4.6352,8,0,0
https://w3.org/search/cart/docs,31,6,17,1,0,0,5,0,0,0,0,1,0,0.03225806451612903,0,0,1,0,0,0,0,0,3.7726,6,0,0
http://bomvibzyfggk82p5yro.instagram.1wodgz.top/update,54,40,7,3,0,0,3,0,0,0,0,4,0,0.07407407407407407,2,0,0,0,0,1,1,1,4.572,19,1,1
https://www.vmware.com/dashboard/profile/docs,45,14,23,2,0,0,5,0,0,0,0,0,0,0.0,1,0,1,0,0,0,0,0,4.1445,9,0,0
https://steam.com/signup/login,30,9,13,1,0,0,4,0,0,0,0,0,0,0.0,0,0,1,0,0,1,1,0,3.9232,6,0,0
http://icloud.com@icloud.com-e2kq0.xyz/urgent,45,20,7,2,1,0,3,0,0,1,0,2,0,0.044444444444444446,1,0,0,0,0,1,1,1,4.4914,10,1,1
http://goo.gl/jxa2ymp,21,6,8,1,0,0,3,0,0,0,0,1,0,0.047619047619047616,0,0,0,0,1,0,0,0,3.7849,7,0,1
https://47.99.193.98/password/s5qmlc,36,12,16,3,0,0,4,0,0,0,0,10,0,0.2777777777777778,2,1,1,0,0,1,1,0,4.2601,8,0,1
https://youtube.com/blog/about?lang=aym0wbgl,44,11,11,1,0,0,4,1,1,0,0,1,0,0.022727272727272728,0,0,1,0,0,0,0,0,4.209,8,0,0
http://validate-mbfog.top/exb92yfa,34,18,9,1,1,0,3,0,0,0,0,2,0,0.058823529411764705,0,0,0,0,0,1,1,0,4.2784,8,1,1
http://paypal-confirm.j4anli.review/unlock,42,28,7,2,1,0,3,0,0,0,0,1,0,0.023809523809523808,1,0,0,0,0,1,2,1,4.4273,7,1,1
https://airbnb.com/products,27,10,9,1,0,0,3,0,0,0,0,0,0,0.0,0,0,1,0,0,0,0,0,3.9582,8,0,0
http://security-wallet-confirm-jz3n.party/support?redirect=1trbxazvvj&token=qrwygs8o79vr,88,34,8,1,3,0,3,1,2,0,1,5,0,0.056818181818181816,0,0,0,0,0,1,3,0,4.8746,12,1,1
https://www.ebay.com/?utm_source=6drn,37,12,1,2,0,1,3,1,1,0,0,1,0,0.02702702702702703,1,0,1,0,0,0,0,0,4.3915,6,0,0
http://icloud-confirm.yh0g0x.work/wallet,40,26,7,2,1,0,3,0,0,0,0,2,0,0.05,1,0,0,0,0,1,2,1,4.4964,7,1,1
http://wellsfargo-update.iy1gqf.link/login,42,29,6,2,1,0,3,0,0,0,0,1,0,0.023809523809523808,1,0,0,0,0,1,2,1,4.4157,10,1,1
http://is.gd/qrr4zgm,20,5,8,1,0,0,3,0,0,0,0,1,0,0.05,0,0,0,0,1,0,0,0,3.7842,7,0,1
http://paypal-urgent.7rbrxd.xyz/wallet,38,24,7,2,1,0,3,0,0,0,0,1,0,0.02631578947368421,1,0,0,0,0,1,2,1,4.2012,6,1,1
https://www.doordash.com/account?page=pkxywz,44,16,8,2,0,0,3,1,1,0,0,0,0,0.0,1,0,1,0,0,1,1,0,4.3736,8,0,0
http://update-authenticate-login-6ayl.tk/contact?redirect=5ljm6c7luv&token=cthbzokiyg19,87,33,8,1,3,0,3,1,2,0,1,6,0,0.06896551724137931,0,0,0,0,0,1,3,0,4.6565,12,1,1
http://google-password.n3tyk8.link/secure,41,27,7,2,1,0,3,0,0,0,0,2,0,0.04878048780487805,1,0,0,0,0,1,2,1,4.4362,8,1,1
https://www.coursera.org/?lang=33vm89i9&sort=2u,47,16,1,2,0,0,3,1,2,0,1,6,0,0.1276595744680851,1,0,1,0,0,0,0,0,4.5807,8,0,0
http://alert-8mmu9.xyz/6lxynuwp,31,15,9,1,1,0,3,0,0,0,0,3,0,0.0967741935483871,0,0,0,0,0,1,1,0,4.2603,8,1,1
https://bestbuy.com/settings/api,32,11,13,1,0,0,4,0,0,0,0,0,0,0.0,0,0,1,0,0,0,0,0,3.8872,8,0,0
https://214.108.155.247/unlock/ubk6s2,37,15,14,3,0,0,4,0,0,0,0,14,0,0.3783783783783784,2,1,1,0,0,1,1,0,4.2834,6,0,1
http://security-45ip6.party/8khv4qlj,36,20,9,1,1,0,3,0,0,0,0,5,0,0.1388888888888889,0,0,0,0,0,1,1,0,4.4058,8,1,1
https://ibm.com/contact?lang=ejgubl,35,7,8,1,0,0,3,1,1,0,0,0,0,0.0,0,0,1,0,0,0,0,0,4.229,7,0,0
https://citibank.com/blog/about/about,37,12,17,1,0,0,5,0,0,0,0,0,0,0.0,0,0,1,0,0,1,1,0,3.8588,8,0,0
http://recover-alert-account-3rmz.tk/news?redirect=zxfcn0eahr&token=x0d9y9b1yp4b,80,29,5,1,3,0,3,1,2,0,1,7,0,0.0875,0,0,0,0,0,1,3,0,4.7728,12,1,1
http://dl60yokr78l1mrd.amazon.8jpabs.tk/authenticate,52,32,13,3,0,0,3,0,0,0,0,6,0,0.11538461538461539,2,0,0,0,0,1,1,1,4.573,15,1,1
https://samsung.com/news,24,11,5,1,0,0,3,0,0,0,0,0,0,0.0,0,0,1,0,0,0,0,0,3.8035,7,0,0
http://google-unlock.83juwl.click/password,42,26,9,2,1,0,3,0,0,0,0,2,0,0.047619047619047616,1,0,0,0,0,1,3,1,4.404,8,1,1
https://www.coursera.org/settings/login,39,16,15,2,0,0,4,0,0,0,0,0,0,0.0,1,0,1,0,0,1,1,0,3.9772,8,0,0
https://www.figma.com/docs,26,13,5,2,0,0,3,0,0,0,0,0,0,0.0,1,0,1,0,0,0,0,0,3.8731,5,0,0
http://e42w4qyahan6cadoua.outlook.yk2lal.review/verify,54,40,7,3,0,0,3,0,0,0,0,5,0,0.09259259259259259,2,0,0,0,0,1,1,1,4.47,18,1,1
https://usa.gov/docs/contact/products?ref=070e,46,7,22,1,0,0,5,1,1,0,0,3,0,0.06521739130434782,0,0,1,0,0,0,0,0,4.1927,8,0,0
https://www.samsung.com/contact/products,40,15,17,2,0,0,4,0,0,0,0,0,0,0.0,1,0,1,0,0,0,0,0,3.8939,8,0,0
https://www.w3.org/products/login/cart?utm_source=9aryeav&ref=hr3,65,10,20,2,0,1,5,1,2,0,1,3,0,0.046153846153846156,1,0,1,0,0,1,1,0,4.5663,8,0,0
http://unlock-security-signin-6n0t.ml/dashboard?redirect=y13vw40f72&token=ve4irf7bcu5s,86,30,10,1,3,0,3,1,2,0,1,11,0,0.12790697674418605,0,0,0,0,0,1,3,0,4.9644,12,1,1
http://netflix.com@netflix.com-n0c9s.tk/secure,46,20,7,2,1,0,3,0,0,1,0,2,0,0.043478260869565216,1,0,0,0,0,1,1,1,4.3089,11,1,1
http://account-0idsf.gq/joremurw,32,16,9,1,1,0,3,0,0,0,0,1,0,0.03125,0,0,0,0,0,1,1,0,4.4528,8,1,1
http://account-secure-verify-g6g0.party/profile?redirect=nj7ovhm3kw&token=wetujo55h877,86,32,8,1,3,0,3,1,2,0,1,9,0,0.10465116279069768,0,0,0,0,0,1,3,0,4.8355,12,1,1
http://amazon-verify.n9nsjx.party/login,39,26,6,2,1,0,3,0,0,0,0,1,0,0.02564102564102564,1,0,0,0,0,1,2,1,4.4068,6,1,1
https://www.npmjs.com,21,13,0,2,0,0,2,0,0,0,0,0,0,0.0,1,0,1,0,0,0,0,0,3.5945,5,0,0
http://t.co/0aihegy,19,4,8,1,0,0,3,0,0,0,0,1,0,0.05263157894736842,0,0,0,0,1,0,0,0,3.6421,7,0,1
https://www.asus.com/home/services?sort=vcci68d,47,12,14,2,0,0,4,1,1,0,0,2,0,0.0425531914893617,1,0,1,0,0,0,0,0,4.2242,8,0,0
http://bit.ly/zh75nif,21,6,8,1,0,0,3,0,0,0,0,2,0,0.09523809523809523,0,0,0,0,1,0,0,0,3.749,7,0,1
http://validate-0y2at.gq/u0sl3e6k,33,17,9,1,1,0,3,0,0,0,0,5,0,0.15151515151515152,0,0,0,0,0,1,1,0,4.332,8,1,1
https://www.youtube.com/search/news/help,40,15,17,2,0,0,5,0,0,0,0,0,0,0.0,1,0,1,0,0,0,0,0,4.0251,7,0,0
https://figma.com/services?id=ajdm,34,9,9,1,0,0,3,1,1,0,0,0,0,0.0,0,0,1,0,0,0,0,0,4.2339,8,0,0
https://www.target.com/dashboard,32,14,10,2,0,0,3,0,0,0,0,0,0,0.0,1,0,1,0,0,0,0,0,3.9292,9,0,0
http://whatsapp.com@whatsapp.com-bnl7n.gq/alert,47,21,6,2,1,0,3,0,0,1,0,1,0,0.02127659574468085,1,0,0,0,0,1,1,1,4.2122,12,1,1
http://google.com@google.com-n3frl.loan/account,47,21,8,2,1,0,3,0,0,1,0,1,0,0.02127659574468085,1,0,0,0,0,1,1,1,4.001,10,1,1
https://sap.com/cart/about?utm_source=d9cb&q=63r,48,7,11,1,0,1,4,1,2,0,1,3,0,0.0625,0,0,1,0,0,0,0,0,4.3478,6,0,0
http://office365.com@office365.com-qkq7m.work/validate,54,24,9,2,1,0,3,0,0,1,0,7,0,0.12962962962962962,1,0,0,0,0,1,1,1,4.4931,13,1,1
http://security-alert-authenticate-uqi6.cricket/contact?redirect=lda71yp6e9&token=kgy2twscw63t,94,40,8,1,3,0,3,1,2,0,1,8,0,0.0851063829787234,0,0,0,0,0,1,3,0,4.5339,12,1,1
https://mozilla.org/?ref=hhjsh,30,11,1,1,0,0,3,1,1,0,0,0,0,0.0,0,0,1,0,0,0,0,0,4.1484,7,0,0
http://kubxdhqcljxcmr5f38iwa81.office365.mvez4b.review/validate,63,47,9,3,0,0,3,0,0,0,0,9,0,0.14285714285714285,2,0,0,0,0,1,1,1,4.7885,23,1,1
http://linkedin-billing.yfay0x.tk/secure,40,26,7,2,1,0,3,0,0,0,0,1,0,0.025,1,0,0,0,0,1,2,1,4.3776,8,1,1
https://who.int/services/login/cart,35,7,20,1,0,0,5,0,0,0,0,0,0,0.0,0,0,1,0,0,1,1,0,3.9544,8,0,0
http://facebook-verify-nya5.party/news,38,26,5,1,2,0,3,0,0,0,0,1,0,0.02631578947368421,0,0,0,0,0,1,1,1,4.3065,8,1,1
https://stackoverflow.com/signup/home/orders?utm_source=iys2,60,17,19,1,0,1,5,1,1,0,0,1,0,0.016666666666666666,0,0,1,0,0,0,0,0,4.4587,13,0,0
https://nature.com/products/api/orders?id=j5d5e,47,10,20,1,0,0,5,1,1,0,0,2,0,0.0425531914893617,0,0,1,0,0,0,0,0,4.1795,8,0,0
https://pinterest.com/checkout?category=hy,42,13,9,1,0,0,3,1,1,0,0,0,0,0.0,0,0,1,0,0,0,0,0,4.112,9,0,0
http://whatsapp.com@whatsapp.com-81de0.click/password,53,24,9,2,1,0,3,0,0,1,0,3,0,0.05660377358490566,1,0,0,0,0,1,2,1,4.2394,12,1,1
https://grubhub.com/login/products,34,11,15,1,0,0,4,0,0,0,0,0,0,0.0,0,0,1,0,0,1,1,0,4.0209,8,0,0
http://bit.ly/v3t0kg6,21,6,8,1,0,0,3,0,0,0,0,3,0,0.14285714285714285,0,0,0,0,1,0,0,0,3.7849,7,0,1
https://uber.com/news?lang=h8jv,31,8,5,1,0,0,3,1,1,0,0,1,0,0.03225806451612903,0,0,1,0,0,0,0,0,4.4782,5,0,0
http://office365.com@office365.com-yfwp5.review/recover,55,26,8,2,1,0,3,0,0,1,0,7,0,0.12727272727272726,1,0,0,0,0,1,1,1,4.1793,13,1,1
https://www.telegram.org/docs/contact,37,16,13,2,0,0,4,0,0,0,0,0,0,0.0,1,0,1,0,0,0,0,0,3.9696,8,0,0
https://www.instagram.com/settings/dashboard/products,53,17,28,2,0,0,5,0,0,0,0,0,0,0.0,1,0,1,0,0,0,0,0,4.1119,9,0,0
https://www.stanford.edu/?q=j00hod7,35,16,1,2,0,0,3,1,1,0,0,3,0,0.08571428571428572,1,0,1,0,0,0,0,0,4.3002,8,0,0
https://www.lenovo.com/dashboard/signup/help,44,14,22,2,0,0,5,0,0,0,0,0,0,0.0,1,0,1,0,0,0,0,0,4.2633,9,0,0
http://chase-account-r8h9.review/services,41,25,9,1,2,0,3,0,0,0,0,2,0,0.04878048780487805,0,0,0,0,0,1,1,1,4.1043,8,1,1
http://un2ktvv0y9q6ktnn8ildaslw.office365.9hggg2.party/password,63,47,9,3,0,0,3,0,0,0,0,10,0,0.15873015873015872,2,0,0,0,0,1,1,1,4.8202,24,1,1
https://www.nvidia.com/contact/login,36,14,14,2,0,0,4,0,0,0,0,0,0,0.0,1,0,1,0,0,1,1,0,3.954,7,0,0
https://netflix.com,19,11,0,1,0,0,2,0,0,0,0,0,0,0.0,0,0,1,0,0,0,0,0,3.8924,7,0,0
http://validate-recover-urgent-2vds.ml/home?redirect=r4bn7j5ukr&token=8ieu122jn86t,82,31,5,1,3,0,3,1,2,0,1,10,0,0.12195121951219512,0,0,0,0,0,1,3,0,4.7494,12,1,1
https://google.com/login/settings,33,10,15,1,0,0,4,0,0,0,0,0,0,0.0,0,0,1,0,0,1,1,0,3.6882,8,0,0
https://www.pinterest.com/orders,32,17,7,2,0,0,3,0,0,0,0,0,0,0.0,1,0,1,0,0,0,0,0,3.8195,9,0,0
https://www.dell.com/settings/profile/docs,42,12,22,2,0,0,5,0,0,0,0,0,0,0.0,1,0,1,0,0,0,0,0,4.044,8,0,0
https://spotify.com/?sort=7qyezg52&category=e4v9k,49,11,1,1,0,0,3,1,2,0,1,5,0,0.10204081632653061,0,0,1,0,0,0,0,0,4.6223,8,0,0
http://unlock-billing-login-uoys.loan/docs?redirect=edmlav3w9o&token=01e4znzze2tb,81,30,5,1,3,0,3,1,2,0,1,6,0,0.07407407407407407,0,0,0,0,0,1,3,0,4.7897,12,1,1
http://bankofamerica-password-527f.work/signup,46,32,7,1,2,0,3,0,0,0,0,3,0,0.06521739130434782,0,0,0,0,0,1,2,1,4.5285,13,1,1
https://uber.com/settings/cart?id=1g7ird,40,8,14,1,0,0,4,1,1,0,0,2,0,0.05,0,0,1,0,0,0,0,0,4.2751,8,0,0
https://www.stackoverflow.com/contact/login?ref=gdd8m,53,21,14,2,0,0,4,1,1,0,0,1,0,0.018867924528301886,1,0,1,0,0,1,1,0,4.4219,13,0,0
https://www.figma.com,21,13,0,2,0,0,2,0,0,0,0,0,0,0.0,1,0,1,0,0,0,0,0,3.7849,5,0,0
http://outlook.com@outlook.com-nse13.top/urgent,47,21,7,2,1,0,3,0,0,1,0,2,0,0.0425531914893617,1,0,0,0,0,1,1,1,4.0162,11,1,1
https://www.youtube.com/?sort=icerhnxi,38,15,1,2,0,0,3,1,1,0,0,0,0,0.0,1,0,1,0,0,0,0,0,4.241,8,0,0
https://mit.edu/cart,20,7,5,1,0,0,3,0,0,0,0,0,0,0.0,0,0,1,0,0,0,0,0,3.6842,5,0,0
https://www.airbnb.com/help/dashboard/blog,42,14,20,2,0,0,5,0,0,0,0,0,0,0.0,1,0,1,0,0,0,0,0,4.1392,9,0,0
http://whatsapp-billing-y04l.gq/services,40,24,9,1,2,0,3,0,0,0,0,2,0,0.05,0,0,0,0,0,1,1,1,4.3587,8,1,1
https://sony.com/api,20,8,4,1,0,0,3,0,0,0,0,0,0,0.0,0,0,1,0,0,0,0,0,3.6842,5,0,0
http://goo.gl/28pu8hn,21,6,8,1,0,0,3,0,0,0,0,3,0,0.14285714285714285,0,0,0,0,1,0,0,0,3.5945,7,0,1
http://apple.com@apple.com-8x92m.gq/suspend,43,18,8,2,1,0,3,0,0,1,0,3,0,0.06976744186046512,1,0,0,0,0,1,1,1,4.3442,9,1,1
https://www.cnn.com/news,24,11,5,2,0,0,3,0,0,0,0,0,0,0.0,1,0,1,0,0,0,0,0,3.5221,5,0,0
http://linkedin-password-oi41.loan/blog,39,27,5,1,2,0,3,0,0,0,0,2,0,0.05128205128205128,0,0,0,0,0,1,1,1,4.2849,8,1,1
https://npmjs.com/help/news/checkout,36,9,19,1,0,0,5,0,0,0,0,0,0,0.0,0,0,1,0,0,0,0,0,3.8883,8,0,0
https://sap.com/login,21,7,6,1,0,0,3,0,0,0,0,0,0,0.0,0,0,1,0,0,1,1,0,3.7849,5,0,0
http://cutt.ly/eexb4z7,22,7,8,1,0,0,3,0,0,0,0,2,0,0.09090909090909091,0,0,0,0,1,0,0,0,3.7888,7,0,1
https://mit.edu/about/checkout?page=liji1,41,7,15,1,0,0,4,1,1,0,0,1,0,0.024390243902439025,0,0,1,0,0,0,0,0,4.2874,8,0,0
https://www.cisco.com/about/home/signup,39,13,18,2,0,0,5,0,0,0,0,0,0,0.0,1,0,1,0,0,0,0,0,3.9872,6,0,0
http://authenticate-dhx16.ml/5yrwyio7,37,21,9,1,1,0,3,0,0,0,0,4,0,0.10810810810810811,0,0,0,0,0,1,1,0,4.4224,12,1,1
http://138.235.145.237/security/ezaq3u,38,15,16,3,0,0,4,0,0,0,0,13,0,0.34210526315789475,2,1,0,0,0,1,1,0,4.3135,8,0,1
http://update-j6sb0.zip/ll5v2h31,32,16,9,1,1,0,3,0,0,0,0,6,0,0.1875,0,0,0,0,0,1,1,0,4.4292,8,1,1
https://nasa.gov/support/orders,31,8,15,1,0,0,4,0,0,0,0,0,0,0.0,0,0,1,0,0,0,0,0,3.76,7,0,0
http://facebook-account.7oxyvb.party/suspend,44,29,8,2,1,0,3,0,0,0,0,1,0,0.022727272727272728,1,0,0,0,0,1,2,1,4.3454,8,1,1
http://tinyurl.com/y1qnqvi,26,11,8,1,0,0,3,0,0,0,0,1,0,0.038461538461538464,0,0,0,0,1,0,0,0,4.027,7,0,1
http://security-gbj72.xyz/ekc8u091,34,18,9,1,1,0,3,0,0,0,0,6,0,0.17647058823529413,0,0,0,0,0,1,1,0,4.5725,8,1,1
https://bbc.com/account/login/help?sort=phfc4ygo&lang=jz6n5,59,7,19,1,0,0,5,1,2,0,1,3,0,0.05084745762711865,0,0,1,0,0,1,2,0,4.5632,8,0,0
https://dropbox.com/search/docs/cart,36,11,17,1,0,0,5,0,0,0,0,0,0,0.0,0,0,1,0,0,0,0,0,3.7845,7,0,0
http://linkedin-password.qwp8xf.work/secure,43,29,7,2,1,0,3,0,0,0,0,1,0,0.023255813953488372,1,0,0,0,0,1,2,1,4.4372,8,1,1
https://www.adobe.com/profile/support,37,13,16,2,0,0,4,0,0,0,0,0,0,0.0,1,0,1,0,0,0,0,0,4.0876,7,0,0
https://cisco.com,17,9,0,1,0,0,2,0,0,0,0,0,0,0.0,0,0,1,0,0,0,0,0,3.3372,5,0,0
https://mozilla.org/blog,24,11,5,1,0,0,3,0,0,0,0,0,0,0.0,0,0,1,0,0,0,0,0,3.8239,7,0,0
https://www.oracle.com/support?utm_source=iqiu,46,14,8,2,0,1,3,1,1,0,0,0,0,0.0,1,0,1,0,0,0,0,0,4.2077,7,0,0
http://account-x73ry.zip/7rsmfqtn,33,17,9,1,1,0,3,0,0,0,0,3,0,0.09090909090909091,0,0,0,0,0,1,1,0,4.3549,8,1,1
https://www.ibm.com/settings/profile,36,11,17,2,0,0,4,0,0,0,0,0,0,0.0,1,0,1,0,0,0,0,0,4.0515,8,0,0
https://reddit.com/profile/help,31,10,13,1,0,0,4,0,0,0,0,0,0,0.0,0,0,1,0,0,0,0,0,3.8489,7,0,0
http://security-password-alert-jzo9.gq/signup?redirect=iboq18oveu&token=ur656ebjvnfo,84,31,7,1,3,0,3,1,2,0,1,6,0,0.07142857142857142,0,0,0,0,0,1,3,0,4.8542,12,1,1
http://wellsfargo-unlock-bioh.cf/home,37,25,5,1,2,0,3,0,0,0,0,0,0,0.0,0,0,0,0,0,1,1,1,4.3374,10,1,1
https://ebay.com/blog/checkout/account?page=8e5t,48,8,22,1,0,0,5,1,1,0,0,2,0,0.041666666666666664,0,0,1,0,0,1,1,0,4.2186,8,0,0
http://signin-password-validate-bayw.zip/dashboard?redirect=q62rxyx4mi&token=vl590j1mnyw0,89,33,10,1,3,0,3,1,2,0,1,8,0,0.0898876404494382,0,0,0,0,0,1,3,0,4.9659,12,1,1
http://31.136.118.248/authenticate/bz9t30,41,14,20,3,0,0,4,0,0,0,0,14,0,0.34146341463414637,2,1,0,0,0,1,1,0,4.162,12,0,1
https://target.com/cart/dashboard,33,10,15,1,0,0,4,0,0,0,0,0,0,0.0,0,0,1,0,0,0,0,0,3.7606,9,0,0
http://tinyurl.com/p76yo60,26,11,8,1,0,0,3,0,0,0,0,4,0,0.15384615384615385,0,0,0,0,1,0,0,0,4.027,7,0,1
https://mit.edu/checkout/search,31,7,16,1,0,0,4,0,0,0,0,0,0,0.0,0,0,1,0,0,0,0,0,3.8489,8,0,0
http://facebook-secure-hpnp.cf/contact,38,23,8,1,2,0,3,0,0,0,0,0,0,0.0,0,0,0,0,0,1,1,1,3.9682,8,1,1
https://coursera.org/checkout/api,33,12,13,1,0,0,4,0,0,0,0,0,0,0.0,0,0,1,0,0,0,0,0,3.862,8,0,0
https://179.40.98.174/recover/w372vi,36,13,15,3,0,0,4,0,0,0,0,13,0,0.3611111111111111,2,1,1,0,0,1,1,0,4.2947,7,0,1
https://khanacademy.org/settings,32,15,9,1,0,0,3,0,0,0,0,0,0,0.0,0,0,1,0,0,0,0,0,4.0542,11,0,0
http://paypal-billing.4y32hm.tk/login,37,24,6,2,1,0,3,0,0,0,0,3,0,0.08108108108108109,1,0,0,0,0,1,2,1,4.1549,7,1,1
https://telegram.org,20,12,0,1,0,0,2,0,0,0,0,0,0,0.0,0,0,1,0,0,0,0,0,3.6842,8,0,0
http://cutt.ly/al3g0d2,22,7,8,1,0,0,3,0,0,0,0,3,0,0.13636363636363635,0,0,0,0,1,0,0,0,3.7888,7,0,1
https://nasa.gov/news/profile,29,8,13,1,0,0,4,0,0,0,0,0,0,0.0,0,0,1,0,0,0,0,0,4.0044,7,0,0
https://www.atlassian.com/signup,32,17,7,2,0,0,3,0,0,0,0,0,0,0.0,1,0,1,0,0,0,0,0,3.9056,9,0,0
http://paypal.com@paypal.com-952pa.review/update,48,23,7,2,1,0,3,0,0,1,0,3,0,0.0625,1,0,0,0,0,1,1,1,4.2479,10,1,1
http://linkedin-signin-v0n1.link/help,37,25,5,1,2,0,3,0,0,0,0,2,0,0.05405405405405406,0,0,0,0,0,1,1,1,3.8952,8,1,1
https://68.166.220.144/unlock/11to0b,36,14,14,3,0,0,4,0,0,0,0,14,0,0.3888888888888889,2,1,1,0,0,1,1,0,4.107,6,0,1
http://250.73.149.168/update/1bl6f6,35,14,14,3,0,0,4,0,0,0,0,14,0,0.4,2,1,0,0,0,1,1,0,4.3002,6,0,1
http://bdxbdehhd8wxqbilvm4jbu.microsoft.x476ke.work/account,59,44,8,3,0,0,3,0,0,0,0,5,0,0.0847457627118644,2,0,0,0,0,1,1,1,4.7211,22,1,1
http://facebook.com@facebook.com-awnwg.review/unlock,52,25,7,2,1,0,3,0,0,1,0,0,0,0.0,1,0,0,0,0,1,1,1,4.2959,12,1,1
https://www.canva.com/orders/account/profile,44,13,23,2,0,0,5,0,0,0,0,0,0,0.0,1,0,1,0,0,1,1,0,4.1724,7,0,0
http://security-77u55.top/qwf1vvwu,34,18,9,1,1,0,3,0,0,0,0,5,0,0.14705882352941177,0,0,0,0,0,1,1,0,4.2784,8,1,1
https://www.mozilla.org/?q=s8g8,31,15,1,2,0,0,3,1,1,0,0,2,0,0.06451612903225806,1,0,1,0,0,0,0,0,4.1958,7,0,0
http://recover-nijwa.click/sfpfmnf7,35,19,9,1,1,0,3,0,0,0,0,1,0,0.02857142857142857,0,0,0,0,0,1,2,0,4.3789,8,1,1
http://tinyurl.com/ccrbf4a,26,11,8,1,0,0,3,0,0,0,0,1,0,0.038461538461538464,0,0,0,0,1,0,0,0,4.0749,7,0,1
http://office365-confirm-bw3j.zip/news,38,26,5,1,2,0,3,0,0,0,0,4,0,0.10526315789473684,0,0,0,0,0,1,1,1,4.3989,9,1,1
https://coursera.org/?ref=vq,28,12,1,1,0,0,3,1,1,0,0,0,0,0.0,0,0,1,0,0,0,0,0,4.0661,8,0,0
https://sony.com/account,24,8,8,1,0,0,3,0,0,0,0,0,0,0.0,0,0,1,0,0,1,1,0,3.6258,7,0,0
https://logitech.com/settings/login,35,12,15,1,0,0,4,0,0,0,0,0,0,0.0,0,0,1,0,0,1,1,0,3.7399,8,0,0
https://www.usa.gov,19,11,0,2,0,0,2,0,0,0,0,0,0,0.0,1,0,1,0,0,0,0,0,3.5766,5,0,0
https://forbes.com/docs?lang=3v16xe&q=pmxp,42,10,5,1,0,0,3,1,2,0,1,3,0,0.07142857142857142,0,0,1,0,0,0,0,0,4.6538,6,0,0
http://icloud-login-633r.gq/blog,32,20,5,1,2,0,3,0,0,0,0,3,0,0.09375,0,0,0,0,0,1,1,1,4.1556,6,1,1
https://un.org/login/signup?lang=lx6b02b7,41,6,13,1,0,0,4,1,1,0,0,4,0,0.0975609756097561,0,0,1,0,0,1,1,0,4.3147,8,0,0
http://chase.com@chase.com-8n57p.tk/verify,42,18,7,2,1,0,3,0,0,1,0,3,0,0.07142857142857142,1,0,0,0,0,1,1,1,4.3977,9,1,1
https://canva.com/help,22,9,5,1,0,0,3,0,0,0,0,0,0,0.0,0,0,1,0,0,0,0,0,3.7888,5,0,0
https://ieee.org/docs/blog,26,8,10,1,0,0,4,0,0,0,0,0,0,0.0,0,0,1,0,0,0,0,0,3.7962,5,0,0
http://outlook-validate-b5vn.gq/account,39,24,8,1,2,0,3,0,0,0,0,1,0,0.02564102564102564,0,0,0,0,0,1,2,1,4.2311,8,1,1
http://bankofamerica-suspend.pmh3uq.tk/secure,45,31,7,2,1,0,3,0,0,0,0,1,0,0.022222222222222223,1,0,0,0,0,1,3,1,4.369,13,1,1
https://samsung.com/help?page=n0dsg2q&sort=cc5rq,48,11,5,1,0,0,3,1,2,0,1,3,0,0.0625,0,0,1,0,0,0,0,0,4.4728,7,0,0
https://hsbc.com,16,8,0,1,0,0,2,0,0,0,0,0,0,0.0,0,0,1,0,0,0,0,0,3.375,5,0,0
http://urgent-2h90u.party/umcmh7lm,34,18,9,1,1,0,3,0,0,0,0,4,0,0.11764705882352941,0,0,0,0,0,1,1,0,4.1751,8,1,1
http://account-verify-recover-nfrr.review/blog?redirect=kf63red7lj&token=8mm03al44loc,85,34,5,1,3,0,3,1,2,0,1,8,0,0.09411764705882353,0,0,0,0,0,1,3,0,4.7339,12,1,1
http://wallet-update-verify-5umu.work/cart?redirect=ihzvzgmffo&token=hk94w6wuumo7,81,30,5,1,3,0,3,1,2,0,1,5,0,0.06172839506172839,0,0,0,0,0,1,3,0,4.7791,12,1,1
http://microsoft.com@microsoft.com-9qsnv.review/secure,54,26,7,2,1,0,3,0,0,1,0,1,0,0.018518518518518517,1,0,0,0,0,1,1,1,4.1737,13,1,1
http://rvgr0v9d5e93rc1y.whatsapp.9lzyea.link/wallet,51,37,7,3,0,0,3,0,0,0,0,7,0,0.13725490196078433,2,0,0,0,0,1,1,1,4.4856,16,1,1
https://www.slack.com/dashboard/blog/settings?page=c14m2ja0,59,13,24,2,0,0,5,1,1,0,0,4,0,0.06779661016949153,1,0,1,0,0,0,0,0,4.5632,9,0,0
http://tinyurl.com/kjymjbt,26,11,8,1,0,0,3,0,0,0,0,0,0,0.0,0,0,0,0,1,0,0,0,3.9791,7,0,1
http://40.59.138.204/alert/8f3vko,33,13,13,3,0,0,4,0,0,0,0,12,0,0.36363636363636365,2,1,0,0,0,1,1,0,4.2714,6,0,1
https://www.microsoft.com/about/support/services,48,17,23,2,0,0,5,0,0,0,0,0,0,0.0,1,0,1,0,0,0,0,0,4.0129,9,0,0
https://www.walmart.com/search?q=w8wlva02&lang=1txs,51,15,7,2,0,0,3,1,2,0,1,4,0,0.0784313725490196,1,0,1,0,0,0,0,0,4.4688,8,0,0
http://microsoft.com@microsoft.com-9ujap.zip/verify,51,23,7,2,1,0,3,0,0,1,0,1,0,0.0196078431372549,1,0,0,0,0,1,1,1,4.2355,13,1,1
http://office365-signin-nmc7.ml/products,40,24,9,1,2,0,3,0,0,0,0,4,0,0.1,0,0,0,0,0,1,1,1,4.4276,9,1,1
https://digitalocean.com,24,16,0,1,0,0,2,0,0,0,0,0,0,0.0,0,0,1,0,0,0,0,0,3.9702,12,0,0
http://recover-5rxc4.review/7ei9nx85,36,20,9,1,1,0,3,0,0,0,0,6,0,0.16666666666666666,0,0,0,0,0,1,1,0,4.1598,8,1,1
http://bbkvpmiokgn2yenv7h2ivd87w.google.cdlqdz.cricket/wallet,61,47,7,3,0,0,3,0,0,0,0,5,0,0.08196721311475409,2,0,0,0,0,1,1,1,4.6062,25,1,1
http://is.gd/z6xtb80,20,5,8,1,0,0,3,0,0,0,0,3,0,0.15,0,0,0,0,1,0,0,0,3.8464,7,0,1
https://slack.com/help/profile,30,9,13,1,0,0,4,0,0,0,0,0,0,0.0,0,0,1,0,0,0,0,0,3.9232,7,0,0
http://facebook.com@facebook.com-wipm7.link/alert,49,23,6,2,1,0,3,0,0,1,0,1,0,0.02040816326530612,1,0,0,0,0,1,1,1,4.2516,12,1,1
http://google.com@google.com-nadij.gq/confirm,45,19,8,2,1,0,3,0,0,1,0,0,0,0.0,1,0,0,0,0,1,1,1,4.1523,10,1,1
http://microsoft.com@microsoft.com-h4fod.tk/validate,52,22,9,2,1,0,3,0,0,1,0,1,0,0.019230769230769232,1,0,0,0,0,1,1,1,4.1585,13,1,1
https://adobe.com/?id=z3,24,9,1,1,0,0,3,1,1,0,0,1,0,0.041666666666666664,0,0,1,0,0,0,0,0,4.1368,5,0,0
https://179.154.79.113/unlock/m6dysx,36,14,14,3,0,0,4,0,0,0,0,12,0,0.3333333333333333,2,1,1,0,0,1,1,0,4.3712,6,0,1
https://www.chase.com/contact?q=ey66p61x,40,13,8,2,0,0,3,1,1,0,0,4,0,0.1,1,0,1,0,0,0,0,0,4.2153,8,0,0
http://oqs8d6kyb27xjx6yy6frnx7vh.chase.ukp581.work/wallet,57,43,7,3,0,0,3,0,0,0,0,10,0,0.17543859649122806,2,0,0,0,0,1,1,1,4.8147,25,1,1
http://alert-password-secure-g6uo.party/home?redirect=7cvxqe1il4&token=6lmi1j1z322k,83,32,5,1,3,0,3,1,2,0,1,10,0,0.12048192771084337,0,0,0,0,0,1,3,0,4.9074,12,1,1
https://ibm.com/contact/news/search,35,7,20,1,0,0,5,0,0,0,0,0,0,0.0,0,0,1,0,0,0,0,0,3.8617,7,0,0
http://8i9akfd18tlty7w29.chase.max6eb.click/signin,50,36,7,3,0,0,3,0,0,0,0,8,0,0.16,2,0,0,0,0,1,2,1,4.6235,17,1,1
https://shopify.com/help/profile,32,11,13,1,0,0,4,0,0,0,0,0,0,0.0,0,0,1,0,0,0,0,0,3.8278,7,0,0
https://booking.com/login,25,11,6,1,0,0,3,0,0,0,0,0,0,0.0,0,0,1,0,0,1,1,0,3.8137,7,0,0
https://atlassian.com/contact/support/home?id=psqzn7,52,13,21,1,0,0,5,1,1,0,0,1,0,0.019230769230769232,0,0,1,0,0,0,0,0,4.1958,9,0,0
http://apple.com@apple.com-79uda.tk/update,42,18,7,2,1,0,3,0,0,1,0,2,0,0.047619047619047616,1,0,0,0,0,1,1,1,4.0167,9,1,1
https://www.uber.com/docs/contact,33,12,13,2,0,0,4,0,0,0,0,0,0,0.0,1,0,1,0,0,0,0,0,3.9077,7,0,0
https://target.com/settings/cart/cart?lang=4bkuu5&page=ccfs7,60,10,19,1,0,0,5,1,2,0,1,3,0,0.05,0,0,1,0,0,0,0,0,4.3679,8,0,0
https://ebay.com/api/profile?lang=f877vren,42,8,12,1,0,0,4,1,1,0,0,3,0,0.07142857142857142,0,0,1,0,0,0,0,0,4.4813,8,0,0
https://www.adobe.com/search?sort=khba5,39,13,7,2,0,0,3,1,1,0,0,1,0,0.02564102564102564,1,0,1,0,0,0,0,0,4.1756,6,0,0
http://google.com@google.com-2ck42.loan/security,48,21,9,2,1,0,3,0,0,1,0,3,0,0.0625,1,0,0,0,0,1,1,1,4.2636,10,1,1
http://login-update-recover-5mlg.tk/cart?redirect=kgs75511r6&token=mdmb6o7cmqyn,79,28,5,1,3,0,3,1,2,0,1,9,0,0.11392405063291139,0,0,0,0,0,1,3,0,4.7347,12,1,1
http://2.161.40.62/verify/nh7i3w,32,11,14,3,0,0,4,0,0,0,0,10,0,0.3125,2,1,0,0,0,1,1,0,4.2264,6,0,1
http://bankofamerica-secure-6de5.cf/home,40,28,5,1,2,0,3,0,0,0,0,2,0,0.05,0,0,0,0,0,1,2,1,4.3251,13,1,1
http://instagram-billing.7ybzga.kim/alert,41,28,6,2,1,0,3,0,0,0,0,1,0,0.024390243902439025,1,0,0,0,0,1,2,1,4.1804,9,1,1
http://paypal-urgent-jj31.loan/services,39,23,9,1,2,0,3,0,0,0,0,2,0,0.05128205128205128,0,0,0,0,0,1,1,1,4.3681,8,1,1
http://suspend-zwyix.zip/ox3akv62,33,17,9,1,1,0,3,0,0,0,0,3,0,0.09090909090909091,0,0,0,0,0,1,1,0,4.4532,8,1,1
https://twitter.com/checkout/orders?utm_source=y8&category=9b,61,11,16,1,0,1,4,1,2,0,1,2,0,0.03278688524590164,0,0,1,0,0,0,0,0,4.3578,8,0,0
https://www.who.int,19,11,0,2,0,0,2,0,0,0,0,0,0,0.0,1,0,1,0,0,0,0,0,3.2608,5,0,0
https://vmware.com/?page=e9,27,10,1,1,0,0,3,1,1,0,0,1,0,0.037037037037037035,0,0,1,0,0,0,0,0,4.1064,6,0,0
https://heroku.com/home,23,10,5,1,0,0,3,0,0,0,0,0,0,0.0,0,0,1,0,0,0,0,0,3.6425,6,0,0
http://bankofamerica-confirm.un8uru.top/password,48,32,9,2,1,0,3,0,0,0,0,1,0,0.020833333333333332,1,0,0,0,0,1,3,1,4.3397,13,1,1
https://www.office.com/search/search,36,14,14,2,0,0,4,0,0,0,0,0,0,0.0,1,0,1,0,0,0,0,0,3.8638,6,0,0
https://www.nvidia.com/support/contact,38,14,16,2,0,0,4,0,0,0,0,0,0,0.0,1,0,1,0,0,0,0,0,3.9682,7,0,0
http://urgent-confirm-update-eyku.cf/home?redirect=irpdgz2sc0&token=t8dhddcirow8,80,29,5,1,3,0,3,1,2,0,1,4,0,0.05,0,0,0,0,0,1,3,0,4.5912,12,1,1
https://www.npmjs.com/login/signup,34,13,13,2,0,0,4,0,0,0,0,0,0,0.0,1,0,1,0,0,1,1,0,3.9398,6,0,0
http://paypal.com@paypal.com-dtdup.loan/validate,48,21,9,2,1,0,3,0,0,1,0,0,0,0.0,1,0,0,0,0,1,1,1,3.9979,10,1,1
http://verify-security-signin-cyh2.kim/profile?redirect=huug4bgf86&token=hogdpl4cktf6,85,31,8,1,3,0,3,1,2,0,1,6,0,0.07058823529411765,0,0,0,0,0,1,3,0,4.7115,12,1,1
http://login-password-confirm-hdj7.work/cart?redirect=ekvqhmie22&token=tw1bytxza43h,83,32,5,1,3,0,3,1,2,0,1,6,0,0.07228915662650602,0,0,0,0,0,1,3,0,4.9001,12,1,1
https://twitter.com/orders/support/signup,41,11,22,1,0,0,5,0,0,0,0,0,0,0.0,0,0,1,0,0,0,0,0,3.8484,7,0,0
https://asus.com/login/settings,31,8,15,1,0,0,4,0,0,0,0,0,0,0.0,0,0,1,0,0,1,1,0,3.8055,8,0,0
https://33.213.111.184/unlock/qx3qfx,36,14,14,3,0,0,4,0,0,0,0,12,0,0.3333333333333333,2,1,1,0,0,1,1,0,4.1042,6,0,1
https://whatsapp.com/blog/news/api?ref=358tr&id=rebnd,53,12,14,1,0,0,5,1,2,0,1,3,0,0.05660377358490566,0,0,1,0,0,0,0,0,4.5462,8,0,0
http://de5jq4j90vb1c4w9i40qpf8m.paypal.72zkeo.xyz/confirm,57,42,8,3,0,0,3,0,0,0,0,12,0,0.21052631578947367,2,0,0,0,0,1,1,1,4.9511,24,1,1
http://apple-alert-4tr4.ml/docs,31,19,5,1,2,0,3,0,0,0,0,2,0,0.06451612903225806,0,0,0,0,0,1,1,1,3.9134,5,1,1
http://update-verify-signin-viz7.party/search?redirect=hdgqnxskyz&token=86iosa6s9rcb,84,31,7,1,3,0,3,1,2,0,1,5,0,0.05952380952380952,0,0,0,0,0,1,3,0,4.7622,12,1,1
https://www.coursera.org/home/news/docs,39,16,15,2,0,0,5,0,0,0,0,0,0,0.0,1,0,1,0,0,0,0,0,3.9234,8,0,0
http://secure-3cqbh.gq/roga72ys,31,15,9,1,1,0,3,0,0,0,0,3,0,0.0967741935483871,0,0,0,0,0,1,1,0,4.2847,8,1,1
http://wellsfargo.com@wellsfargo.com-9vd5s.work/verify,54,25,7,2,1,0,3,0,0,1,0,2,0,0.037037037037037035,1,0,0,0,0,1,1,1,4.4931,14,1,1
https://wellsfargo.com/about/home/orders?ref=7r193,50,14,18,1,0,0,5,1,1,0,0,4,0,0.08,0,0,1,0,0,0,0,0,4.3971,10,0,0
http://hhoi4kbq08f1ih6lb3k5ruwp9.icloud.jxi9b7.xyz/verify,57,43,7,3,0,0,3,0,0,0,0,10,0,0.17543859649122806,2,0,0,0,0,1,1,1,4.8526,25,1,1
http://wellsfargo.com@wellsfargo.com-5sloc.zip/verify,53,24,7,2,1,0,3,0,0,1,0,1,0,0.018867924528301886,1,0,0,0,0,1,1,1,4.3977,14,1,1
https://www.dell.com/help/products,34,12,14,2,0,0,4,0,0,0,0,0,0,0.0,1,0,1,0,0,0,0,0,3.881,8,0,0
https://slack.com/?utm_source=krzd,34,9,1,1,0,1,3,1,1,0,0,0,0,0.0,0,0,1,0,0,0,0,0,4.2339,6,0,0
http://billing-secure-urgent-jnsp.link/docs?redirect=f10ljrnicd&token=0sqpzygwezuv,82,31,5,1,3,0,3,1,2,0,1,3,0,0.036585365853658534,0,0,0,0,0,1,3,0,4.7171,12,1,1
https://www.sony.com/settings/support?ref=7x,44,12,17,2,0,0,4,1,1,0,0,1,0,0.022727272727272728,1,0,1,0,0,0,0,0,4.2439,8,0,0
https://www.docker.com/account/account/search?utm_source=w3hgbm&id=4k7bpg,73,14,23,2,0,1,5,1,2,0,1,3,0,0.0410958904109589,1,0,1,0,0,1,1,0,4.5548,7,0,0
https://www.bing.com/search?lang=sehuds3q,41,12,7,2,0,0,3,1,1,0,0,1,0,0.024390243902439025,1,0,1,0,0,0,0,0,4.473,8,0,0
http://apple-urgent-5s51.zip/about,34,21,6,1,2,0,3,0,0,0,0,3,0,0.08823529411764706,0,0,0,0,0,1,1,1,4.1829,6,1,1
http://whatsapp.com@whatsapp.com-rjdl2.xyz/recover,50,22,8,2,1,0,3,0,0,1,0,1,0,0.02,1,0,0,0,0,1,1,1,4.3611,12,1,1
https://www.stackoverflow.com/about?sort=bk8&q=25pu9,52,21,6,2,0,0,3,1,2,0,1,4,0,0.07692307692307693,1,0,1,0,0,0,0,0,4.571,13,0,0
https://www.paypal.com/docs/settings?id=fwy&sort=vohsm,54,14,14,2,0,0,4,1,2,0,1,0,0,0.0,1,0,1,0,0,0,0,0,4.3868,8,0,0
https://npmjs.com/search/settings/news?utm_source=8lxeq,55,9,21,1,0,1,5,1,1,0,0,1,0,0.01818181818181818,0,0,1,0,0,0,0,0,4.3496,8,0,0
https://www.figma.com/orders/api/cart,37,13,16,2,0,0,5,0,0,0,0,0,0,0.0,1,0,1,0,0,0,0,0,4.0033,6,0,0
http://recover-gyiaw.zip/qh2btufd,33,17,9,1,1,0,3,0,0,0,0,1,0,0.030303030303030304,0,0,0,0,0,1,1,0,4.4532,8,1,1
http://417h80qhmrforgc.amazon.4atmx5.tk/verify,46,32,7,3,0,0,3,0,0,0,0,7,0,0.15217391304347827,2,0,0,0,0,1,1,1,4.599,15,1,1
http://update-confirm-account-xgdh.party/help?redirect=nbs5xrga3l&token=71029dg38raj,84,33,5,1,3,0,3,1,2,0,1,9,0,0.10714285714285714,0,0,0,0,0,1,3,0,4.8905,12,1,1
https://www.nasa.gov/dashboard/orders,37,12,17,2,0,0,4,0,0,0,0,0,0,0.0,1,0,1,0,0,0,0,0,3.8846,9,0,0
http://unlock-n8mz5.cricket/pm47whku,36,20,9,1,1,0,3,0,0,0,0,4,0,0.1111111111111111,0,0,0,0,0,1,1,0,4.3638,8,1,1
https://linkedin.com/news?q=8skc&utm_source=wwd,47,12,5,1,0,1,3,1,2,0,1,1,0,0.02127659574468085,0,0,1,0,0,0,0,0,4.4795,8,0,0
http://wellsfargo-validate-sos5.xyz/orders,42,28,7,1,2,0,3,0,0,0,0,1,0,0.023809523809523808,0,0,0,0,0,1,1,1,4.3141,10,1,1
http://paypal.com@paypal.com-j403c.work/recover,47,21,8,2,1,0,3,0,0,1,0,3,0,0.06382978723404255,1,0,0,0,0,1,1,1,4.2807,10,1,1
http://outlook.com@outlook.com-ykmg3.top/account,48,21,8,2,1,0,3,0,0,1,0,1,0,0.020833333333333332,1,0,0,0,0,1,1,1,3.8245,11,1,1
https://www.yahoo.com/api/blog?sort=l93aczs,43,13,9,2,0,0,4,1,1,0,0,2,0,0.046511627906976744,1,0,1,0,0,0,0,0,4.2954,7,0,0
http://tinyurl.com/kbf2e6w,26,11,8,1,0,0,3,0,0,0,0,2,0,0.07692307692307693,0,0,0,0,1,0,0,0,4.3347,7,0,1
http://unlock-ka51e.kim/0thl2c53,32,16,9,1,1,0,3,0,0,0,0,6,0,0.1875,0,0,0,0,0,1,1,0,4.3042,8,1,1
http://recover-ue6ih.click/z1bnzho7,35,19,9,1,1,0,3,0,0,0,0,3,0,0.08571428571428572,0,0,0,0,0,1,2,0,4.3002,8,1,1
https://www.python.org/search/search/dashboard?sort=a529,56,14,24,2,0,0,5,1,1,0,0,3,0,0.05357142857142857,1,0,1,0,0,0,0,0,4.2216,9,0,0
https://www.reddit.com/blog/help,32,14,10,2,0,0,4,0,0,0,0,0,0,0.0,1,0,1,0,0,0,0,0,4.0153,6,0,0
http://urgent-q8pj1.review/d9au6mtq,35,19,9,1,1,0,3,0,0,0,0,4,0,0.11428571428571428,0,0,0,0,0,1,1,0,4.4004,8,1,1
https://sap.com/profile,23,7,8,1,0,0,3,0,0,0,0,0,0,0.0,0,0,1,0,0,0,0,0,3.8492,7,0,0
http://paypal-account-atn2.kim/search,37,23,7,1,2,0,3,0,0,0,0,1,0,0.02702702702702703,0,0,0,0,0,1,1,1,4.1318,7,1,1
http://account-authenticate-signin-or81.cricket/support?redirect=f4ndrfdx89&token=i8ywgd4x4pzj,94,40,8,1,3,0,3,1,2,0,1,8,0,0.0851063829787234,0,0,0,0,0,1,3,0,4.6684,12,1,1
https://dropbox.com/news/checkout/orders,40,11,21,1,0,0,5,0,0,0,0,0,0,0.0,0,0,1,0,0,0,0,0,3.9971,8,0,0
http://drku0gkh8vxpsa97l6x2oz2im.paypal.b30jgu.top/security,59,43,9,3,0,0,3,0,0,0,0,9,0,0.15254237288135594,2,0,0,0,0,1,1,1,4.8211,25,1,1
https://bing.com/account?lang=v8z,33,8,8,1,0,0,3,1,1,0,0,1,0,0.030303030303030304,0,0,1,0,0,1,1,0,4.2862,7,0,0
http://netflix.com@netflix.com-7nc2d.kim/update,47,21,7,2,1,0,3,0,0,1,0,2,0,0.0425531914893617,1,0,0,0,0,1,1,1,4.3441,11,1,1
http://235.185.18.245/urgent/ygcvhl,35,14,14,3,0,0,4,0,0,0,0,11,0,0.3142857142857143,2,1,0,0,0,1,1,0,4.2074,6,0,1
http://outlook-authenticate.zwcd4u.gq/billing,45,30,8,2,1,0,3,0,0,0,0,1,0,0.022222222222222223,1,0,0,0,0,1,2,1,4.3078,12,1,1
http://instagram.com@instagram.com-dvxyl.gq/billing,51,22,8,2,1,0,3,0,0,1,0,0,0,0.0,1,0,0,0,0,1,1,1,4.3583,13,1,1
https://www.figma.com/dashboard/settings/docs,45,13,24,2,0,0,5,0,0,0,0,0,0,0.0,1,0,1,0,0,0,0,0,4.1088,9,0,0
https://netflix.com/support/services,36,11,17,1,0,0,4,0,0,0,0,0,0,0.0,0,0,1,0,0,0,0,0,4.0169,8,0,0
http://wellsfargo-suspend.002jz2.zip/suspend,44,29,8,2,1,0,3,0,0,0,0,4,0,0.09090909090909091,1,0,0,0,0,1,1,1,4.3885,10,1,1
http://ex7ki139do70iu7hwlwzu.facebook.b3zups.tk/wallet,54,40,7,3,0,0,3,0,0,0,0,8,0,0.14814814814814814,2,0,0,0,0,1,1,1,4.555,21,1,1
https://irs.gov,15,7,0,1,0,0,2,0,0,0,0,0,0,0.0,0,0,1,0,0,0,0,0,3.5069,5,0,0
https://usa.gov/help/account,28,7,13,1,0,0,4,0,0,0,0,0,0,0.0,0,0,1,0,0,1,1,0,3.8518,7,0,0
https://canva.com/cart,22,9,5,1,0,0,3,0,0,0,0,0,0,0.0,0,0,1,0,0,0,0,0,3.5949,5,0,0
http://is.gd/m7e41of,20,5,8,1,0,0,3,0,0,0,0,3,0,0.15,0,0,0,0,1,0,0,0,3.9842,7,0,1
https://www.github.com/?sort=6mkt7s1&ref=1t53yk,47,14,1,2,0,0,3,1,2,0,1,6,0,0.1276595744680851,1,0,1,0,0,0,0,0,4.5807,7,0,0
https://atlassian.com/products/api,34,13,13,1,0,0,4,0,0,0,0,0,0,0.0,0,0,1,0,0,0,0,0,3.83,9,0,0
https://trello.com/?id=s1saxt,29,10,1,1,0,0,3,1,1,0,0,1,0,0.034482758620689655,0,0,1,0,0,0,0,0,4.1163,6,0,0
http://instagram-confirm.iwee5r.loan/wallet,43,29,7,2,1,0,3,0,0,0,0,1,0,0.023255813953488372,1,0,0,0,0,1,2,1,4.2047,9,1,1
https://www.stanford.edu/?utm_source=ww&category=lf8,52,16,1,2,0,1,3,1,2,0,1,1,0,0.019230769230769232,1,0,1,0,0,0,0,0,4.4745,8,0,0
http://178.31.62.185/authenticate/r5ntip,40,13,20,3,0,0,4,0,0,0,0,11,0,0.275,2,1,0,0,0,1,1,0,4.0964,12,0,1
https://www.figma.com/?lang=8hu7f0i9&ref=qjic,45,13,1,2,0,0,3,1,2,0,1,4,0,0.08888888888888889,1,0,1,0,0,0,0,0,4.7136,8,0,0
http://tinyurl.com/1gej7aw,26,11,8,1,0,0,3,0,0,0,0,2,0,0.07692307692307693,0,0,0,0,1,0,0,0,4.3347,7,0,1
https://oracle.com/news?q=kc856,31,10,5,1,0,0,3,1,1,0,0,3,0,0.0967741935483871,0,0,1,0,0,0,0,0,4.3894,6,0,0
http://amazon.com@amazon.com-0ycyr.tk/password,46,19,9,2,1,0,3,0,0,1,0,1,0,0.021739130434782608,1,0,0,0,0,1,1,1,4.1705,10,1,1
http://uw48tp37v7jmkjlnditn.netflix.5kg3fy.gq/account,53,38,8,3,0,0,3,0,0,0,0,7,0,0.1320754716981132,2,0,0,0,0,1,1,1,4.6898,20,1,1
http://facebook.com@facebook.com-sh0ah.work/unlock,50,23,7,2,1,0,3,0,0,1,0,1,0,0.02,1,0,0,0,0,1,1,1,4.1913,12,1,1
http://zu6o2a2x17zqlg40swdu.outlook.g5l0mr.loan/alert,53,40,6,3,0,0,3,0,0,0,0,9,0,0.16981132075471697,2,0,0,0,0,1,1,1,4.5913,20,1,1
http://8e5bo8bot6atj4mdhutt.paypal.52lk3t.loan/security,55,39,9,3,0,0,3,0,0,0,0,8,0,0.14545454545454545,2,0,0,0,0,1,1,1,4.5127,20,1,1
http://confirm-zhcmz.cricket/th1fphmz,37,21,9,1,1,0,3,0,0,0,0,1,0,0.02702702702702703,0,0,0,0,0,1,1,0,3.9591,8,1,1
https://udemy.com/about,23,9,6,1,0,0,3,0,0,0,0,0,0,0.0,0,0,1,0,0,0,0,0,3.8492,5,0,0
http://is.gd/tebdud8,20,5,8,1,0,0,3,0,0,0,0,1,0,0.05,0,0,0,0,1,0,0,0,3.6087,7,0,1
http://icloud-password.4gd5ys.zip/confirm,41,26,8,2,1,0,3,0,0,0,0,2,0,0.04878048780487805,1,0,0,0,0,1,2,1,4.4666,8,1,1
http://181.239.38.234/authenticate/o3btg7,41,14,20,3,0,0,4,0,0,0,0,13,0,0.3170731707317073,2,1,0,0,0,1,1,0,4.1804,12,0,1
https://notion.so,17,9,0,1,0,0,2,0,0,0,0,0,0,0.0,0,0,1,0,0,0,0,0,3.1751,6,0,0
http://linkedin-confirm-b09u.loan/blog,38,26,5,1,2,0,3,0,0,0,0,2,0,0.05263157894736842,0,0,0,0,0,1,1,1,4.379,8,1,1
https://www.asus.com/help/products/login,40,12,20,2,0,0,5,0,0,0,0,0,0,0.0,1,0,1,0,0,1,1,0,4.1062,8,0,0
http://bit.ly/0463na7,21,6,8,1,0,0,3,0,0,0,0,5,0,0.23809523809523808,0,0,0,0,1,0,0,0,3.9395,7,0,1
http://validate-mre2u.top/fmkgzbys,34,18,9,1,1,0,3,0,0,0,0,1,0,0.029411764705882353,0,0,0,0,0,1,1,0,4.477,8,1,1
http://apple-verify.o1xgjn.zip/signin,37,23,7,2,1,0,3,0,0,0,0,1,0,0.02702702702702703,1,0,0,0,0,1,2,1,4.3038,6,1,1
http://bankofamerica-account-aukl.loan/account,46,31,8,1,2,0,3,0,0,0,0,0,0,0.0,0,0,0,0,0,1,2,1,3.9851,13,1,1
https://bankofamerica.com/?id=df7pchcb,38,17,1,1,0,0,3,1,1,0,0,1,0,0.02631578947368421,0,0,1,0,0,1,1,0,4.3135,13,0,0
https://figma.com/news,22,9,5,1,0,0,3,0,0,0,0,0,0,0.0,0,0,1,0,0,0,0,0,3.9706,5,0,0
https://linkedin.com/signup,27,12,7,1,0,0,3,0,0,0,0,0,0,0.0,0,0,1,0,0,0,0,0,4.0043,8,0,0
https://www.python.org/support,30,14,8,2,0,0,3,0,0,0,0,0,0,0.0,1,0,1,0,0,0,0,0,3.6314,7,0,0
https://www.irs.gov/orders/support/news,39,11,20,2,0,0,5,0,0,0,0,0,0,0.0,1,0,1,0,0,0,0,0,3.8115,7,0,0
https://stackoverflow.com/about/checkout,40,17,15,1,0,0,4,0,0,0,0,0,0,0.0,0,0,1,0,0,0,0,0,4.0414,13,0,0
https://booking.com/checkout,28,11,9,1,0,0,3,0,0,0,0,0,0,0.0,0,0,1,0,0,0,0,0,3.8693,8,0,0
http://instagram-wallet.kbec54.top/validate,43,27,9,2,1,0,3,0,0,0,0,2,0,0.046511627906976744,1,0,0,0,0,1,2,1,4.3243,9,1,1
http://verify-uk9qs.party/naehpitz,34,18,9,1,1,0,3,0,0,0,0,1,0,0.029411764705882353,0,0,0,0,0,1,1,0,4.2195,8,1,1
https://doordash.com/about/products,35,12,15,1,0,0,4,0,0,0,0,0,0,0.0,0,0,1,0,0,0,0,0,3.7259,8,0,0
http://chase-signin.5hvv7f.review/password,42,26,9,2,1,0,3,0,0,0,0,2,0,0.047619047619047616,1,0,0,0,0,1,2,1,4.3024,8,1,1
http://facebook-secure.ecqakt.click/suspend,43,28,8,2,1,0,3,0,0,0,0,0,0,0.0,1,0,0,0,0,1,3,1,4.2114,8,1,1
http://unlock-hovsr.tk/mwna3mir,31,15,9,1,1,0,3,0,0,0,0,1,0,0.03225806451612903,0,0,0,0,0,1,1,0,4.2603,8,1,1
http://116.146.106.57/wallet/i8yaty,35,14,14,3,0,0,4,0,0,0,0,12,0,0.34285714285714286,2,1,0,0,0,1,1,0,4.0004,6,0,1
http://urgent-oo5vy.gq/ewbzni3d,31,15,9,1,1,0,3,0,0,0,0,2,0,0.06451612903225806,0,0,0,0,0,1,1,0,4.3894,8,1,1
http://7s9bu1dgej1dg6fwro.google.nbvpxd.kim/urgent,50,36,7,3,0,0,3,0,0,0,0,5,0,0.1,2,0,0,0,0,1,1,1,4.6011,18,1,1
http://authenticate-b3cto.cf/ke1q5ms7,37,21,9,1,1,0,3,0,0,0,0,4,0,0.10810810810810811,0,0,0,0,0,1,1,0,4.2966,12,1,1
http://recover-secure-alert-ybgi.kim/support?redirect=y42dj43dga&token=mrh4fzzhyh9o,83,29,8,1,3,0,3,1,2,0,1,6,0,0.07228915662650602,0,0,0,0,0,1,3,0,4.766,12,1,1
https://npmjs.com/?sort=6wqfk,29,9,1,1,0,0,3,1,1,0,0,1,0,0.034482758620689655,0,0,1,0,0,0,0,0,4.1592,5,0,0
http://authenticate-verify-password-fqqi.zip/products?redirect=oq6pk5msse&token=wkn8xqky9kvg,92,37,9,1,3,0,3,1,2,0,1,4,0,0.043478260869565216,0,0,0,0,0,1,3,0,4.7819,12,1,1
http://microsoft.com@microsoft.com-l4h9d.xyz/validate,53,23,9,2,1,0,3,0,0,1,0,2,0,0.03773584905660377,1,0,0,0,0,1,1,1,4.3811,13,1,1
https://doordash.com/dashboard/api?lang=kze&id=k7w1da,53,12,14,1,0,0,4,1,2,0,1,2,0,0.03773584905660377,0,0,1,0,0,0,0,0,4.4349,9,0,0
http://office365-secure-6s0v.top/about,38,25,6,1,2,0,3,0,0,0,0,5,0,0.13157894736842105,0,0,0,0,0,1,1,1,4.2936,9,1,1
http://netflix-verify-q0v3.review/account,41,26,8,1,2,0,3,0,0,0,0,2,0,0.04878048780487805,0,0,0,0,0,1,2,1,4.3755,7,1,1
https://48.39.12.108/verify/ybuxhw,34,12,14,3,0,0,4,0,0,0,0,9,0,0.2647058823529412,2,1,1,0,0,1,1,0,4.4182,6,0,1
http://chase.com@chase.com-1pdbh.gq/security,44,18,9,2,1,0,3,0,0,1,0,1,0,0.022727272727272728,1,0,0,0,0,1,1,1,4.2916,9,1,1
https://coursera.org/settings/account,37,12,17,1,0,0,4,0,0,0,0,0,0,0.0,0,0,1,0,0,1,1,0,3.8074,8,0,0
http://unlock-cwqq2.ml/gcuu54he,31,15,9,1,1,0,3,0,0,0,0,3,0,0.0967741935483871,0,0,0,0,0,1,1,0,4.236,8,1,1
https://www.ieee.org/contact/news?page=84d4r9,45,12,13,2,0,0,4,1,1,0,0,4,0,0.08888888888888889,1,0,1,0,0,0,0,0,4.2561,7,0,0
http://wallet-suspend-signin-qbku.click/contact?redirect=0tqftfofys&token=y089g9t6jznu,86,32,8,1,3,0,3,1,2,0,1,6,0,0.06976744186046512,0,0,0,0,0,1,4,0,4.784,12,1,1
https://telegram.org/checkout/support?ref=n80oco,48,12,17,1,0,0,4,1,1,0,0,2,0,0.041666666666666664,0,0,1,0,0,0,0,0,4.2364,8,0,0
http://recover-signin-secure-n378.loan/search?redirect=n4l6bp6ojc&token=6on5zz679aql,84,31,7,1,3,0,3,1,2,0,1,11,0,0.13095238095238096,0,0,0,0,0,1,3,0,4.7624,12,1,1
https://amd.com,15,7,0,1,0,0,2,0,0,0,0,0,0,0.0,0,0,1,0,0,0,0,0,3.5069,5,0,0
http://login-signin-alert-7qso.top/account?redirect=ij8wlolxqw&token=lifnnt4yu8m0,81,27,8,1,3,0,3,1,2,0,1,5,0,0.06172839506172839,0,0,0,0,0,1,4,0,4.7189,12,1,1
https://www.ebay.com/services/checkout/orders,45,12,25,2,0,0,5,0,0,0,0,0,0,0.0,1,0,1,0,0,0,0,0,4.1088,8,0,0
http://8xkv4vtcdmws81bxd7itqrt.wellsfargo.8g7qnc.loan/update,60,46,7,3,0,0,3,0,0,0,0,7,0,0.11666666666666667,2,0,0,0,0,1,1,1,4.7396,23,1,1
http://175.53.112.159/secure/o6l2mx,35,14,14,3,0,0,4,0,0,0,0,13,0,0.37142857142857144,2,1,0,0,0,1,1,0,4.229,6,0,1
http://outlook.com@outlook.com-dbtfd.top/security,49,21,9,2,1,0,3,0,0,1,0,0,0,0.0,1,0,0,0,0,1,1,1,4.0392,11,1,1
http://icloud-wallet-wi70.kim/account,37,22,8,1,2,0,3,0,0,0,0,2,0,0.05405405405405406,0,0,0,0,0,1,2,1,4.2089,7,1,1
https://apple.com/checkout/contact?category=23g&sort=pq0y,57,9,17,1,0,0,4,1,2,0,1,3,0,0.05263157894736842,0,0,1,0,0,0,0,0,4.3543,8,0,0
https://www.intel.com/api/about?utm_source=0ukeyz,49,13,10,2,0,1,4,1,1,0,0,1,0,0.02040816326530612,1,0,1,0,0,0,0,0,4.4744,6,0,0
https://nasa.gov/dashboard?id=2flurmw3,38,8,10,1,0,0,3,1,1,0,0,2,0,0.05263157894736842,0,0,1,0,0,0,0,0,4.4515,9,0,0
https://205.194.28.225/alert/x8g1hz,35,14,13,3,0,0,4,0,0,0,0,13,0,0.37142857142857144,2,1,1,0,0,1,1,0,4.1719,6,0,1
http://netflix.com@netflix.com-a12me.link/wallet,48,22,7,2,1,0,3,0,0,1,0,2,0,0.041666666666666664,1,0,0,0,0,1,1,1,4.2309,11,1,1
https://www.asus.com/login,26,12,6,2,0,0,3,0,0,0,0,0,0,0.0,1,0,1,0,0,1,1,0,3.921,5,0,0
https://www.figma.com/login,27,13,6,2,0,0,3,0,0,0,0,0,0,0.0,1,0,1,0,0,1,1,0,3.9582,5,0,0
https://www.github.com/help/services/signup,43,14,21,2,0,0,5,0,0,0,0,0,0,0.0,1,0,1,0,0,0,0,0,4.1207,8,0,0
http://recover-signin-urgent-0yvb.top/home?redirect=d613ly4qzt&token=gbcqtaij82t2,81,30,5,1,3,0,3,1,2,0,1,8,0,0.09876543209876543,0,0,0,0,0,1,3,0,4.8484,12,1,1
https://notion.so/search/docs/services?q=01rv1twb&ref=a7,56,9,21,1,0,0,5,1,2,0,1,4,0,0.07142857142857142,0,0,1,0,0,0,0,0,4.4167,8,0,0
http://secure-confirm-update-og5b.tk/profile?redirect=y7khg4g7ni&token=e3fkp96aiu01,83,29,8,1,3,0,3,1,2,0,1,9,0,0.10843373493975904,0,0,0,0,0,1,3,0,4.8086,12,1,1
https://234.252.39.10/account/oqcpl7,36,13,15,3,0,0,4,0,0,0,0,11,0,0.3055555555555556,2,1,1,0,0,1,1,0,4.2527,7,0,1
https://www.bestbuy.com/profile/support?lang=qs3q,49,15,16,2,0,0,4,1,1,0,0,1,0,0.02040816326530612,1,0,1,0,0,0,0,0,4.4819,7,0,0
http://bankofamerica.com@bankofamerica.com-bj98u.link/billing,61,28,8,2,1,0,3,0,0,1,0,2,0,0.03278688524590164,1,0,0,0,0,1,2,1,4.3875,17,1,1
http://chase-wallet.9j1pli.cricket/confirm,42,27,8,2,1,0,3,0,0,0,0,2,0,0.047619047619047616,1,0,0,0,0,1,2,1,4.3204,7,1,1
https://trello.com/services/login,33,10,15,1,0,0,4,0,0,0,0,0,0,0.0,0,0,1,0,0,1,1,0,3.8997,8,0,0
https://144.103.137.127/suspend/keg7v4,38,15,15,3,0,0,4,0,0,0,0,14,0,0.3684210526315789,2,1,1,0,0,1,1,0,4.1158,7,0,1
http://paypal.com@paypal.com-8t4br.work/urgent,46,21,7,2,1,0,3,0,0,1,0,2,0,0.043478260869565216,1,0,0,0,0,1,1,1,4.336,10,1,1
http://icloud-wallet-bxdq.party/support,39,24,8,1,2,0,3,0,0,0,0,0,0,0.0,0,0,0,0,0,1,1,1,4.2311,7,1,1
http://google-suspend.xg56w0.top/alert,38,25,6,2,1,0,3,0,0,0,0,3,0,0.07894736842105263,1,0,0,0,0,1,2,1,4.2539,7,1,1
https://intel.com/home/help/contact?utm_source=42oi,51,9,18,1,0,1,5,1,1,0,0,2,0,0.0392156862745098,0,0,1,0,0,0,0,0,4.1775,7,0,0
https://facebook.com,20,12,0,1,0,0,2,0,0,0,0,0,0,0.0,0,0,1,0,0,0,0,0,3.7842,8,0,0
https://wordpress.com/support/profile/checkout,46,13,25,1,0,0,5,0,0,0,0,0,0,0.0,0,0,1,0,0,0,0,0,3.951,9,0,0
http://account-d7b52.review/d6suzrdd,36,20,9,1,1,0,3,0,0,0,0,4,0,0.1111111111111111,0,0,0,0,0,1,1,0,4.4613,8,1,1
https://www.reddit.com/help/products,36,14,14,2,0,0,4,0,0,0,0,0,0,0.0,1,0,1,0,0,0,0,0,3.9404,8,0,0
https://www.microsoft.com/?utm_source=8k8c9g3,45,17,1,2,0,1,3,1,1,0,0,4,0,0.08888888888888889,1,0,1,0,0,0,0,0,4.3581,9,0,0
http://paypal-security-q5td.gq/search,37,23,7,1,2,0,3,0,0,0,0,1,0,0.02702702702702703,0,0,0,0,0,1,1,1,4.1753,8,1,1
http://update-m00lq.click/h913sd09,34,18,9,1,1,0,3,0,0,0,0,7,0,0.20588235294117646,0,0,0,0,0,1,2,0,4.315,8,1,1
https://www.sap.com/api?ref=no,30,11,4,2,0,0,3,1,1,0,0,0,0,0.0,1,0,1,0,0,0,0,0,4.0981,5,0,0
http://chase.com@chase.com-dwbnu.tk/password,44,18,9,2,1,0,3,0,0,1,0,0,0,0.0,1,0,0,0,0,1,1,1,4.2201,9,1,1
https://citibank.com/?page=52s8,31,12,1,1,0,0,3,1,1,0,0,3,0,0.0967741935483871,0,0,1,0,0,1,1,0,4.3248,8,0,0
https://intel.com/signup,24,9,7,1,0,0,3,0,0,0,0,0,0,0.0,0,0,1,0,0,0,0,0,3.8554,6,0,0
http://amazon-update-1km8.xyz/login,35,22,6,1,2,0,3,0,0,0,0,2,0,0.05714285714285714,0,0,0,0,0,1,2,1,4.3789,6,1,1
http://urgent-password-login-5zcf.work/home?redirect=mxsnwer8zd&token=xhyou5mhsbdj,82,31,5,1,3,0,3,1,2,0,1,3,0,0.036585365853658534,0,0,0,0,0,1,3,0,4.7824,12,1,1
http://facebook.com@facebook.com-plui4.zip/confirm,50,22,8,2,1,0,3,0,0,1,0,1,0,0.02,1,0,0,0,0,1,1,1,4.248,12,1,1
https://www.vmware.com/dashboard/blog/api,41,14,19,2,0,0,5,0,0,0,0,0,0,0.0,1,0,1,0,0,0,0,0,4.1291,9,0,0
https://www.bbc.com/blog/signup/profile,39,11,20,2,0,0,5,0,0,0,0,0,0,0.0,1,0,1,0,0,0,0,0,4.1411,7,0,0
http://10.7.236.39/security/4gellx,34,11,16,3,0,0,4,0,0,0,0,9,0,0.2647058823529412,2,1,0,0,0,1,1,0,4.396,8,0,1
http://l745csf0almwnmj0.apple.sisj42.party/password,51,35,9,3,0,0,3,0,0,0,0,7,0,0.13725490196078433,2,0,0,0,0,1,1,1,4.4521,16,1,1
http://signin-confirm-billing-u9iv.tk/login?redirect=yvni8e6149&token=3685efzvmt4f,82,30,6,1,3,0,3,1,2,0,1,11,0,0.13414634146341464,0,0,0,0,0,1,4,0,4.7802,12,1,1
https://www.google.com/?category=xlseu,38,14,1,2,0,0,3,1,1,0,0,0,0,0.0,1,0,1,0,0,0,0,0,4.2012,8,0,0
https://office.com,18,10,0,1,0,0,2,0,0,0,0,0,0,0.0,0,0,1,0,0,0,0,0,3.6144,6,0,0
https://www.nature.com/?category=34t,36,14,1,2,0,0,3,1,1,0,0,2,0,0.05555555555555555,1,0,1,0,0,0,0,0,4.2499,8,0,0
http://security-validate-wallet-78e5.link/checkout?redirect=klyrsoava6&token=fbf4fkkhyb0r,89,34,9,1,3,0,3,1,2,0,1,6,0,0.06741573033707865,0,0,0,0,0,1,3,0,4.7132,12,1,1
http://178.153.33.1/wallet/e24i1a,33,12,14,3,0,0,4,0,0,0,0,12,0,0.36363636363636365,2,1,0,0,0,1,1,0,3.9455,6,0,1
https://bestbuy.com/settings/search,35,11,16,1,0,0,4,0,0,0,0,0,0,0.0,0,0,1,0,0,0,0,0,3.93,8,0,0
http://icloud-account.ybyc4i.review/confirm,43,28,8,2,1,0,3,0,0,0,0,1,0,0.023255813953488372,1,0,0,0,0,1,2,1,4.3594,7,1,1
https://www.kubernetes.io/products,34,17,9,2,0,0,3,0,0,0,0,0,0,0.0,1,0,1,0,0,0,0,0,3.9987,10,0,0
https://nasa.gov/services/cart?sort=li,38,8,14,1,0,0,4,1,1,0,0,0,0,0.0,0,0,1,0,0,0,0,0,4.0079,8,0,0
https://expedia.com/profile/orders?id=j84,41,11,15,1,0,0,4,1,1,0,0,2,0,0.04878048780487805,0,0,1,0,0,0,0,0,4.2899,7,0,0
https://www.cloudflare.com/blog?ref=4d0gj,41,18,5,2,0,0,3,1,1,0,0,2,0,0.04878048780487805,1,0,1,0,0,0,0,0,4.5034,10,0,0
http://password-450uh.top/asul64qb,34,18,9,1,1,0,3,0,0,0,0,5,0,0.14705882352941177,0,0,0,0,0,1,1,0,4.2339,8,1,1
http://instagram-suspend-n18b.review/cart,41,29,5,1,2,0,3,0,0,0,0,2,0,0.04878048780487805,0,0,0,0,0,1,1,1,4.3203,9,1,1
http://linkedin-suspend-wwnq.xyz/docs,37,25,5,1,2,0,3,0,0,0,0,0,0,0.0,0,0,0,0,0,1,1,1,4.2834,8,1,1
http://wallet-kagiq.top/rtjr2gjc,32,16,9,1,1,0,3,0,0,0,0,1,0,0.03125,0,0,0,0,0,1,1,0,4.1136,8,1,1
https://walmart.com/cart?ref=rkmb,33,11,5,1,0,0,3,1,1,0,0,0,0,0.0,0,0,1,0,0,0,0,0,4.0667,7,0,0
https://www.nasa.gov/?lang=7zx4de7n,35,12,1,2,0,0,3,1,1,0,0,3,0,0.08571428571428572,1,0,1,0,0,0,0,0,4.3002,8,0,0
https://www.oracle.com/?lang=wnguc,34,14,1,2,0,0,3,1,1,0,0,0,0,0.0,1,0,1,0,0,0,0,0,4.1607,6,0,0
https://www.atlassian.com/home?id=f57j2xi,41,17,5,2,0,0,3,1,1,0,0,3,0,0.07317073170731707,1,0,1,0,0,0,0,0,4.4666,9,0,0
https://heroku.com,18,10,0,1,0,0,2,0,0,0,0,0,0,0.0,0,0,1,0,0,0,0,0,3.7255,6,0,0
http://135.148.245.247/authenticate/9txadn,42,15,20,3,0,0,4,0,0,0,0,13,0,0.30952380952380953,2,1,0,0,0,1,1,0,4.2072,12,0,1
https://www.amd.com/about/checkout,34,11,15,2,0,0,4,0,0,0,0,0,0,0.0,1,0,1,0,0,0,0,0,3.9032,8,0,0
https://stackoverflow.com/about/login/login?category=em,55,17,18,1,0,0,5,1,1,0,0,0,0,0.0,0,0,1,0,0,1,1,0,4.3878,13,0,0
http://bit.ly/e45b2ni,21,6,8,1,0,0,3,0,0,0,0,3,0,0.14285714285714285,0,0,0,0,1,0,0,0,3.749,7,0,1
http://google-wallet.fjk2d6.xyz/secure,38,24,7,2,1,0,3,0,0,0,0,2,0,0.05263157894736842,1,0,0,0,0,1,2,1,4.5041,6,1,1
http://confirm-urgent-secure-rudb.click/checkout?redirect=gyxkqn8oy7&token=gnjz2ho7dug8,87,32,9,1,3,0,3,1,2,0,1,5,0,0.05747126436781609,0,0,0,0,0,1,4,0,4.6852,12,1,1
http://update-authenticate-login-6eqx.review/checkout?redirect=rlt4csnc0z&token=jxoq9v98o1lp,92,37,9,1,3,0,3,1,2,0,1,7,0,0.07608695652173914,0,0,0,0,0,1,3,0,4.7318,12,1,1
https://www.asus.com/docs/orders,32,12,12,2,0,0,4,0,0,0,0,0,0,0.0,1,0,1,0,0,0,0,0,3.7775,6,0,0
http://zcmhfmtgdlb3j56ta.paypal.my74wx.loan/account,51,36,8,3,0,0,3,0,0,0,0,5,0,0.09803921568627451,2,0,0,0,0,1,1,1,4.5009,17,1,1
http://billing-confirm-login-4zif.gq/help?redirect=oj02wy0ufb&token=c16lks2dvgon,80,29,5,1,3,0,3,1,2,0,1,7,0,0.0875,0,0,0,0,0,1,3,0,4.8955,12,1,1
https://yahoo.com/?ref=vsq&lang=9p,34,9,1,1,0,0,3,1,2,0,1,1,0,0.029411764705882353,0,0,1,0,0,0,0,0,4.4548,5,0,0
https://www.cnn.com/account/news/contact?q=uw,45,11,21,2,0,0,5,1,1,0,0,0,0,0.0,1,0,1,0,0,1,1,0,3.8318,7,0,0
http://security-zczvv.loan/js6pvs9v,35,19,9,1,1,0,3,0,0,0,0,2,0,0.05714285714285714,0,0,0,0,0,1,1,0,4.3217,8,1,1
https://www.udemy.com/login?utm_source=xj,41,13,6,2,0,1,3,1,1,0,0,0,0,0.0,1,0,1,0,0,1,1,0,4.4666,6,0,0
http://recover-signin-validate-vclh.work/products?redirect=evjn2j6bvv&token=bbbvmia63ymd,88,33,9,1,3,0,3,1,2,0,1,4,0,0.045454545454545456,0,0,0,0,0,1,3,0,4.7072,12,1,1
https://www.ieee.org/news/dashboard,35,12,15,2,0,0,4,0,0,0,0,0,0,0.0,1,0,1,0,0,0,0,0,3.9077,9,0,0
https://bankofamerica.com/search,32,17,7,1,0,0,3,0,0,0,0,0,0,0.0,0,0,1,0,0,1,1,0,4.0153,13,0,0
https://lenovo.com/signup/contact,33,10,15,1,0,0,4,0,0,0,0,0,0,0.0,0,0,1,0,0,0,0,0,3.9077,7,0,0
https://w3.org/signup/login/cart,32,6,18,1,0,0,5,0,0,0,0,1,0,0.03125,0,0,1,0,0,1,1,0,3.965,6,0,0
https://dropbox.com/login/blog/dashboard,40,11,21,1,0,0,5,0,0,0,0,0,0,0.0,0,0,1,0,0,1,1,0,4.0062,9,0,0
http://tdzyumnqizkqoelu8a3pwjt7d.paypal.0ac0bq.work/account,59,44,8,3,0,0,3,0,0,0,0,5,0,0.0847457627118644,2,0,0,0,0,1,1,1,4.5988,25,1,1
http://icloud-confirm.88ptwj.review/login,41,28,6,2,1,0,3,0,0,0,0,2,0,0.04878048780487805,1,0,0,0,0,1,2,1,4.3755,7,1,1
https://www.mit.edu/account/products/orders,43,11,24,2,0,0,5,0,0,0,0,0,0,0.0,1,0,1,0,0,1,1,0,3.9727,8,0,0
http://microsoft-secure-hj31.work/support,41,26,8,1,2,0,3,0,0,0,0,2,0,0.04878048780487805,0,0,0,0,0,1,1,1,4.1804,9,1,1
http://aqc6cqko5fkpa2tvmxq.google.yjrofh.zip/login,50,37,6,3,0,0,3,0,0,0,0,3,0,0.06,2,0,0,0,0,1,1,1,4.5611,19,1,1
https://www.apple.com/contact/news?utm_source=xjq5nv,52,13,13,2,0,1,4,1,1,0,0,1,0,0.019230769230769232,1,0,1,0,0,0,0,0,4.4046,7,0,0
http://recover-validate-wallet-sjbc.top/cart?redirect=kkjjar4gzt&token=pzmns7lv5j9x,83,32,5,1,3,0,3,1,2,0,1,4,0,0.04819277108433735,0,0,0,0,0,1,3,0,4.6903,12,1,1
http://wellsfargo.com@wellsfargo.com-evi9v.kim/suspend,54,24,8,2,1,0,3,0,0,1,0,1,0,0.018518518518518517,1,0,0,0,0,1,1,1,4.5278,14,1,1
https://www.stanford.edu/about?q=qcw76x&sort=az,47,16,6,2,0,0,3,1,2,0,1,2,0,0.0425531914893617,1,0,1,0,0,0,0,0,4.4774,8,0,0
http://netflix.com@netflix.com-r2p6x.xyz/secure,47,21,7,2,1,0,3,0,0,1,0,2,0,0.0425531914893617,1,0,0,0,0,1,1,1,4.4,11,1,1
http://apple-urgent.2aze5e.loan/secure,38,24,7,2,1,0,3,0,0,0,0,2,0,0.05263157894736842,1,0,0,0,0,1,2,1,4.0761,6,1,1
http://paypal-verify-ekvz.xyz/services,38,22,9,1,2,0,3,0,0,0,0,0,0,0.0,0,0,0,0,0,1,1,1,4.1685,8,1,1
https://www.yahoo.com/products/products/home?utm_source=mp6j37s,63,13,23,2,0,1,5,1,1,0,0,3,0,0.047619047619047616,1,0,1,0,0,0,0,0,4.2829,8,0,0
https://www.docker.com/?lang=kvonnlha,37,14,1,2,0,0,3,1,1,0,0,0,0,0.0,1,0,1,0,0,0,0,0,4.317,8,0,0
http://password-pvkta.gq/e7428yi4,33,17,9,1,1,0,3,0,0,0,0,5,0,0.15151515151515152,0,0,0,0,0,1,1,0,4.4303,8,1,1
https://twitch.tv/products/profile?lang=ai89y1&page=uu5,55,9,17,1,0,0,4,1,2,0,1,4,0,0.07272727272727272,0,0,1,0,0,0,0,0,4.6218,8,0,0
http://billing-tjh56.click/e6lzkwe9,35,19,9,1,1,0,3,0,0,0,0,4,0,0.11428571428571428,0,0,0,0,0,1,2,0,4.2074,8,1,1
https://expedia.com/account/settings?sort=wq1g&page=rx37jw,58,11,17,1,0,0,4,1,2,0,1,3,0,0.05172413793103448,0,0,1,0,0,1,1,0,4.56,8,0,0
https://www.wordpress.com/search,32,17,7,2,0,0,3,0,0,0,0,0,0,0.0,1,0,1,0,0,0,0,0,3.7653,9,0,0
http://bit.ly/385c6kd,21,6,8,1,0,0,3,0,0,0,0,4,0,0.19047619047619047,0,0,0,0,1,0,0,0,3.9395,7,0,1
https://figma.com/orders/contact,32,9,15,1,0,0,4,0,0,0,0,0,0,0.0,0,0,1,0,0,0,0,0,3.9528,7,0,0
https://www.docker.com/about/blog/products?q=9tanzr2,52,14,20,2,0,0,5,1,1,0,0,2,0,0.038461538461538464,1,0,1,0,0,0,0,0,4.4871,8,0,0
https://www.samsung.com/checkout/account?page=k035n8&category=phli,66,15,17,2,0,0,4,1,2,0,1,4,0,0.06060606060606061,1,0,1,0,0,1,1,0,4.5723,8,0,0
http://2y0eap50sw1oq9rq53ut.whatsapp.iumw6a.link/urgent,55,41,7,3,0,0,3,0,0,0,0,9,0,0.16363636363636364,2,0,0,0,0,1,1,1,4.6063,20,1,1
http://outlook-suspend-46te.party/login,39,26,6,1,2,0,3,0,0,0,0,2,0,0.05128205128205128,0,0,0,0,0,1,2,1,4.2311,7,1,1
https://udemy.com/?page=m1g,27,9,1,1,0,0,3,1,1,0,0,1,0,0.037037037037037035,0,0,1,0,0,0,0,0,4.1064,5,0,0
http://wellsfargo-billing-0von.work/cart,40,28,5,1,2,0,3,0,0,0,0,1,0,0.025,0,0,0,0,0,1,1,1,4.3464,10,1,1
https://www.samsung.com/home/orders,35,15,12,2,0,0,4,0,0,0,0,0,0,0.0,1,0,1,0,0,0,0,0,3.9789,7,0,0
https://www.un.org/about/settings?sort=gbpj,43,10,15,2,0,0,4,1,1,0,0,0,0,0.0,1,0,1,0,0,0,0,0,4.0827,8,0,0
https://vmware.com/products?page=gs3&sort=no,44,10,9,1,0,0,3,1,2,0,1,1,0,0.022727272727272728,0,0,1,0,0,0,0,0,4.3171,8,0,0
http://instagram-wallet-tmgr.xyz/contact,40,25,8,1,2,0,3,0,0,0,0,0,0,0.0,0,0,0,0,0,1,1,1,4.1618,9,1,1
http://confirm-v16sh.click/p08iio1q,35,19,9,1,1,0,3,0,0,0,0,5,0,0.14285714285714285,0,0,0,0,0,1,2,0,4.3433,8,1,1
https://www.youtube.com/news/docs/settings?ref=gwg&lang=56,58,15,19,2,0,0,5,1,2,0,1,2,0,0.034482758620689655,1,0,1,0,0,0,0,0,4.4796,8,0,0
https://www.sciencedirect.com/products?q=wj,43,21,9,2,0,0,3,1,1,0,0,0,0,0.0,1,0,1,0,0,0,0,0,4.1734,13,0,0
https://211.8.37.230/alert/d2h5lo,33,12,13,3,0,0,4,0,0,0,0,11,0,0.3333333333333333,2,1,1,0,0,1,1,0,4.1273,6,0,1
http://security-wallet-verify-6b0j.ml/signup?redirect=t7cz14wjai&token=9c2bvs3k337o,83,30,7,1,3,0,3,1,2,0,1,11,0,0.13253012048192772,0,0,0,0,0,1,3,0,5.0191,12,1,1
http://dtiihe1julj3g75zk1ga2s.office365.ytmxbv.review/alert,59,46,6,3,0,0,3,0,0,0,0,9,0,0.15254237288135594,2,0,0,0,0,1,1,1,4.8194,22,1,1
https://khanacademy.org/settings/contact,40,15,17,1,0,0,4,0,0,0,0,0,0,0.0,0,0,1,0,0,0,0,0,3.9776,11,0,0
https://169.85.100.112/alert/7dgt60,35,14,13,3,0,0,4,0,0,0,0,14,0,0.4,2,1,1,0,0,1,1,0,4.1147,6,0,1
http://nztahy8olq54wfugeg1j.google.um9yj4.cricket/secure,56,42,7,3,0,0,3,0,0,0,0,6,0,0.10714285714285714,2,0,0,0,0,1,1,1,4.6755,20,1,1
http://chase-confirm.iy1bfw.gq/password,39,23,9,2,1,0,3,0,0,0,0,1,0,0.02564102564102564,1,0,0,0,0,1,2,1,4.4775,8,1,1
https://www.nasa.gov/dashboard,30,12,10,2,0,0,3,0,0,0,0,0,0,0.0,1,0,1,0,0,0,0,0,3.8314,9,0,0
https://steam.com/docs?category=49kw,36,9,5,1,0,0,3,1,1,0,0,2,0,0.05555555555555555,0,0,1,0,0,0,0,0,4.2527,8,0,0
http://apple.com@apple.com-t2xfd.kim/recover,44,19,8,2,1,0,3,0,0,1,0,1,0,0.022727272727272728,1,0,0,0,0,1,1,1,4.229,9,1,1
https://un.org/signup/signup/search?lang=vqkxbi6j&q=h3,54,6,21,1,0,0,5,1,2,0,1,2,0,0.037037037037037035,0,0,1,0,0,0,0,0,4.5581,8,0,0
https://www.canva.com/blog/settings,35,13,14,2,0,0,4,0,0,0,0,0,0,0.0,1,0,1,0,0,0,0,0,4.0576,8,0,0
https://steam.com,17,9,0,1,0,0,2,0,0,0,0,0,0,0.0,0,0,1,0,0,0,0,0,3.4548,5,0,0
http://197.215.172.82/confirm/eo0eu2,36,14,15,3,0,0,4,0,0,0,0,13,0,0.3611111111111111,2,1,0,0,0,1,1,0,4.2391,7,0,1
http://microsoft-suspend-5gev.party/blog,40,28,5,1,2,0,3,0,0,0,0,1,0,0.025,0,0,0,0,0,1,1,1,4.4464,9,1,1
https://twitter.com/settings/about?ref=sci,42,11,15,1,0,0,4,1,1,0,0,0,0,0.0,0,0,1,0,0,0,0,0,4.0707,8,0,0
https://www.whatsapp.com/account/help,37,16,13,2,0,0,4,0,0,0,0,0,0,0.0,1,0,1,0,0,1,1,0,3.7969,8,0,0
http://165.52.82.99/urgent/wgu9b8,33,12,14,3,0,0,4,0,0,0,0,11,0,0.3333333333333333,2,1,0,0,0,1,1,0,4.0667,6,0,1
http://cyltm9r6mguov5it2ni.facebook.9suon8.click/authenticate,61,41,13,3,0,0,3,0,0,0,0,6,0,0.09836065573770492,2,0,0,0,0,1,2,1,4.5243,19,1,1
http://validate-billing-unlock-j5ms.cricket/login?redirect=msg0g1zzro&token=g0jrx2n75wln,88,36,6,1,3,0,3,1,2,0,1,7,0,0.07954545454545454,0,0,0,0,0,1,4,0,4.8102,12,1,1
http://office365-suspend.em8sgn.party/wallet,44,30,7,2,1,0,3,0,0,0,0,4,0,0.09090909090909091,1,0,0,0,0,1,2,1,4.5443,9,1,1
https://expedia.com/settings,28,11,9,1,0,0,3,0,0,0,0,0,0,0.0,0,0,1,0,0,0,0,0,3.8693,8,0,0
https://www.amazon.com/contact/about/home,41,14,19,2,0,0,5,0,0,0,0,0,0,0.0,1,0,1,0,0,0,0,0,3.8187,7,0,0
http://instagram-validate.v5ipbx.work/urgent,44,30,7,2,1,0,3,0,0,0,0,1,0,0.022727272727272728,1,0,0,0,0,1,2,1,4.4168,9,1,1
http://authenticate-suspend-login-z8xu.cf/login?redirect=lz95aoq14m&token=afmar9leokqj,86,34,6,1,3,0,3,1,2,0,1,6,0,0.06976744186046512,0,0,0,0,0,1,3,0,4.8227,12,1,1
https://www.lenovo.com/api/orders/home?category=2d41u,53,14,16,2,0,0,5,1,1,0,0,3,0,0.05660377358490566,1,0,1,0,0,0,0,0,4.4943,8,0,0
http://netflix-wallet-iolf.zip/blog,35,23,5,1,2,0,3,0,0,0,0,0,0,0.0,0,0,0,0,0,1,1,1,4.0116,7,1,1
https://yahoo.com/account/settings/docs,39,9,22,1,0,0,5,0,0,0,0,0,0,0.0,0,0,1,0,0,1,1,0,3.8283,8,0,0
https://stackoverflow.com/?lang=nk8fwr,38,17,1,1,0,0,3,1,1,0,0,1,0,0.02631578947368421,0,0,1,0,0,0,0,0,4.3989,13,0,0
https://grubhub.com/services/services/checkout,46,11,27,1,0,0,5,0,0,0,0,0,0,0.0,0,0,1,0,0,0,0,0,3.9266,8,0,0
https://coursera.org/profile?category=ny,40,12,8,1,0,0,3,1,1,0,0,0,0,0.0,0,0,1,0,0,0,0,0,4.1751,8,0,0
https://telegram.org/help/support/settings?utm_source=nq,56,12,22,1,0,1,5,1,1,0,0,0,0,0.0,0,0,1,0,0,0,0,0,4.1512,8,0,0
https://nature.com/?id=74&category=hocn9,40,10,1,1,0,0,3,1,2,0,1,3,0,0.075,0,0,1,0,0,0,0,0,4.4653,8,0,0
http://recover-suspend-verify-7o6y.loan/docs?redirect=n42rlosals&token=ul8snw74yrtu,83,32,5,1,3,0,3,1,2,0,1,7,0,0.08433734939759036,0,0,0,0,0,1,3,0,4.6392,12,1,1
https://80.86.9.183/urgent/z3t7ey,33,11,14,3,0,0,4,0,0,0,0,10,0,0.30303030303030304,2,1,1,0,0,1,1,0,4.1502,6,0,1
https://www.oracle.com/products/blog/news,41,14,19,2,0,0,5,0,0,0,0,0,0,0.0,1,0,1,0,0,0,0,0,4.0923,8,0,0
https://www.sciencedirect.com/orders/checkout,45,21,16,2,0,0,4,0,0,0,0,0,0,0.0,1,0,1,0,0,0,0,0,3.9332,13,0,0
http://whatsapp-signin-qv4t.tk/home,35,23,5,1,2,0,3,0,0,0,0,1,0,0.02857142857142857,0,0,0,0,0,1,1,1,4.1043,8,1,1
https://www.bing.com/checkout/docs/profile,42,12,22,2,0,0,5,0,0,0,0,0,0,0.0,1,0,1,0,0,0,0,0,4.2228,8,0,0
https://youtube.com,19,11,0,1,0,0,2,0,0,0,0,0,0,0.0,0,0,1,0,0,0,0,0,3.6819,7,0,0
https://epicgames.com/help/contact/orders,41,13,20,1,0,0,5,0,0,0,0,0,0,0.0,0,0,1,0,0,0,0,0,3.946,9,0,0
http://update-tawmw.loan/8qiq7uvm,33,17,9,1,1,0,3,0,0,0,0,2,0,0.06060606060606061,0,0,0,0,0,1,1,0,4.2108,8,1,1
https://www.logitech.com/cart?ref=itf,37,16,5,2,0,0,3,1,1,0,0,0,0,0.0,1,0,1,0,0,0,0,0,4.1318,8,0,0
http://48.223.144.236/login/l1376q,34,14,13,3,0,0,4,0,0,0,0,15,0,0.4411764705882353,2,1,0,0,0,1,1,0,4.0575,6,0,1
http://unlock-validate-confirm-grvz.cricket/signup?redirect=khtab92wc3&token=bnecjq427u1n,89,36,7,1,3,0,3,1,2,0,1,7,0,0.07865168539325842,0,0,0,0,0,1,3,0,4.8654,12,1,1
http://microsoft-password-e553.cricket/profile,46,31,8,1,2,0,3,0,0,0,0,3,0,0.06521739130434782,0,0,0,0,0,1,1,1,4.2512,9,1,1
https://www.cloudflare.com/about,32,18,6,2,0,0,3,0,0,0,0,0,0,0.0,1,0,1,0,0,0,0,0,4.0931,10,0,0
http://bankofamerica-authenticate.rss0np.link/password,54,38,9,2,1,0,3,0,0,0,0,1,0,0.018518518518518517,1,0,0,0,0,1,3,1,4.3309,13,1,1
http://5m4eo0xjjvhoiqn.paypal.d8m52g.xyz/billing,48,33,8,3,0,0,3,0,0,0,0,6,0,0.125,2,0,0,0,0,1,1,1,4.6313,15,1,1
https://wikipedia.org/cart?id=umapq,35,13,5,1,0,0,3,1,1,0,0,0,0,0.0,0,0,1,0,0,0,0,0,4.243,9,0,0
https://www.ebay.com/products/blog?sort=u1wyuvxy&utm_source=7mgf,64,12,14,2,0,1,4,1,2,0,1,2,0,0.03125,1,0,1,0,0,0,0,0,4.5961,8,0,0
https://www.facebook.com/support/login/help,43,16,19,2,0,0,5,0,0,0,0,0,0,0.0,1,0,1,0,0,1,1,0,4.2,8,0,0
https://telegram.org/?ref=6pe,29,12,1,1,0,0,3,1,1,0,0,1,0,0.034482758620689655,0,0,1,0,0,0,0,0,3.9523,8,0,0
http://microsoft-urgent-lplf.loan/support,41,26,8,1,2,0,3,0,0,0,0,0,0,0.0,0,0,0,0,0,1,1,1,4.0923,9,1,1
https://www.microsoft.com/login/settings/products,49,17,24,2,0,0,5,0,0,0,0,0,0,0.0,1,0,1,0,0,1,1,0,4.0514,9,0,0
https://spotify.com/services?page=mbrg8m,40,11,9,1,0,0,3,1,1,0,0,1,0,0.025,0,0,1,0,0,0,0,0,4.2776,8,0,0
https://www.ebay.com/login/products,35,12,15,2,0,0,4,0,0,0,0,0,0,0.0,1,0,1,0,0,1,1,0,4.2646,8,0,0
http://whatsapp-authenticate-agi3.tk/cart,41,29,5,1,2,0,3,0,0,0,0,1,0,0.024390243902439025,0,0,0,0,0,1,1,1,3.8509,12,1,1
https://ieee.org/search/search,30,8,14,1,0,0,4,0,0,0,0,0,0,0.0,0,0,1,0,0,0,0,0,3.5777,6,0,0
https://www.khanacademy.org/profile,35,19,8,2,0,0,3,0,0,0,0,0,0,0.0,1,0,1,0,0,0,0,0,4.3217,11,0,0
http://chase.com@chase.com-3mcym.loan/update,44,20,7,2,1,0,3,0,0,1,0,1,0,0.022727272727272728,1,0,0,0,0,1,1,1,4.0926,9,1,1
http://173.228.134.203/suspend/cza0e9,37,15,15,3,0,0,4,0,0,0,0,14,0,0.3783783783783784,2,1,0,0,0,1,1,0,4.2834,7,0,1
http://alert-4mk3f.tk/rz2qypbh,30,14,9,1,1,0,3,0,0,0,0,3,0,0.1,0,0,0,0,0,1,1,0,4.2151,8,1,1
https://www.trello.com/products/home,36,14,14,2,0,0,4,0,0,0,0,0,0,0.0,1,0,1,0,0,0,0,0,3.8712,8,0,0
http://paypal-security.gsem2f.work/password,43,27,9,2,1,0,3,0,0,0,0,1,0,0.023255813953488372,1,0,0,0,0,1,2,1,4.3793,8,1,1
http://icloud-signin-bsij.top/login,35,22,6,1,2,0,3,0,0,0,0,0,0,0.0,0,0,0,0,0,1,2,1,3.9684,6,1,1
http://netflix-secure.752a97.cf/unlock,38,24,7,2,1,0,3,0,0,0,0,5,0,0.13157894736842105,1,0,0,0,0,1,2,1,4.4316,7,1,1
https://www.whatsapp.com/products/login/dashboard?page=kls1qcwq,63,16,25,2,0,0,5,1,1,0,0,1,0,0.015873015873015872,1,0,1,0,0,1,1,0,4.4168,9,0,0
https://www.mozilla.org/profile/about?category=hmb,50,15,14,2,0,0,4,1,1,0,0,0,0,0.0,1,0,1,0,0,0,0,0,4.3913,8,0,0
https://nvidia.com/docs/news/profile,36,10,18,1,0,0,5,0,0,0,0,0,0,0.0,0,0,1,0,0,0,0,0,4.1179,7,0,0
http://icloud-update-kb74.party/services,40,24,9,1,2,0,3,0,0,0,0,2,0,0.05,0,0,0,0,0,1,1,1,4.3653,8,1,1
https://www.slack.com/?id=qh7m35ix,34,13,1,2,0,0,3,1,1,0,0,3,0,0.08823529411764706,1,0,1,0,0,0,0,0,4.396,8,0,0
https://hsbc.com/support/checkout/about?page=jgbvyow,52,8,23,1,0,0,5,1,1,0,0,0,0,0.0,0,0,1,0,0,0,0,0,4.2418,8,0,0
http://unlock-wvapf.gq/qfxew8af,31,15,9,1,1,0,3,0,0,0,0,1,0,0.03225806451612903,0,0,0,0,0,1,1,0,4.3248,8,1,1
http://96hhwmf1gzvg042mz8m6xh.microsoft.igx1pz.ml/authenticate,62,42,13,3,0,0,3,0,0,0,0,9,0,0.14516129032258066,2,0,0,0,0,1,1,1,4.6558,22,1,1
https://bankofamerica.com/about/products?sort=d78&lang=z8cv,59,17,15,1,0,0,4,1,2,0,1,3,0,0.05084745762711865,0,0,1,0,0,1,1,0,4.5888,13,0,0
http://suspend-59odm.zip/8v0dbnsg,33,17,9,1,1,0,3,0,0,0,0,4,0,0.12121212121212122,0,0,0,0,0,1,1,0,4.3468,8,1,1
http://1p98snlc1tlw78f6m1.office365.dalpb0.cricket/unlock,57,43,7,3,0,0,3,0,0,0,0,12,0,0.21052631578947367,2,0,0,0,0,1,1,1,4.6858,18,1,1
http://bankofamerica-unlock.bqt0d9.party/validate,49,33,9,2,1,0,3,0,0,0,0,2,0,0.04081632653061224,1,0,0,0,0,1,3,1,4.4744,13,1,1
https://digitalocean.com/blog/cart/search,41,16,17,1,0,0,5,0,0,0,0,0,0,0.0,0,0,1,0,0,0,0,0,4.0316,12,0,0
https://www.quora.com/about/about/docs,38,13,17,2,0,0,5,0,0,0,0,0,0,0.0,1,0,1,0,0,0,0,0,3.8405,5,0,0
http://verify-signin-alert-fbch.kim/orders?redirect=njxenruu8u&token=hibwitubxts0,81,28,7,1,3,0,3,1,2,0,1,2,0,0.024691358024691357,0,0,0,0,0,1,3,0,4.661,12,1,1
https://ieee.org/checkout/news/home?id=hcpztc6,46,8,19,1,0,0,5,1,1,0,0,1,0,0.021739130434782608,0,0,1,0,0,0,0,0,4.1785,8,0,0
https://hp.com/login/login,26,6,12,1,0,0,4,0,0,0,0,0,0,0.0,0,0,1,0,0,1,1,0,3.6714,5,0,0
https://www.instagram.com/profile/account/dashboard?category=x6rzcm,67,17,26,2,0,0,5,1,1,0,0,1,0,0.014925373134328358,1,0,1,0,0,1,1,0,4.5165,9,0,0
https://www.amd.com/orders,26,11,7,2,0,0,3,0,0,0,0,0,0,0.0,1,0,1,0,0,0,0,0,3.7962,6,0,0
https://nature.com/?category=kgjz,33,10,1,1,0,0,3,1,1,0,0,0,0,0.0,0,0,1,0,0,0,0,0,4.2942,8,0,0
https://www.telegram.org/profile/login/dashboard,48,16,24,2,0,0,5,0,0,0,0,0,0,0.0,1,0,1,0,0,1,1,0,4.1654,9,0,0
https://udemy.com/home,22,9,5,1,0,0,3,0,0,0,0,0,0,0.0,0,0,1,0,0,0,0,0,3.6635,5,0,0
http://29kjpq8seutlpf4g9h.amazon.0y05ml.zip/confirm,51,36,8,3,0,0,3,0,0,0,0,8,0,0.1568627450980392,2,0,0,0,0,1,1,1,4.7505,18,1,1
https://notion.so/blog/home/search?utm_source=3q,48,9,17,1,0,1,5,1,1,0,0,1,0,0.020833333333333332,0,0,1,0,0,0,0,0,4.2802,6,0,0
http://goo.gl/oyhdowm,21,6,8,1,0,0,3,0,0,0,0,0,0,0.0,0,0,0,0,1,0,0,0,3.4992,7,0,1
https://204.111.178.207/security/quho1d,39,15,16,3,0,0,4,0,0,0,0,13,0,0.3333333333333333,2,1,1,0,0,1,1,0,4.2311,8,0,1
http://facebook.com@facebook.com-2to1k.loan/validate,52,23,9,2,1,0,3,0,0,1,0,2,0,0.038461538461538464,1,0,0,0,0,1,1,1,4.1883,12,1,1
http://42.232.247.201/login/6a4rya,34,14,13,3,0,0,4,0,0,0,0,13,0,0.38235294117647056,2,1,0,0,0,1,1,0,4.1134,6,0,1
https://www.spotify.com/checkout?sort=b01q&id=57a,49,15,9,2,0,0,3,1,2,0,1,4,0,0.08163265306122448,1,0,1,0,0,0,0,0,4.6223,8,0,0
http://verify-to5a7.click/26bhyz1o,34,18,9,1,1,0,3,0,0,0,0,5,0,0.14705882352941177,0,0,0,0,0,1,2,0,4.5136,8,1,1
https://www.digitalocean.com/orders?id=6ya&id=1eiwu,51,20,7,2,0,0,3,1,2,0,1,2,0,0.0392156862745098,1,0,1,0,0,0,0,0,4.4688,12,0,0
https://www.nytimes.com/services,32,15,9,2,0,0,3,0,0,0,0,0,0,0.0,1,0,1,0,0,0,0,0,3.9056,8,0,0
https://stackoverflow.com/?id=y4u&q=89,38,17,1,1,0,0,3,1,2,0,1,3,0,0.07894736842105263,0,0,1,0,0,0,0,0,4.7146,13,0,0
http://update-secure-confirm-shez.cf/news?redirect=4s210u8ulv&token=1j308ipuv58o,80,29,5,1,3,0,3,1,2,0,1,11,0,0.1375,0,0,0,0,0,1,3,0,4.8406,12,1,1
http://amazon-login-cdk9.review/news,36,24,5,1,2,0,3,0,0,0,0,1,0,0.027777777777777776,0,0,0,0,0,1,1,1,4.4404,6,1,1
http://office365.com@office365.com-k7zxw.link/verify,52,24,7,2,1,0,3,0,0,1,0,7,0,0.1346153846153846,1,0,0,0,0,1,1,1,4.5105,13,1,1
http://recover-wallet-update-jc7i.loan/settings?redirect=he17o7pnud&token=53qe5eeazvw7,86,31,9,1,3,0,3,1,2,0,1,8,0,0.09302325581395349,0,0,0,0,0,1,3,0,4.632,12,1,1
https://www.dell.com/home/cart/checkout?category=x8ert&sort=rs7gu0,66,12,19,2,0,0,5,1,2,0,1,3,0,0.045454545454545456,1,0,1,0,0,0,0,0,4.4389,8,0,0
http://amazon-update.3mwg24.review/recover,42,27,8,2,1,0,3,0,0,0,0,3,0,0.07142857142857142,1,0,0,0,0,1,2,1,4.3773,7,1,1
https://oracle.com/search?id=kpux,33,10,7,1,0,0,3,1,1,0,0,0,0,0.0,0,0,1,0,0,0,0,0,4.2714,6,0,0
https://cisco.com/account?page=vb71g&lang=u8,44,9,8,1,0,0,3,1,2,0,1,3,0,0.06818181818181818,0,0,1,0,0,1,1,0,4.428,7,0,0
http://outlook-signin-b3js.link/support,39,24,8,1,2,0,3,0,0,0,0,1,0,0.02564102564102564,0,0,0,0,0,1,1,1,4.0604,7,1,1
http://x1jmh6t4u7s0kdy.apple.8lwkhr.kim/signin,46,32,7,3,0,0,3,0,0,0,0,6,0,0.13043478260869565,2,0,0,0,0,1,1,1,4.6261,15,1,1
https://python.org/settings/dashboard/contact?sort=u6nj2n2,58,10,27,1,0,0,5,1,1,0,0,3,0,0.05172413793103448,0,0,1,0,0,0,0,0,4.2252,9,0,0
https://www.bankofamerica.com/?page=5b,38,21,1,2,0,0,3,1,1,0,0,1,0,0.02631578947368421,1,0,1,0,0,1,1,0,4.3661,13,0,0
https://steam.com/news?sort=i4&ref=rzs,38,9,5,1,0,0,3,1,2,0,1,1,0,0.02631578947368421,0,0,1,0,0,0,0,0,4.1986,5,0,0
http://bankofamerica.com@bankofamerica.com-9j3mv.work/authenticate,66,28,13,2,1,0,3,0,0,1,0,2,0,0.030303030303030304,1,0,0,0,0,1,2,1,4.3328,17,1,1
http://security-verify-signin-ily7.gq/login?redirect=1rwhpmpcem&token=8ml7k7gopmyu,82,30,6,1,3,0,3,1,2,0,1,5,0,0.06097560975609756,0,0,0,0,0,1,4,0,4.6879,12,1,1
http://lowqdwol61va2j2buzrakmxe8.chase.qbt0nu.ml/recover,56,41,8,3,0,0,3,0,0,0,0,6,0,0.10714285714285714,2,0,0,0,0,1,1,1,4.7487,25,1,1
http://facebook.com@facebook.com-8bwtb.party/wallet,51,24,7,2,1,0,3,0,0,1,0,1,0,0.0196078431372549,1,0,0,0,0,1,1,1,4.1551,12,1,1
https://airbnb.com/news,23,10,5,1,0,0,3,0,0,0,0,0,0,0.0,0,0,1,0,0,0,0,0,3.969,6,0,0
http://wallet-tj82i.link/4mh7lky5,33,17,9,1,1,0,3,0,0,0,0,5,0,0.15151515151515152,0,0,0,0,0,1,1,0,4.2336,8,1,1
https://www.bing.com/settings/news/contact,42,12,22,2,0,0,5,0,0,0,0,0,0,0.0,1,0,1,0,0,0,0,0,3.8239,8,0,0
https://www.airbnb.com/api,26,14,4,2,0,0,3,0,0,0,0,0,0,0.0,1,0,1,0,0,0,0,0,3.8731,6,0,0
http://77284jc755ots42kqcfch.office365.ao73ku.cf/login,54,41,6,3,0,0,3,0,0,0,0,15,0,0.2777777777777778,2,0,0,0,0,1,1,1,4.521,21,1,1
https://airbnb.com,18,10,0,1,0,0,2,0,0,0,0,0,0,0.0,0,0,1,0,0,0,0,0,3.8366,6,0,0
https://www.twitter.com/?utm_source=q8&utm_source=5a5x,54,15,1,2,0,2,3,1,2,0,1,3,0,0.05555555555555555,1,0,1,0,0,0,0,0,4.3302,7,0,0
https://www.expedia.com/docs/search/docs,40,15,17,2,0,0,5,0,0,0,0,0,0,0.0,1,0,1,0,0,0,0,0,3.9062,7,0,0
http://is.gd/7y8xltn,20,5,8,1,0,0,3,0,0,0,0,2,0,0.1,0,0,0,0,1,0,0,0,3.8464,7,0,1
http://verify-esfkv.cricket/ivwackln,36,20,9,1,1,0,3,0,0,0,0,0,0,0.0,0,0,0,0,0,1,1,0,4.1343,8,1,1
https://64.246.220.137/login/49lxle,35,14,13,3,0,0,4,0,0,0,0,13,0,0.37142857142857144,2,1,1,0,0,1,1,0,4.243,6,0,1
http://security-validate-recover-t4up.click/profile?redirect=zf4lur02ty&token=axy2nz5x51o0,90,36,8,1,3,0,3,1,2,0,1,9,0,0.1,0,0,0,0,0,1,4,0,4.7207,12,1,1
https://www.python.org/contact,30,14,8,2,0,0,3,0,0,0,0,0,0,0.0,1,0,1,0,0,0,0,0,3.7111,7,0,0
http://password-verify-login-5hdp.loan/orders?redirect=so1f15mr0v&token=lkbcus2e6xdm,84,31,7,1,3,0,3,1,2,0,1,7,0,0.08333333333333333,0,0,0,0,0,1,3,0,4.8397,12,1,1
https://mozilla.org/services?ref=7h10kyh,40,11,9,1,0,0,3,1,1,0,0,3,0,0.075,0,0,1,0,0,0,0,0,4.5276,8,0,0
https://usa.gov/login/home/about,32,7,17,1,0,0,5,0,0,0,0,0,0,0.0,0,0,1,0,0,1,1,0,3.9261,5,0,0
http://28f7k5mtvge3yn3scsbll.wellsfargo.wnak2h.work/suspend,59,44,8,3,0,0,3,0,0,0,0,7,0,0.11864406779661017,2,0,0,0,0,1,1,1,4.6811,21,1,1
http://whatsapp-account-sk0n.tk/help,36,24,5,1,2,0,3,0,0,0,0,1,0,0.027777777777777776,0,0,0,0,0,1,1,1,3.9512,8,1,1
http://2.235.132.51/suspend/qycyw5,34,12,15,3,0,0,4,0,0,0,0,10,0,0.29411764705882354,2,1,0,0,0,1,1,0,4.0797,7,0,1
https://www.grubhub.com/settings/cart?page=1bl,46,15,14,2,0,0,4,1,1,0,0,1,0,0.021739130434782608,1,0,1,0,0,0,0,0,4.336,8,0,0
https://www.netflix.com/blog,28,15,5,2,0,0,3,0,0,0,0,0,0,0.0,1,0,1,0,0,0,0,0,4.0836,7,0,0
http://unlock-nrv4e.ml/aku4nc0i,31,15,9,1,1,0,3,0,0,0,0,3,0,0.0967741935483871,0,0,0,0,0,1,1,0,4.2603,8,1,1
https://www.notion.so/news,26,13,5,2,0,0,3,0,0,0,0,0,0,0.0,1,0,1,0,0,0,0,0,3.4014,6,0,0
https://bankofamerica.com/signup/help?id=n8siw,46,17,12,1,0,0,4,1,1,0,0,1,0,0.021739130434782608,0,0,1,0,0,1,1,0,4.5014,13,0,0
https://www.kubernetes.io/news,30,17,5,2,0,0,3,0,0,0,0,0,0,0.0,1,0,1,0,0,0,0,0,3.7647,10,0,0
https://cisco.com/settings/checkout,35,9,18,1,0,0,4,0,0,0,0,0,0,0.0,0,0,1,0,0,0,0,0,3.7014,8,0,0
https://www.harvard.edu,23,15,0,2,0,0,2,0,0,0,0,0,0,0.0,1,0,1,0,0,0,0,0,3.7081,7,0,0
http://hyl77vlqu017wtp0kzup.wellsfargo.nei5zr.review/validate,61,45,9,3,0,0,3,0,0,0,0,7,0,0.11475409836065574,2,0,0,0,0,1,1,1,4.5863,20,1,1
https://nature.com/blog/login/dashboard,39,10,21,1,0,0,5,0,0,0,0,0,0,0.0,0,0,1,0,0,1,1,0,4.1285,9,0,0
http://70.39.39.230/billing/8ocvf3,34,12,15,3,0,0,4,0,0,0,0,11,0,0.3235294117647059,2,1,0,0,0,1,1,0,4.1829,7,0,1
http://is.gd/l0no8ol,20,5,8,1,0,0,3,0,0,0,0,2,0,0.1,0,0,0,0,1,0,0,0,3.7842,7,0,1
http://recover-account-verify-u1ia.top/products?redirect=zl4kklrizn&token=xxvi1rdp1f84,86,31,9,1,3,0,3,1,2,0,1,6,0,0.06976744186046512,0,0,0,0,0,1,3,0,4.6352,12,1,1
https://www.expedia.com/about/about/docs?sort=7e104,51,15,17,2,0,0,5,1,1,0,0,4,0,0.0784313725490196,1,0,1,0,0,0,0,0,4.3813,7,0,0
https://www.cnn.com/news/help?sort=u02w,39,11,10,2,0,0,4,1,1,0,0,2,0,0.05128205128205128,1,0,1,0,0,0,0,0,4.1091,5,0,0
http://49.58.253.7/authenticate/ojdux3,38,11,20,3,0,0,4,0,0,0,0,9,0,0.23684210526315788,2,1,0,0,0,1,1,0,4.291,12,0,1
http://l7vjuz5pfbce5z3ztds7xs.paypal.v18f6f.link/alert,54,41,6,3,0,0,3,0,0,0,0,8,0,0.14814814814814814,2,0,0,0,0,1,1,1,4.685,22,1,1
https://forbes.com/services/help,32,10,14,1,0,0,4,0,0,0,0,0,0,0.0,0,0,1,0,0,0,0,0,3.875,8,0,0
https://khanacademy.org/orders/search/settings?category=rvwy3,61,15,23,1,0,0,5,1,1,0,0,1,0,0.01639344262295082,0,0,1,0,0,0,0,0,4.2696,11,0,0
https://52.5.72.251/billing/incu2l,34,11,15,3,0,0,4,0,0,0,0,9,0,0.2647058823529412,2,1,1,0,0,1,1,0,3.9398,7,0,1
https://docker.com,18,10,0,1,0,0,2,0,0,0,0,0,0,0.0,0,0,1,0,0,0,0,0,3.7255,6,0,0
https://www.netflix.com/login/login/checkout,44,15,21,2,0,0,5,0,0,0,0,0,0,0.0,1,0,1,0,0,1,1,0,4.1098,8,0,0
http://goo.gl/7xjjw8b,21,6,8,1,0,0,3,0,0,0,0,2,0,0.09523809523809523,0,0,0,0,1,0,0,0,3.7849,7,0,1
https://target.com,18,10,0,1,0,0,2,0,0,0,0,0,0,0.0,0,0,1,0,0,0,0,0,3.6144,6,0,0
https://medium.com,18,10,0,1,0,0,2,0,0,0,0,0,0,0.0,0,0,1,0,0,0,0,0,3.6835,6,0,0
https://14.118.51.72/signin/711uzq,34,12,14,3,0,0,4,0,0,0,0,12,0,0.35294117647058826,2,1,1,0,0,1,1,0,3.962,6,0,1
http://whatsapp-account.g4pdfc.link/unlock,42,28,7,2,1,0,3,0,0,0,0,1,0,0.023809523809523808,1,0,0,0,0,1,2,1,4.1955,8,1,1
https://www.zoom.us/home/news/cart,34,11,15,2,0,0,5,0,0,0,0,0,0,0.0,1,0,1,0,0,0,0,0,3.8559,5,0,0
https://www.un.org,18,10,0,2,0,0,2,0,0,0,0,0,0,0.0,1,0,1,0,0,0,0,0,3.5724,5,0,0
https://citibank.com/search/contact?utm_source=791,50,12,15,1,0,1,4,1,1,0,0,3,0,0.06,0,0,1,0,0,1,1,0,4.2982,8,0,0
https://digitalocean.com/docs/support/orders,44,16,20,1,0,0,5,0,0,0,0,0,0,0.0,0,0,1,0,0,0,0,0,3.9995,12,0,0
http://secure-suspend-unlock-lq1b.work/docs?redirect=d6sv8flocv&token=s96ycxneam5c,82,31,5,1,3,0,3,1,2,0,1,6,0,0.07317073170731707,0,0,0,0,0,1,3,0,4.7698,12,1,1
http://secure-pmkrq.cricket/o98bujds,36,20,9,1,1,0,3,0,0,0,0,2,0,0.05555555555555555,0,0,0,0,0,1,1,0,4.2873,8,1,1
https://www.ebay.com,20,12,0,2,0,0,2,0,0,0,0,0,0,0.0,1,0,1,0,0,0,0,0,3.7842,5,0,0
http://urgent-8lbds.gq/0raghke7,31,15,9,1,1,0,3,0,0,0,0,3,0,0.0967741935483871,0,0,0,0,0,1,1,0,4.3005,8,1,1
https://python.org/orders/help?ref=1iy,38,10,12,1,0,0,4,1,1,0,0,1,0,0.02631578947368421,0,0,1,0,0,0,0,0,4.096,6,0,0
https://www.apple.com/contact/signup/home,41,13,20,2,0,0,5,0,0,0,0,0,0,0.0,1,0,1,0,0,0,0,0,3.9948,7,0,0
http://bankofamerica-wallet-g2zs.ml/signup,42,28,7,1,2,0,3,0,0,0,0,1,0,0.023809523809523808,0,0,0,0,0,1,2,1,4.4813,13,1,1
http://m73d9i4bivpidooobho.icloud.68ma1j.tk/urgent,50,36,7,3,0,0,3,0,0,0,0,7,0,0.14,2,0,0,0,0,1,1,1,4.6064,19,1,1
